DEBUG 2026-09-03 09:47:00 d_metavar.py:22 Metavar for type None: None
DEBUG 2026-09-03 09:47:00 formatter.py:52 action type: None, Result: , nargs: 0, default metavar: None
DEBUG 2026-09-03 09:47:00 d_metavar.py:22 Metavar for type <class 'str'>: str
DEBUG 2026-09-03 09:47:00 formatter.py:52 action type: <class 'str'>, Result: str, nargs: None, default metavar: None
DEBUG 2026-09-03 09:47:00 _wrapper.py:168 wrapped field at host has a default value of localhost
DEBUG 2026-09-03 09:47:00 _wrapper.py:168 wrapped field at port has a default value of 8080
DEBUG 2026-09-03 09:47:00 _wrapper.py:168 wrapped field at fps has a default value of 30
DEBUG 2026-09-03 09:47:00 _wrapper.py:168 wrapped field at inference_latency has a default value of 0.03333333333333333
DEBUG 2026-09-03 09:47:00 _wrapper.py:168 wrapped field at obs_queue_timeout has a default value of 2
DEBUG 2026-09-03 09:47:00 _wrapper.py:309 Arg options for field 'host': {'required': False, 'dest': 'host', 'default': 'localhost', 'help': 'Networking configuration', 'type': <class 'str'>}
DEBUG 2026-09-03 09:47:00 _wrapper.py:309 Arg options for field 'port': {'required': False, 'dest': 'port', 'default': 8080, 'help': ' ', 'type': <class 'int'>}
DEBUG 2026-09-03 09:47:00 _wrapper.py:309 Arg options for field 'fps': {'required': False, 'dest': 'fps', 'default': 30, 'help': 'Timing configuration', 'type': <class 'int'>}
DEBUG 2026-09-03 09:47:00 ocstring.py:253 Warning: Unable to parse attribute docstring:         default=DEFAULT_INFERENCE_LATENCY, metadata={"help": "Target inference latency in seconds"}
DEBUG 2026-09-03 09:47:00 _wrapper.py:309 Arg options for field 'inference_latency': {'required': False, 'dest': 'inference_latency', 'default': 0.03333333333333333, 'help': ' ', 'type': <class 'float'>}
DEBUG 2026-09-03 09:47:00 ocstring.py:253 Warning: Unable to parse attribute docstring:         default=DEFAULT_OBS_QUEUE_TIMEOUT, metadata={"help": "Timeout for observation queue in seconds"}
DEBUG 2026-09-03 09:47:00 _wrapper.py:309 Arg options for field 'obs_queue_timeout': {'required': False, 'dest': 'obs_queue_timeout', 'default': 2, 'help': '\n', 'type': <class 'float'>}
DEBUG 2026-09-03 09:47:00 gparsing.py:143 
POST PROCESSING

DEBUG 2026-09-03 09:47:00 gparsing.py:144 (raw) parsed args: Namespace(host='0.0.0.0', port='8080')
DEBUG 2026-09-03 09:47:00 decoding.py:112 from_dict for <class 'lerobot.async_inference.configs.PolicyServerConfig'>
DEBUG 2026-09-03 09:47:00 decoding.py:132 Decode name = host, type = <class 'str'>
DEBUG 2026-09-03 09:47:00 decoding.py:132 Decode name = port, type = <class 'int'>
INFO 2026-09-03 09:47:00 y_server.py:420 {'fps': 30,
 'host': '0.0.0.0',
 'inference_latency': 0.03333333333333333,
 'obs_queue_timeout': 2,
 'port': 8080}
INFO 2026-09-03 09:47:00 y_server.py:430 PolicyServer started on 0.0.0.0:8080
INFO 2026-09-03 09:47:55 y_server.py:110 Client ipv4:192.168.100.50:43068 connected and ready
INFO 2026-09-03 09:47:55 y_server.py:136 Receiving policy instructions from ipv4:192.168.100.50:43068 | Policy type: pi0 | Pretrained name or path: /home/seed/learning_outputs/pi0_seed_noid_pipeline_test/checkpoints/last/pretrained_model | Actions per chunk: 50 | Device: cuda
DEBUG 2026-09-03 09:47:55 d_metavar.py:22 Metavar for type None: None
DEBUG 2026-09-03 09:47:55 formatter.py:52 action type: None, Result: , nargs: 0, default metavar: None
DEBUG 2026-09-03 09:47:55 d_metavar.py:22 Metavar for type <class 'str'>: str
DEBUG 2026-09-03 09:47:55 formatter.py:52 action type: <class 'str'>, Result: str, nargs: None, default metavar: None
DEBUG 2026-09-03 09:47:55 _wrapper.py:168 wrapped field at n_obs_steps has a default value of 1
DEBUG 2026-09-03 09:47:55 _wrapper.py:201 wrapped field at input_features has a default value of {}
DEBUG 2026-09-03 09:47:55 _wrapper.py:201 wrapped field at output_features has a default value of {}
DEBUG 2026-09-03 09:47:55 _wrapper.py:201 wrapped field at device has a default value of None
DEBUG 2026-09-03 09:47:55 _wrapper.py:168 wrapped field at use_amp has a default value of False
DEBUG 2026-09-03 09:47:55 _wrapper.py:168 wrapped field at use_peft has a default value of False
DEBUG 2026-09-03 09:47:55 _wrapper.py:168 wrapped field at push_to_hub has a default value of True
DEBUG 2026-09-03 09:47:55 _wrapper.py:201 wrapped field at repo_id has a default value of None
DEBUG 2026-09-03 09:47:55 _wrapper.py:201 wrapped field at private has a default value of None
DEBUG 2026-09-03 09:47:55 _wrapper.py:201 wrapped field at tags has a default value of None
DEBUG 2026-09-03 09:47:55 _wrapper.py:201 wrapped field at license has a default value of None
DEBUG 2026-09-03 09:47:55 _wrapper.py:201 wrapped field at pretrained_path has a default value of None
DEBUG 2026-09-03 09:47:55 _wrapper.py:201 wrapped field at pretrained_revision has a default value of None
DEBUG 2026-09-03 09:47:55 ocstring.py:253 Warning: Unable to parse attribute docstring:             current step and additional steps going back).
DEBUG 2026-09-03 09:47:55 _wrapper.py:309 Arg options for field 'n_obs_steps': {'required': False, 'dest': 'n_obs_steps', 'default': 1, 'help': ' ', 'type': <class 'int'>}
DEBUG 2026-09-03 09:47:55 ocstring.py:253 Warning: Unable to parse attribute docstring:             the input data name, and the value is PolicyFeature, which consists of FeatureType and shape attributes.
DEBUG 2026-09-03 09:47:55 _wrapper.py:309 Arg options for field 'input_features': {'required': False, 'dest': 'input_features', 'default': {}, 'help': ' ', 'type': typing.Optional[typing.Dict[str, lerobot.configs.types.PolicyFeature]]}
DEBUG 2026-09-03 09:47:55 ocstring.py:253 Warning: Unable to parse attribute docstring:             the output data name, and the value is PolicyFeature, which consists of FeatureType and shape attributes.
DEBUG 2026-09-03 09:47:55 _wrapper.py:309 Arg options for field 'output_features': {'required': False, 'dest': 'output_features', 'default': {}, 'help': ' ', 'type': typing.Optional[typing.Dict[str, lerobot.configs.types.PolicyFeature]]}
DEBUG 2026-09-03 09:47:55 _wrapper.py:309 Arg options for field 'device': {'required': False, 'dest': 'device', 'default': None, 'help': 'e.g. "cuda", "cuda:0", "cpu", or "mps"', 'type': typing.Optional[str]}
DEBUG 2026-09-03 09:47:55 _wrapper.py:309 Arg options for field 'use_amp': {'required': False, 'dest': 'use_amp', 'default': False, 'help': '`use_amp` determines whether to use Automatic Mixed Precision (AMP) for training and evaluation. With AMP,\nautomatic gradient scaling is used.', 'type': <class 'bool'>}
DEBUG 2026-09-03 09:47:55 _wrapper.py:309 Arg options for field 'use_peft': {'required': False, 'dest': 'use_peft', 'default': False, 'help': 'Whether the policy employed PEFT for training.', 'type': <class 'bool'>}
DEBUG 2026-09-03 09:47:55 _wrapper.py:309 Arg options for field 'push_to_hub': {'required': False, 'dest': 'push_to_hub', 'default': True, 'help': 'type: ignore[assignment] # TODO: use a different name to avoid override', 'type': <class 'bool'>}
DEBUG 2026-09-03 09:47:55 _wrapper.py:309 Arg options for field 'repo_id': {'required': False, 'dest': 'repo_id', 'default': None, 'type': typing.Optional[str]}
DEBUG 2026-09-03 09:47:55 _wrapper.py:309 Arg options for field 'private': {'required': False, 'dest': 'private', 'default': None, 'help': 'Upload on private repository on the Hugging Face hub.', 'type': typing.Optional[bool]}
DEBUG 2026-09-03 09:47:55 _wrapper.py:309 Arg options for field 'tags': {'required': False, 'dest': 'tags', 'default': None, 'help': 'Add tags to your policy on the hub.', 'type': typing.Optional[typing.List[str]]}
DEBUG 2026-09-03 09:47:55 _wrapper.py:309 Arg options for field 'license': {'required': False, 'dest': 'license', 'default': None, 'help': 'Add tags to your policy on the hub.', 'type': typing.Optional[str]}
DEBUG 2026-09-03 09:47:55 _wrapper.py:309 Arg options for field 'pretrained_path': {'required': False, 'dest': 'pretrained_path', 'default': None, 'help': 'Either the repo ID of a model hosted on the Hub or a path to a directory containing weights\nsaved using `Policy.save_pretrained`. If not provided, the policy is initialized from scratch.', 'type': typing.Optional[pathlib.Path]}
DEBUG 2026-09-03 09:47:55 _wrapper.py:309 Arg options for field 'pretrained_revision': {'required': False, 'dest': 'pretrained_revision', 'default': None, 'help': 'Optional Hub revision (commit hash, branch, or tag) to pin the pretrained model version.', 'type': typing.Optional[str]}
DEBUG 2026-09-03 09:47:55 gparsing.py:143 
POST PROCESSING

DEBUG 2026-09-03 09:47:55 gparsing.py:144 (raw) parsed args: Namespace()
DEBUG 2026-09-03 09:47:55 decoding.py:112 from_dict for <class 'lerobot.policies.pi0.configuration_pi0.PI0Config'>
DEBUG 2026-09-03 09:47:55 decoding.py:132 Decode name = n_obs_steps, type = <class 'int'>
DEBUG 2026-09-03 09:47:55 decoding.py:132 Decode name = input_features, type = typing.Optional[dict[str, lerobot.configs.types.PolicyFeature]]
DEBUG 2026-09-03 09:47:55 decoding.py:293 Decoding a Union field: typing.Optional[dict[str, lerobot.configs.types.PolicyFeature]]
DEBUG 2026-09-03 09:47:55 decoding.py:261 Decoding a Dict field: dict[str, lerobot.configs.types.PolicyFeature]
DEBUG 2026-09-03 09:47:55 decoding.py:112 from_dict for <class 'lerobot.configs.types.PolicyFeature'>
DEBUG 2026-09-03 09:47:55 decoding.py:132 Decode name = type, type = <enum 'FeatureType'>
DEBUG 2026-09-03 09:47:55 decoding.py:132 Decode name = shape, type = tuple[int, ...]
DEBUG 2026-09-03 09:47:55 decoding.py:275 Decoding a Tuple field: tuple[int, ...]
DEBUG 2026-09-03 09:47:55 decoding.py:112 from_dict for <class 'lerobot.configs.types.PolicyFeature'>
DEBUG 2026-09-03 09:47:55 decoding.py:132 Decode name = type, type = <enum 'FeatureType'>
DEBUG 2026-09-03 09:47:55 decoding.py:132 Decode name = shape, type = tuple[int, ...]
DEBUG 2026-09-03 09:47:55 decoding.py:112 from_dict for <class 'lerobot.configs.types.PolicyFeature'>
DEBUG 2026-09-03 09:47:55 decoding.py:132 Decode name = type, type = <enum 'FeatureType'>
DEBUG 2026-09-03 09:47:55 decoding.py:132 Decode name = shape, type = tuple[int, ...]
DEBUG 2026-09-03 09:47:55 decoding.py:112 from_dict for <class 'lerobot.configs.types.PolicyFeature'>
DEBUG 2026-09-03 09:47:55 decoding.py:132 Decode name = type, type = <enum 'FeatureType'>
DEBUG 2026-09-03 09:47:55 decoding.py:132 Decode name = shape, type = tuple[int, ...]
DEBUG 2026-09-03 09:47:55 decoding.py:132 Decode name = output_features, type = typing.Optional[dict[str, lerobot.configs.types.PolicyFeature]]
DEBUG 2026-09-03 09:47:55 decoding.py:112 from_dict for <class 'lerobot.configs.types.PolicyFeature'>
DEBUG 2026-09-03 09:47:55 decoding.py:132 Decode name = type, type = <enum 'FeatureType'>
DEBUG 2026-09-03 09:47:55 decoding.py:132 Decode name = shape, type = tuple[int, ...]
DEBUG 2026-09-03 09:47:55 decoding.py:132 Decode name = device, type = typing.Optional[str]
DEBUG 2026-09-03 09:47:55 decoding.py:293 Decoding a Union field: typing.Optional[str]
DEBUG 2026-09-03 09:47:55 decoding.py:132 Decode name = use_amp, type = <class 'bool'>
DEBUG 2026-09-03 09:47:55 decoding.py:132 Decode name = use_peft, type = <class 'bool'>
DEBUG 2026-09-03 09:47:55 decoding.py:132 Decode name = push_to_hub, type = <class 'bool'>
DEBUG 2026-09-03 09:47:55 decoding.py:132 Decode name = repo_id, type = typing.Optional[str]
DEBUG 2026-09-03 09:47:55 decoding.py:132 Decode name = private, type = typing.Optional[bool]
DEBUG 2026-09-03 09:47:55 decoding.py:293 Decoding a Union field: typing.Optional[bool]
DEBUG 2026-09-03 09:47:55 decoding.py:132 Decode name = tags, type = typing.Optional[list[str]]
DEBUG 2026-09-03 09:47:55 decoding.py:293 Decoding a Union field: typing.Optional[list[str]]
DEBUG 2026-09-03 09:47:55 decoding.py:282 Decoding a List field: list[str]
DEBUG 2026-09-03 09:47:55 decoding.py:132 Decode name = license, type = typing.Optional[str]
DEBUG 2026-09-03 09:47:55 decoding.py:132 Decode name = pretrained_path, type = typing.Optional[pathlib.Path]
DEBUG 2026-09-03 09:47:55 decoding.py:293 Decoding a Union field: typing.Optional[pathlib.Path]
DEBUG 2026-09-03 09:47:55 decoding.py:132 Decode name = pretrained_revision, type = typing.Optional[str]
DEBUG 2026-09-03 09:47:55 decoding.py:132 Decode name = paligemma_variant, type = <class 'str'>
DEBUG 2026-09-03 09:47:55 decoding.py:132 Decode name = action_expert_variant, type = <class 'str'>
DEBUG 2026-09-03 09:47:55 decoding.py:132 Decode name = dtype, type = <class 'str'>
DEBUG 2026-09-03 09:47:55 decoding.py:132 Decode name = chunk_size, type = <class 'int'>
DEBUG 2026-09-03 09:47:55 decoding.py:132 Decode name = n_action_steps, type = <class 'int'>
DEBUG 2026-09-03 09:47:55 decoding.py:132 Decode name = max_state_dim, type = <class 'int'>
DEBUG 2026-09-03 09:47:55 decoding.py:132 Decode name = max_action_dim, type = <class 'int'>
DEBUG 2026-09-03 09:47:55 decoding.py:132 Decode name = num_inference_steps, type = <class 'int'>
DEBUG 2026-09-03 09:47:55 decoding.py:132 Decode name = time_sampling_beta_alpha, type = <class 'float'>
DEBUG 2026-09-03 09:47:55 decoding.py:132 Decode name = time_sampling_beta_beta, type = <class 'float'>
DEBUG 2026-09-03 09:47:55 decoding.py:132 Decode name = time_sampling_scale, type = <class 'float'>
DEBUG 2026-09-03 09:47:55 decoding.py:132 Decode name = time_sampling_offset, type = <class 'float'>
DEBUG 2026-09-03 09:47:55 decoding.py:132 Decode name = min_period, type = <class 'float'>
DEBUG 2026-09-03 09:47:55 decoding.py:132 Decode name = max_period, type = <class 'float'>
DEBUG 2026-09-03 09:47:55 decoding.py:132 Decode name = use_relative_actions, type = <class 'bool'>
DEBUG 2026-09-03 09:47:55 decoding.py:132 Decode name = relative_exclude_joints, type = list[str]
DEBUG 2026-09-03 09:47:55 decoding.py:132 Decode name = action_feature_names, type = typing.Optional[list[str]]
DEBUG 2026-09-03 09:47:55 decoding.py:132 Decode name = rtc_config, type = typing.Optional[lerobot.policies.rtc.configuration_rtc.RTCConfig]
DEBUG 2026-09-03 09:47:55 decoding.py:293 Decoding a Union field: typing.Optional[lerobot.policies.rtc.configuration_rtc.RTCConfig]
DEBUG 2026-09-03 09:47:55 decoding.py:132 Decode name = image_resolution, type = tuple[int, int]
DEBUG 2026-09-03 09:47:55 decoding.py:275 Decoding a Tuple field: tuple[int, int]
DEBUG 2026-09-03 09:47:55 decoding.py:132 Decode name = empty_cameras, type = <class 'int'>
DEBUG 2026-09-03 09:47:55 decoding.py:132 Decode name = normalization_mapping, type = dict[str, lerobot.configs.types.NormalizationMode]
DEBUG 2026-09-03 09:47:55 decoding.py:261 Decoding a Dict field: dict[str, lerobot.configs.types.NormalizationMode]
DEBUG 2026-09-03 09:47:55 decoding.py:132 Decode name = gradient_checkpointing, type = <class 'bool'>
DEBUG 2026-09-03 09:47:55 decoding.py:132 Decode name = compile_model, type = <class 'bool'>
DEBUG 2026-09-03 09:47:55 decoding.py:132 Decode name = compile_mode, type = <class 'str'>
DEBUG 2026-09-03 09:47:55 decoding.py:132 Decode name = freeze_vision_encoder, type = <class 'bool'>
DEBUG 2026-09-03 09:47:55 decoding.py:132 Decode name = train_expert_only, type = <class 'bool'>
DEBUG 2026-09-03 09:47:55 decoding.py:132 Decode name = optimizer_lr, type = <class 'float'>
DEBUG 2026-09-03 09:47:55 decoding.py:132 Decode name = optimizer_betas, type = tuple[float, float]
DEBUG 2026-09-03 09:47:55 decoding.py:275 Decoding a Tuple field: tuple[float, float]
DEBUG 2026-09-03 09:47:55 decoding.py:132 Decode name = optimizer_eps, type = <class 'float'>
DEBUG 2026-09-03 09:47:55 decoding.py:132 Decode name = optimizer_weight_decay, type = <class 'float'>
DEBUG 2026-09-03 09:47:55 decoding.py:132 Decode name = optimizer_grad_clip_norm, type = <class 'float'>
DEBUG 2026-09-03 09:47:55 decoding.py:132 Decode name = scheduler_warmup_steps, type = <class 'int'>
DEBUG 2026-09-03 09:47:55 decoding.py:132 Decode name = scheduler_decay_steps, type = <class 'int'>
DEBUG 2026-09-03 09:47:55 decoding.py:132 Decode name = scheduler_decay_lr, type = <class 'float'>
DEBUG 2026-09-03 09:47:55 decoding.py:132 Decode name = tokenizer_max_length, type = <class 'int'>
DEBUG 2026-09-03 09:47:55 d_metavar.py:22 Metavar for type None: None
DEBUG 2026-09-03 09:47:55 formatter.py:52 action type: None, Result: , nargs: 0, default metavar: None
DEBUG 2026-09-03 09:47:55 d_metavar.py:22 Metavar for type <class 'str'>: str
DEBUG 2026-09-03 09:47:55 formatter.py:52 action type: <class 'str'>, Result: str, nargs: None, default metavar: None
DEBUG 2026-09-03 09:47:55 _wrapper.py:168 wrapped field at n_obs_steps has a default value of 1
DEBUG 2026-09-03 09:47:55 _wrapper.py:201 wrapped field at input_features has a default value of {}
DEBUG 2026-09-03 09:47:55 _wrapper.py:201 wrapped field at output_features has a default value of {}
DEBUG 2026-09-03 09:47:55 _wrapper.py:201 wrapped field at device has a default value of None
DEBUG 2026-09-03 09:47:55 _wrapper.py:168 wrapped field at use_amp has a default value of False
DEBUG 2026-09-03 09:47:55 _wrapper.py:168 wrapped field at use_peft has a default value of False
DEBUG 2026-09-03 09:47:55 _wrapper.py:168 wrapped field at push_to_hub has a default value of True
DEBUG 2026-09-03 09:47:55 _wrapper.py:201 wrapped field at repo_id has a default value of None
DEBUG 2026-09-03 09:47:55 _wrapper.py:201 wrapped field at private has a default value of None
DEBUG 2026-09-03 09:47:55 _wrapper.py:201 wrapped field at tags has a default value of None
DEBUG 2026-09-03 09:47:55 _wrapper.py:201 wrapped field at license has a default value of None
DEBUG 2026-09-03 09:47:55 _wrapper.py:201 wrapped field at pretrained_path has a default value of None
DEBUG 2026-09-03 09:47:55 _wrapper.py:201 wrapped field at pretrained_revision has a default value of None
DEBUG 2026-09-03 09:47:55 _wrapper.py:168 wrapped field at paligemma_variant has a default value of gemma_2b
DEBUG 2026-09-03 09:47:55 _wrapper.py:168 wrapped field at action_expert_variant has a default value of gemma_300m
DEBUG 2026-09-03 09:47:55 _wrapper.py:168 wrapped field at dtype has a default value of float32
DEBUG 2026-09-03 09:47:55 _wrapper.py:168 wrapped field at chunk_size has a default value of 50
DEBUG 2026-09-03 09:47:55 _wrapper.py:168 wrapped field at n_action_steps has a default value of 50
DEBUG 2026-09-03 09:47:55 _wrapper.py:168 wrapped field at max_state_dim has a default value of 32
DEBUG 2026-09-03 09:47:55 _wrapper.py:168 wrapped field at max_action_dim has a default value of 32
DEBUG 2026-09-03 09:47:55 _wrapper.py:168 wrapped field at num_inference_steps has a default value of 10
DEBUG 2026-09-03 09:47:55 _wrapper.py:168 wrapped field at time_sampling_beta_alpha has a default value of 1.5
DEBUG 2026-09-03 09:47:55 _wrapper.py:168 wrapped field at time_sampling_beta_beta has a default value of 1.0
DEBUG 2026-09-03 09:47:55 _wrapper.py:168 wrapped field at time_sampling_scale has a default value of 0.999
DEBUG 2026-09-03 09:47:55 _wrapper.py:168 wrapped field at time_sampling_offset has a default value of 0.001
DEBUG 2026-09-03 09:47:55 _wrapper.py:168 wrapped field at min_period has a default value of 0.004
DEBUG 2026-09-03 09:47:55 _wrapper.py:168 wrapped field at max_period has a default value of 4.0
DEBUG 2026-09-03 09:47:55 _wrapper.py:168 wrapped field at use_relative_actions has a default value of False
DEBUG 2026-09-03 09:47:55 _wrapper.py:201 wrapped field at relative_exclude_joints has a default value of ['gripper']
DEBUG 2026-09-03 09:47:55 _wrapper.py:201 wrapped field at action_feature_names has a default value of None
DEBUG 2026-09-03 09:47:55 _wrapper.py:201 wrapped field at image_resolution has a default value of (224, 224)
DEBUG 2026-09-03 09:47:55 _wrapper.py:168 wrapped field at empty_cameras has a default value of 0
DEBUG 2026-09-03 09:47:55 _wrapper.py:201 wrapped field at normalization_mapping has a default value of {'VISUAL': <NormalizationMode.IDENTITY: 'IDENTITY'>, 'STATE': <NormalizationMode.MEAN_STD: 'MEAN_STD'>, 'ACTION': <NormalizationMode.MEAN_STD: 'MEAN_STD'>}
DEBUG 2026-09-03 09:47:55 _wrapper.py:168 wrapped field at gradient_checkpointing has a default value of False
DEBUG 2026-09-03 09:47:55 _wrapper.py:168 wrapped field at compile_model has a default value of False
DEBUG 2026-09-03 09:47:55 _wrapper.py:168 wrapped field at compile_mode has a default value of max-autotune
DEBUG 2026-09-03 09:47:55 _wrapper.py:168 wrapped field at freeze_vision_encoder has a default value of False
DEBUG 2026-09-03 09:47:55 _wrapper.py:168 wrapped field at train_expert_only has a default value of False
DEBUG 2026-09-03 09:47:55 _wrapper.py:168 wrapped field at optimizer_lr has a default value of 2.5e-05
DEBUG 2026-09-03 09:47:55 _wrapper.py:201 wrapped field at optimizer_betas has a default value of (0.9, 0.95)
DEBUG 2026-09-03 09:47:55 _wrapper.py:168 wrapped field at optimizer_eps has a default value of 1e-08
DEBUG 2026-09-03 09:47:55 _wrapper.py:168 wrapped field at optimizer_weight_decay has a default value of 0.01
DEBUG 2026-09-03 09:47:55 _wrapper.py:168 wrapped field at optimizer_grad_clip_norm has a default value of 1.0
DEBUG 2026-09-03 09:47:55 _wrapper.py:168 wrapped field at scheduler_warmup_steps has a default value of 1000
DEBUG 2026-09-03 09:47:55 _wrapper.py:168 wrapped field at scheduler_decay_steps has a default value of 30000
DEBUG 2026-09-03 09:47:55 _wrapper.py:168 wrapped field at scheduler_decay_lr has a default value of 2.5e-06
DEBUG 2026-09-03 09:47:55 _wrapper.py:168 wrapped field at tokenizer_max_length has a default value of 48
DEBUG 2026-09-03 09:47:55 _wrapper.py:309 Arg options for field 'n_obs_steps': {'required': False, 'dest': 'n_obs_steps', 'default': 1, 'help': ' ', 'type': <class 'int'>}
DEBUG 2026-09-03 09:47:55 ocstring.py:253 Warning: Unable to parse attribute docstring:             the input data name, and the value is PolicyFeature, which consists of FeatureType and shape attributes.
DEBUG 2026-09-03 09:47:55 _wrapper.py:309 Arg options for field 'input_features': {'required': False, 'dest': 'input_features', 'default': {}, 'help': ' ', 'type': typing.Optional[typing.Dict[str, lerobot.configs.types.PolicyFeature]]}
DEBUG 2026-09-03 09:47:55 ocstring.py:253 Warning: Unable to parse attribute docstring:             the output data name, and the value is PolicyFeature, which consists of FeatureType and shape attributes.
DEBUG 2026-09-03 09:47:55 _wrapper.py:309 Arg options for field 'output_features': {'required': False, 'dest': 'output_features', 'default': {}, 'help': ' ', 'type': typing.Optional[typing.Dict[str, lerobot.configs.types.PolicyFeature]]}
DEBUG 2026-09-03 09:47:55 _wrapper.py:309 Arg options for field 'device': {'required': False, 'dest': 'device', 'default': None, 'help': 'Device to use for the model (None = auto-detect)', 'type': typing.Optional[str]}
DEBUG 2026-09-03 09:47:55 _wrapper.py:309 Arg options for field 'use_amp': {'required': False, 'dest': 'use_amp', 'default': False, 'help': '`use_amp` determines whether to use Automatic Mixed Precision (AMP) for training and evaluation. With AMP,\nautomatic gradient scaling is used.', 'type': <class 'bool'>}
DEBUG 2026-09-03 09:47:55 _wrapper.py:309 Arg options for field 'use_peft': {'required': False, 'dest': 'use_peft', 'default': False, 'help': 'Whether the policy employed PEFT for training.', 'type': <class 'bool'>}
DEBUG 2026-09-03 09:47:55 _wrapper.py:309 Arg options for field 'push_to_hub': {'required': False, 'dest': 'push_to_hub', 'default': True, 'help': 'type: ignore[assignment] # TODO: use a different name to avoid override', 'type': <class 'bool'>}
DEBUG 2026-09-03 09:47:55 _wrapper.py:309 Arg options for field 'repo_id': {'required': False, 'dest': 'repo_id', 'default': None, 'type': typing.Optional[str]}
DEBUG 2026-09-03 09:47:55 _wrapper.py:309 Arg options for field 'private': {'required': False, 'dest': 'private', 'default': None, 'help': 'Upload on private repository on the Hugging Face hub.', 'type': typing.Optional[bool]}
DEBUG 2026-09-03 09:47:55 _wrapper.py:309 Arg options for field 'tags': {'required': False, 'dest': 'tags', 'default': None, 'help': 'Add tags to your policy on the hub.', 'type': typing.Optional[typing.List[str]]}
DEBUG 2026-09-03 09:47:55 _wrapper.py:309 Arg options for field 'license': {'required': False, 'dest': 'license', 'default': None, 'help': 'Add tags to your policy on the hub.', 'type': typing.Optional[str]}
DEBUG 2026-09-03 09:47:55 _wrapper.py:309 Arg options for field 'pretrained_path': {'required': False, 'dest': 'pretrained_path', 'default': None, 'help': 'Either the repo ID of a model hosted on the Hub or a path to a directory containing weights\nsaved using `Policy.save_pretrained`. If not provided, the policy is initialized from scratch.', 'type': typing.Optional[pathlib.Path]}
DEBUG 2026-09-03 09:47:55 _wrapper.py:309 Arg options for field 'pretrained_revision': {'required': False, 'dest': 'pretrained_revision', 'default': None, 'help': 'Optional Hub revision (commit hash, branch, or tag) to pin the pretrained model version.', 'type': typing.Optional[str]}
DEBUG 2026-09-03 09:47:55 _wrapper.py:309 Arg options for field 'paligemma_variant': {'required': False, 'dest': 'paligemma_variant', 'default': 'gemma_2b', 'help': ' ', 'type': <class 'str'>}
DEBUG 2026-09-03 09:47:55 _wrapper.py:309 Arg options for field 'action_expert_variant': {'required': False, 'dest': 'action_expert_variant', 'default': 'gemma_300m', 'help': ' ', 'type': <class 'str'>}
DEBUG 2026-09-03 09:47:55 _wrapper.py:309 Arg options for field 'dtype': {'required': False, 'dest': 'dtype', 'default': 'float32', 'help': 'Options: "bfloat16", "float32"', 'type': <class 'str'>}
DEBUG 2026-09-03 09:47:55 _wrapper.py:309 Arg options for field 'chunk_size': {'required': False, 'dest': 'chunk_size', 'default': 50, 'help': 'Number of action steps to predict, in openpi called "action_horizon"', 'type': <class 'int'>}
DEBUG 2026-09-03 09:47:55 _wrapper.py:309 Arg options for field 'n_action_steps': {'required': False, 'dest': 'n_action_steps', 'default': 50, 'help': 'Number of action steps to execute', 'type': <class 'int'>}
DEBUG 2026-09-03 09:47:55 _wrapper.py:309 Arg options for field 'max_state_dim': {'required': False, 'dest': 'max_state_dim', 'default': 32, 'help': 'Shorter state and action vectors will be padded to these dimensions', 'type': <class 'int'>}
DEBUG 2026-09-03 09:47:55 _wrapper.py:309 Arg options for field 'max_action_dim': {'required': False, 'dest': 'max_action_dim', 'default': 32, 'help': ' ', 'type': <class 'int'>}
DEBUG 2026-09-03 09:47:55 _wrapper.py:309 Arg options for field 'num_inference_steps': {'required': False, 'dest': 'num_inference_steps', 'default': 10, 'help': 'Number of denoising steps during inference', 'type': <class 'int'>}
DEBUG 2026-09-03 09:47:55 _wrapper.py:309 Arg options for field 'time_sampling_beta_alpha': {'required': False, 'dest': 'time_sampling_beta_alpha', 'default': 1.5, 'help': ' ', 'type': <class 'float'>}
DEBUG 2026-09-03 09:47:55 _wrapper.py:309 Arg options for field 'time_sampling_beta_beta': {'required': False, 'dest': 'time_sampling_beta_beta', 'default': 1.0, 'help': ' ', 'type': <class 'float'>}
DEBUG 2026-09-03 09:47:55 _wrapper.py:309 Arg options for field 'time_sampling_scale': {'required': False, 'dest': 'time_sampling_scale', 'default': 0.999, 'help': ' ', 'type': <class 'float'>}
DEBUG 2026-09-03 09:47:55 _wrapper.py:309 Arg options for field 'time_sampling_offset': {'required': False, 'dest': 'time_sampling_offset', 'default': 0.001, 'help': ' ', 'type': <class 'float'>}
DEBUG 2026-09-03 09:47:55 _wrapper.py:309 Arg options for field 'min_period': {'required': False, 'dest': 'min_period', 'default': 0.004, 'help': ' ', 'type': <class 'float'>}
DEBUG 2026-09-03 09:47:55 _wrapper.py:309 Arg options for field 'max_period': {'required': False, 'dest': 'max_period', 'default': 4.0, 'help': ' ', 'type': <class 'float'>}
DEBUG 2026-09-03 09:47:55 _wrapper.py:309 Arg options for field 'use_relative_actions': {'required': False, 'dest': 'use_relative_actions', 'default': False, 'help': 'Relative actions: converts absolute actions to relative (relative to state).', 'type': <class 'bool'>}
DEBUG 2026-09-03 09:47:55 _wrapper.py:309 Arg options for field 'relative_exclude_joints': {'required': False, 'dest': 'relative_exclude_joints', 'default': ['gripper'], 'help': 'Joint names to exclude from relative (kept absolute). Empty list = all dims relative.', 'type': typing.List[str]}
DEBUG 2026-09-03 09:47:55 _wrapper.py:309 Arg options for field 'action_feature_names': {'required': False, 'dest': 'action_feature_names', 'default': None, 'help': 'Populated at runtime from dataset metadata by make_policy.', 'type': typing.Optional[typing.List[str]]}
DEBUG 2026-09-03 09:47:55 d_metavar.py:22 Metavar for type <class 'str'>: str
DEBUG 2026-09-03 09:47:55 formatter.py:52 action type: <class 'str'>, Result: str, nargs: None, default metavar: None
DEBUG 2026-09-03 09:47:55 _wrapper.py:168 wrapped field at rtc_config.enabled has a default value of True
DEBUG 2026-09-03 09:47:55 _wrapper.py:201 wrapped field at rtc_config.prefix_attention_schedule has a default value of RTCAttentionSchedule.LINEAR
DEBUG 2026-09-03 09:47:55 _wrapper.py:168 wrapped field at rtc_config.max_guidance_weight has a default value of 10.0
DEBUG 2026-09-03 09:47:55 _wrapper.py:168 wrapped field at rtc_config.execution_horizon has a default value of 10
DEBUG 2026-09-03 09:47:55 _wrapper.py:168 wrapped field at rtc_config.debug has a default value of False
DEBUG 2026-09-03 09:47:55 _wrapper.py:168 wrapped field at rtc_config.debug_maxlen has a default value of 100
DEBUG 2026-09-03 09:47:55 _wrapper.py:309 Arg options for field 'enabled': {'required': False, 'dest': 'rtc_config.enabled', 'default': True, 'help': 'Infrastructure', 'type': <class 'bool'>}
DEBUG 2026-09-03 09:47:55 _wrapper.py:309 Arg options for field 'prefix_attention_schedule': {'required': False, 'dest': 'rtc_config.prefix_attention_schedule', 'default': <RTCAttentionSchedule.LINEAR: 'LINEAR'>, 'help': 'Core RTC settings\nTodo change to exp', 'type': <enum 'RTCAttentionSchedule'>}
DEBUG 2026-09-03 09:47:55 _wrapper.py:309 Arg options for field 'max_guidance_weight': {'required': False, 'dest': 'rtc_config.max_guidance_weight', 'default': 10.0, 'help': ' ', 'type': <class 'float'>}
DEBUG 2026-09-03 09:47:55 _wrapper.py:309 Arg options for field 'execution_horizon': {'required': False, 'dest': 'rtc_config.execution_horizon', 'default': 10, 'help': ' ', 'type': <class 'int'>}
DEBUG 2026-09-03 09:47:55 _wrapper.py:309 Arg options for field 'debug': {'required': False, 'dest': 'rtc_config.debug', 'default': False, 'help': 'Debug settings', 'type': <class 'bool'>}
DEBUG 2026-09-03 09:47:55 _wrapper.py:309 Arg options for field 'debug_maxlen': {'required': False, 'dest': 'rtc_config.debug_maxlen', 'default': 100, 'help': ' ', 'type': <class 'int'>}
DEBUG 2026-09-03 09:47:55 ocstring.py:253 Warning: Unable to parse attribute docstring:         DEFAULT_IMAGE_SIZE,
DEBUG 2026-09-03 09:47:55 _wrapper.py:309 Arg options for field 'image_resolution': {'required': False, 'dest': 'image_resolution', 'default': (224, 224), 'help': ' ', 'type': typing.Tuple[int, int]}
DEBUG 2026-09-03 09:47:55 _wrapper.py:309 Arg options for field 'empty_cameras': {'required': False, 'dest': 'empty_cameras', 'default': 0, 'help': '\n\nsee openpi `preprocessing_pytorch.py`\nAdd empty images. Used to add empty cameras when no image features are present.', 'type': <class 'int'>}
DEBUG 2026-09-03 09:47:55 ocstring.py:253 Warning: Unable to parse attribute docstring:         default_factory=lambda: {
DEBUG 2026-09-03 09:47:55 _wrapper.py:309 Arg options for field 'normalization_mapping': {'required': False, 'dest': 'normalization_mapping', 'default': {'VISUAL': <NormalizationMode.IDENTITY: 'IDENTITY'>, 'STATE': <NormalizationMode.MEAN_STD: 'MEAN_STD'>, 'ACTION': <NormalizationMode.MEAN_STD: 'MEAN_STD'>}, 'help': 'Normalization', 'type': typing.Dict[str, lerobot.configs.types.NormalizationMode]}
DEBUG 2026-09-03 09:47:55 _wrapper.py:309 Arg options for field 'gradient_checkpointing': {'required': False, 'dest': 'gradient_checkpointing', 'default': False, 'help': 'Enable gradient checkpointing for memory optimization', 'type': <class 'bool'>}
DEBUG 2026-09-03 09:47:55 _wrapper.py:309 Arg options for field 'compile_model': {'required': False, 'dest': 'compile_model', 'default': False, 'help': 'Whether to use torch.compile for model optimization', 'type': <class 'bool'>}
DEBUG 2026-09-03 09:47:55 _wrapper.py:309 Arg options for field 'compile_mode': {'required': False, 'dest': 'compile_mode', 'default': 'max-autotune', 'help': 'Torch compile mode', 'type': <class 'str'>}
DEBUG 2026-09-03 09:47:55 _wrapper.py:309 Arg options for field 'freeze_vision_encoder': {'required': False, 'dest': 'freeze_vision_encoder', 'default': False, 'help': 'Freeze only the vision encoder', 'type': <class 'bool'>}
DEBUG 2026-09-03 09:47:55 _wrapper.py:309 Arg options for field 'train_expert_only': {'required': False, 'dest': 'train_expert_only', 'default': False, 'help': 'Freeze entire VLM, train only action expert and projections', 'type': <class 'bool'>}
DEBUG 2026-09-03 09:47:55 _wrapper.py:309 Arg options for field 'optimizer_lr': {'required': False, 'dest': 'optimizer_lr', 'default': 2.5e-05, 'help': 'see openpi `CosineDecaySchedule: peak_lr`', 'type': <class 'float'>}
DEBUG 2026-09-03 09:47:55 _wrapper.py:309 Arg options for field 'optimizer_betas': {'required': False, 'dest': 'optimizer_betas', 'default': (0.9, 0.95), 'help': ' ', 'type': typing.Tuple[float, float]}
DEBUG 2026-09-03 09:47:55 _wrapper.py:309 Arg options for field 'optimizer_eps': {'required': False, 'dest': 'optimizer_eps', 'default': 1e-08, 'help': ' ', 'type': <class 'float'>}
DEBUG 2026-09-03 09:47:55 _wrapper.py:309 Arg options for field 'optimizer_weight_decay': {'required': False, 'dest': 'optimizer_weight_decay', 'default': 0.01, 'help': ' ', 'type': <class 'float'>}
DEBUG 2026-09-03 09:47:55 _wrapper.py:309 Arg options for field 'optimizer_grad_clip_norm': {'required': False, 'dest': 'optimizer_grad_clip_norm', 'default': 1.0, 'help': ' ', 'type': <class 'float'>}
DEBUG 2026-09-03 09:47:55 _wrapper.py:309 Arg options for field 'scheduler_warmup_steps': {'required': False, 'dest': 'scheduler_warmup_steps', 'default': 1000, 'help': 'Scheduler settings: see openpi `CosineDecaySchedule`\nNote: These will auto-scale if --steps < scheduler_decay_steps\nFor example, --steps=3000 will scale warmup to 100 and decay to 3000', 'type': <class 'int'>}
DEBUG 2026-09-03 09:47:55 _wrapper.py:309 Arg options for field 'scheduler_decay_steps': {'required': False, 'dest': 'scheduler_decay_steps', 'default': 30000, 'help': ' ', 'type': <class 'int'>}
DEBUG 2026-09-03 09:47:55 _wrapper.py:309 Arg options for field 'scheduler_decay_lr': {'required': False, 'dest': 'scheduler_decay_lr', 'default': 2.5e-06, 'help': ' ', 'type': <class 'float'>}
DEBUG 2026-09-03 09:47:55 _wrapper.py:309 Arg options for field 'tokenizer_max_length': {'required': False, 'dest': 'tokenizer_max_length', 'default': 48, 'help': 'see openpi `__post_init__`', 'type': <class 'int'>}
DEBUG 2026-09-03 09:47:55 gparsing.py:143 
POST PROCESSING

DEBUG 2026-09-03 09:47:55 gparsing.py:144 (raw) parsed args: Namespace()
DEBUG 2026-09-03 09:47:55 decoding.py:112 from_dict for <class 'lerobot.policies.pi0.configuration_pi0.PI0Config'>
DEBUG 2026-09-03 09:47:55 decoding.py:132 Decode name = n_obs_steps, type = <class 'int'>
DEBUG 2026-09-03 09:47:55 decoding.py:132 Decode name = input_features, type = typing.Optional[dict[str, lerobot.configs.types.PolicyFeature]]
DEBUG 2026-09-03 09:47:55 decoding.py:112 from_dict for <class 'lerobot.configs.types.PolicyFeature'>
DEBUG 2026-09-03 09:47:55 decoding.py:132 Decode name = type, type = <enum 'FeatureType'>
DEBUG 2026-09-03 09:47:55 decoding.py:132 Decode name = shape, type = tuple[int, ...]
DEBUG 2026-09-03 09:47:55 decoding.py:112 from_dict for <class 'lerobot.configs.types.PolicyFeature'>
DEBUG 2026-09-03 09:47:55 decoding.py:132 Decode name = type, type = <enum 'FeatureType'>
DEBUG 2026-09-03 09:47:55 decoding.py:132 Decode name = shape, type = tuple[int, ...]
DEBUG 2026-09-03 09:47:55 decoding.py:112 from_dict for <class 'lerobot.configs.types.PolicyFeature'>
DEBUG 2026-09-03 09:47:55 decoding.py:132 Decode name = type, type = <enum 'FeatureType'>
DEBUG 2026-09-03 09:47:55 decoding.py:132 Decode name = shape, type = tuple[int, ...]
DEBUG 2026-09-03 09:47:55 decoding.py:112 from_dict for <class 'lerobot.configs.types.PolicyFeature'>
DEBUG 2026-09-03 09:47:55 decoding.py:132 Decode name = type, type = <enum 'FeatureType'>
DEBUG 2026-09-03 09:47:55 decoding.py:132 Decode name = shape, type = tuple[int, ...]
DEBUG 2026-09-03 09:47:55 decoding.py:132 Decode name = output_features, type = typing.Optional[dict[str, lerobot.configs.types.PolicyFeature]]
DEBUG 2026-09-03 09:47:55 decoding.py:112 from_dict for <class 'lerobot.configs.types.PolicyFeature'>
DEBUG 2026-09-03 09:47:55 decoding.py:132 Decode name = type, type = <enum 'FeatureType'>
DEBUG 2026-09-03 09:47:55 decoding.py:132 Decode name = shape, type = tuple[int, ...]
DEBUG 2026-09-03 09:47:55 decoding.py:132 Decode name = device, type = typing.Optional[str]
DEBUG 2026-09-03 09:47:55 decoding.py:132 Decode name = use_amp, type = <class 'bool'>
DEBUG 2026-09-03 09:47:55 decoding.py:132 Decode name = use_peft, type = <class 'bool'>
DEBUG 2026-09-03 09:47:55 decoding.py:132 Decode name = push_to_hub, type = <class 'bool'>
DEBUG 2026-09-03 09:47:55 decoding.py:132 Decode name = repo_id, type = typing.Optional[str]
DEBUG 2026-09-03 09:47:55 decoding.py:132 Decode name = private, type = typing.Optional[bool]
DEBUG 2026-09-03 09:47:55 decoding.py:132 Decode name = tags, type = typing.Optional[list[str]]
DEBUG 2026-09-03 09:47:55 decoding.py:132 Decode name = license, type = typing.Optional[str]
DEBUG 2026-09-03 09:47:55 decoding.py:132 Decode name = pretrained_path, type = typing.Optional[pathlib.Path]
DEBUG 2026-09-03 09:47:55 decoding.py:132 Decode name = pretrained_revision, type = typing.Optional[str]
DEBUG 2026-09-03 09:47:55 decoding.py:132 Decode name = paligemma_variant, type = <class 'str'>
DEBUG 2026-09-03 09:47:55 decoding.py:132 Decode name = action_expert_variant, type = <class 'str'>
DEBUG 2026-09-03 09:47:55 decoding.py:132 Decode name = dtype, type = <class 'str'>
DEBUG 2026-09-03 09:47:55 decoding.py:132 Decode name = chunk_size, type = <class 'int'>
DEBUG 2026-09-03 09:47:55 decoding.py:132 Decode name = n_action_steps, type = <class 'int'>
DEBUG 2026-09-03 09:47:55 decoding.py:132 Decode name = max_state_dim, type = <class 'int'>
DEBUG 2026-09-03 09:47:55 decoding.py:132 Decode name = max_action_dim, type = <class 'int'>
DEBUG 2026-09-03 09:47:55 decoding.py:132 Decode name = num_inference_steps, type = <class 'int'>
DEBUG 2026-09-03 09:47:55 decoding.py:132 Decode name = time_sampling_beta_alpha, type = <class 'float'>
DEBUG 2026-09-03 09:47:55 decoding.py:132 Decode name = time_sampling_beta_beta, type = <class 'float'>
DEBUG 2026-09-03 09:47:55 decoding.py:132 Decode name = time_sampling_scale, type = <class 'float'>
DEBUG 2026-09-03 09:47:55 decoding.py:132 Decode name = time_sampling_offset, type = <class 'float'>
DEBUG 2026-09-03 09:47:55 decoding.py:132 Decode name = min_period, type = <class 'float'>
DEBUG 2026-09-03 09:47:55 decoding.py:132 Decode name = max_period, type = <class 'float'>
DEBUG 2026-09-03 09:47:55 decoding.py:132 Decode name = use_relative_actions, type = <class 'bool'>
DEBUG 2026-09-03 09:47:55 decoding.py:132 Decode name = relative_exclude_joints, type = list[str]
DEBUG 2026-09-03 09:47:55 decoding.py:132 Decode name = action_feature_names, type = typing.Optional[list[str]]
DEBUG 2026-09-03 09:47:55 decoding.py:132 Decode name = rtc_config, type = typing.Optional[lerobot.policies.rtc.configuration_rtc.RTCConfig]
DEBUG 2026-09-03 09:47:55 decoding.py:132 Decode name = image_resolution, type = tuple[int, int]
DEBUG 2026-09-03 09:47:55 decoding.py:132 Decode name = empty_cameras, type = <class 'int'>
DEBUG 2026-09-03 09:47:55 decoding.py:132 Decode name = normalization_mapping, type = dict[str, lerobot.configs.types.NormalizationMode]
DEBUG 2026-09-03 09:47:55 decoding.py:132 Decode name = gradient_checkpointing, type = <class 'bool'>
DEBUG 2026-09-03 09:47:55 decoding.py:132 Decode name = compile_model, type = <class 'bool'>
DEBUG 2026-09-03 09:47:55 decoding.py:132 Decode name = compile_mode, type = <class 'str'>
DEBUG 2026-09-03 09:47:55 decoding.py:132 Decode name = freeze_vision_encoder, type = <class 'bool'>
DEBUG 2026-09-03 09:47:55 decoding.py:132 Decode name = train_expert_only, type = <class 'bool'>
DEBUG 2026-09-03 09:47:55 decoding.py:132 Decode name = optimizer_lr, type = <class 'float'>
DEBUG 2026-09-03 09:47:55 decoding.py:132 Decode name = optimizer_betas, type = tuple[float, float]
DEBUG 2026-09-03 09:47:55 decoding.py:132 Decode name = optimizer_eps, type = <class 'float'>
DEBUG 2026-09-03 09:47:55 decoding.py:132 Decode name = optimizer_weight_decay, type = <class 'float'>
DEBUG 2026-09-03 09:47:55 decoding.py:132 Decode name = optimizer_grad_clip_norm, type = <class 'float'>
DEBUG 2026-09-03 09:47:55 decoding.py:132 Decode name = scheduler_warmup_steps, type = <class 'int'>
DEBUG 2026-09-03 09:47:55 decoding.py:132 Decode name = scheduler_decay_steps, type = <class 'int'>
DEBUG 2026-09-03 09:47:55 decoding.py:132 Decode name = scheduler_decay_lr, type = <class 'float'>
DEBUG 2026-09-03 09:47:55 decoding.py:132 Decode name = tokenizer_max_length, type = <class 'int'>
DEBUG 2026-09-03 09:47:55 ort_utils.py:65 Detected transformers version: 5.5.4
INFO 2026-09-03 09:50:31 ling_pi0.py:615 Enabled gradient checkpointing for PI0Pytorch model
WARNING 2026-09-03 09:50:32 ing_pi0.py:1132 Vision embedding key might need handling: model.paligemma_with_expert.paligemma.model.vision_tower.vision_model.embeddings.patch_embedding.bias
WARNING 2026-09-03 09:50:32 ing_pi0.py:1132 Vision embedding key might need handling: model.paligemma_with_expert.paligemma.model.vision_tower.vision_model.embeddings.patch_embedding.weight
DEBUG 2026-09-03 09:50:39 re/_trace.py:47 connect_tcp.started host='huggingface.co' port=443 local_address=None timeout=10 socket_options=None
DEBUG 2026-09-03 09:50:39 re/_trace.py:47 connect_tcp.complete return_value=<httpcore._backends.sync.SyncStream object at 0xfffe382b9f70>
DEBUG 2026-09-03 09:50:39 re/_trace.py:47 start_tls.started ssl_context=<ssl.SSLContext object at 0xfffe382d8b50> server_hostname='huggingface.co' timeout=10
DEBUG 2026-09-03 09:50:39 re/_trace.py:47 start_tls.complete return_value=<httpcore._backends.sync.SyncStream object at 0xfffe3b5dc320>
DEBUG 2026-09-03 09:50:39 re/_trace.py:47 send_request_headers.started request=<Request [b'HEAD']>
DEBUG 2026-09-03 09:50:39 re/_trace.py:47 send_request_headers.complete
DEBUG 2026-09-03 09:50:39 re/_trace.py:47 send_request_body.started request=<Request [b'HEAD']>
DEBUG 2026-09-03 09:50:39 re/_trace.py:47 send_request_body.complete
DEBUG 2026-09-03 09:50:39 re/_trace.py:47 receive_response_headers.started request=<Request [b'HEAD']>
DEBUG 2026-09-03 09:50:39 re/_trace.py:47 receive_response_headers.complete return_value=(b'HTTP/1.1', 200, b'OK', [(b'Content-Type', b'text/plain; charset=utf-8'), (b'Content-Length', b'1027'), (b'Connection', b'keep-alive'), (b'Date', b'Thu, 03 Sep 2026 00:50:39 GMT'), (b'ETag', b'"b89393ba09b432265173f688b8a41a2c3c9e3e4c"'), (b'X-Powered-By', b'huggingface-moon'), (b'X-Request-Id', b'Root=1-6a98c45f-7f07588564e30de84a3617cc;064f707f-9535-4b58-b400-b5ad0d05c7a2'), (b'RateLimit', b'"resolvers";r=4999;t=295'), (b'RateLimit-Policy', b'"fixed window";"resolvers";q=5000;w=300'), (b'cross-origin-opener-policy', b'same-origin'), (b'Referrer-Policy', b'strict-origin-when-cross-origin'), (b'Access-Control-Max-Age', b'86400'), (b'Access-Control-Allow-Origin', b'https://huggingface.co'), (b'Vary', b'Origin'), (b'Access-Control-Expose-Headers', b'X-Repo-Commit,X-Request-Id,X-Error-Code,X-Error-Message,X-Total-Count,ETag,Link,Accept-Ranges,Content-Range,X-Linked-Size,X-Linked-ETag,X-Xet-Hash'), (b'X-Repo-Commit', b'35e4f46485b4d07967e7e9935bc3786aad50687c'), (b'Accept-Ranges', b'bytes'), (b'X-Hub-Cache', b'MISS'), (b'Content-Disposition', b'inline; filename*=UTF-8\'\'config.json; filename="config.json";'), (b'Content-Security-Policy', b"default-src 'none'; sandbox"), (b'X-Cache', b'Miss from cloudfront'), (b'Via', b'1.1 382a6fa0d87776c7b7e3c6f3a487c884.cloudfront.net (CloudFront)'), (b'X-Amz-Cf-Pop', b'NRT12-P2'), (b'Alt-Svc', b'h3=":443"; ma=86400'), (b'X-Amz-Cf-Id', b'DPfoOeF4kxjyE4fDUug-7zFNTPsrzY4Inm3huHyWMY6q9apduifGpw=='), (b'Strict-Transport-Security', b'max-age=31536000')])
DEBUG 2026-09-03 09:50:39 re/_trace.py:47 receive_response_body.started request=<Request [b'HEAD']>
DEBUG 2026-09-03 09:50:39 re/_trace.py:47 receive_response_body.complete
DEBUG 2026-09-03 09:50:39 re/_trace.py:47 response_closed.started
DEBUG 2026-09-03 09:50:39 re/_trace.py:47 response_closed.complete
DEBUG 2026-09-03 09:50:39 re/_trace.py:47 send_request_headers.started request=<Request [b'HEAD']>
DEBUG 2026-09-03 09:50:39 re/_trace.py:47 send_request_headers.complete
DEBUG 2026-09-03 09:50:39 re/_trace.py:47 send_request_body.started request=<Request [b'HEAD']>
DEBUG 2026-09-03 09:50:39 re/_trace.py:47 send_request_body.complete
DEBUG 2026-09-03 09:50:39 re/_trace.py:47 receive_response_headers.started request=<Request [b'HEAD']>
DEBUG 2026-09-03 09:50:40 re/_trace.py:47 receive_response_headers.complete return_value=(b'HTTP/1.1', 200, b'OK', [(b'Content-Type', b'text/plain; charset=utf-8'), (b'Content-Length', b'39968'), (b'Connection', b'keep-alive'), (b'Date', b'Thu, 03 Sep 2026 00:50:40 GMT'), (b'ETag', b'"960dcec0bccc6e594d865eceb63c8078e164cfb2"'), (b'X-Powered-By', b'huggingface-moon'), (b'X-Request-Id', b'Root=1-6a98c460-683f5f8a75e8d5227cfb0eaa;073b4fdb-e262-4b74-9f4c-36143d7bc814'), (b'RateLimit', b'"resolvers";r=4998;t=294'), (b'RateLimit-Policy', b'"fixed window";"resolvers";q=5000;w=300'), (b'cross-origin-opener-policy', b'same-origin'), (b'Referrer-Policy', b'strict-origin-when-cross-origin'), (b'Access-Control-Max-Age', b'86400'), (b'Access-Control-Allow-Origin', b'https://huggingface.co'), (b'Vary', b'Origin'), (b'Access-Control-Expose-Headers', b'X-Repo-Commit,X-Request-Id,X-Error-Code,X-Error-Message,X-Total-Count,ETag,Link,Accept-Ranges,Content-Range,X-Linked-Size,X-Linked-ETag,X-Xet-Hash'), (b'X-Repo-Commit', b'35e4f46485b4d07967e7e9935bc3786aad50687c'), (b'Accept-Ranges', b'bytes'), (b'X-Hub-Cache', b'HIT'), (b'Content-Disposition', b'inline; filename*=UTF-8\'\'tokenizer_config.json; filename="tokenizer_config.json";'), (b'Content-Security-Policy', b"default-src 'none'; sandbox"), (b'X-Cache', b'Miss from cloudfront'), (b'Via', b'1.1 382a6fa0d87776c7b7e3c6f3a487c884.cloudfront.net (CloudFront)'), (b'X-Amz-Cf-Pop', b'NRT12-P2'), (b'Alt-Svc', b'h3=":443"; ma=86400'), (b'X-Amz-Cf-Id', b'ErjXevkPnOq-43AWAe5Vjyo3--d1rUT51L3swODnifEM6Pt2L4r4Uw=='), (b'Strict-Transport-Security', b'max-age=31536000')])
DEBUG 2026-09-03 09:50:40 re/_trace.py:47 receive_response_body.started request=<Request [b'HEAD']>
DEBUG 2026-09-03 09:50:40 re/_trace.py:47 receive_response_body.complete
DEBUG 2026-09-03 09:50:40 re/_trace.py:47 response_closed.started
DEBUG 2026-09-03 09:50:40 re/_trace.py:47 response_closed.complete
DEBUG 2026-09-03 09:50:40 re/_trace.py:47 send_request_headers.started request=<Request [b'GET']>
DEBUG 2026-09-03 09:50:40 re/_trace.py:47 send_request_headers.complete
DEBUG 2026-09-03 09:50:40 re/_trace.py:47 send_request_body.started request=<Request [b'GET']>
DEBUG 2026-09-03 09:50:40 re/_trace.py:47 send_request_body.complete
DEBUG 2026-09-03 09:50:40 re/_trace.py:47 receive_response_headers.started request=<Request [b'GET']>
DEBUG 2026-09-03 09:50:40 re/_trace.py:47 receive_response_headers.complete return_value=(b'HTTP/1.1', 404, b'Not Found', [(b'Content-Type', b'application/json; charset=utf-8'), (b'Content-Length', b'64'), (b'Connection', b'keep-alive'), (b'Date', b'Thu, 03 Sep 2026 00:50:40 GMT'), (b'ETag', b'W/"40-09f9IAqP13xarAhQxFS2W8rvRkM"'), (b'X-Powered-By', b'huggingface-moon'), (b'X-Request-Id', b'Root=1-6a98c460-74eef8743f8413ea752a0f52;201abe97-6436-4bc8-89f3-54e2d31c457a'), (b'RateLimit', b'"api";r=999;t=294'), (b'RateLimit-Policy', b'"fixed window";"api";q=1000;w=300'), (b'cross-origin-opener-policy', b'same-origin'), (b'Referrer-Policy', b'strict-origin-when-cross-origin'), (b'Access-Control-Max-Age', b'86400'), (b'Access-Control-Allow-Origin', b'https://huggingface.co'), (b'Vary', b'Origin'), (b'Access-Control-Expose-Headers', b'X-Repo-Commit,X-Request-Id,X-Error-Code,X-Error-Message,X-Total-Count,ETag,Link,Accept-Ranges,Content-Range,X-Linked-Size,X-Linked-ETag,X-Xet-Hash'), (b'X-Error-Code', b'EntryNotFound'), (b'X-Error-Message', b'additional_chat_templates does not exist on "main"'), (b'X-Cache', b'Error from cloudfront'), (b'Via', b'1.1 382a6fa0d87776c7b7e3c6f3a487c884.cloudfront.net (CloudFront)'), (b'X-Amz-Cf-Pop', b'NRT12-P2'), (b'Alt-Svc', b'h3=":443"; ma=86400'), (b'X-Amz-Cf-Id', b'EThztu_vgyaBFdRSrLvidOy3q5VgqFu3nZsgsP6PtNznIzlnmR5ISA=='), (b'Strict-Transport-Security', b'max-age=31536000')])
DEBUG 2026-09-03 09:50:40 re/_trace.py:47 receive_response_body.started request=<Request [b'GET']>
DEBUG 2026-09-03 09:50:40 re/_trace.py:47 receive_response_body.complete
DEBUG 2026-09-03 09:50:40 re/_trace.py:47 response_closed.started
DEBUG 2026-09-03 09:50:40 re/_trace.py:47 response_closed.complete
DEBUG 2026-09-03 09:50:40 re/_trace.py:47 send_request_headers.started request=<Request [b'GET']>
DEBUG 2026-09-03 09:50:40 re/_trace.py:47 send_request_headers.complete
DEBUG 2026-09-03 09:50:40 re/_trace.py:47 send_request_body.started request=<Request [b'GET']>
DEBUG 2026-09-03 09:50:40 re/_trace.py:47 send_request_body.complete
DEBUG 2026-09-03 09:50:40 re/_trace.py:47 receive_response_headers.started request=<Request [b'GET']>
DEBUG 2026-09-03 09:50:40 re/_trace.py:47 receive_response_headers.complete return_value=(b'HTTP/1.1', 200, b'OK', [(b'Content-Type', b'application/json; charset=utf-8'), (b'Transfer-Encoding', b'chunked'), (b'Connection', b'keep-alive'), (b'Date', b'Thu, 03 Sep 2026 00:50:40 GMT'), (b'content-encoding', b'gzip'), (b'ETag', b'W/"9c5-q9seafptu6jJvow4apCGJpG2b2M"'), (b'X-Powered-By', b'huggingface-moon'), (b'X-Request-Id', b'Root=1-6a98c460-1dbb8db6777bf95a36b07af6;0b8abcb9-f95d-48bc-9d7d-37071995e598'), (b'RateLimit', b'"api";r=998;t=294'), (b'RateLimit-Policy', b'"fixed window";"api";q=1000;w=300'), (b'cross-origin-opener-policy', b'same-origin'), (b'Referrer-Policy', b'strict-origin-when-cross-origin'), (b'Access-Control-Max-Age', b'86400'), (b'Access-Control-Allow-Origin', b'https://huggingface.co'), (b'Vary', b'Origin'), (b'vary', b'Accept-Encoding'), (b'Access-Control-Expose-Headers', b'X-Repo-Commit,X-Request-Id,X-Error-Code,X-Error-Message,X-Total-Count,ETag,Link,Accept-Ranges,Content-Range,X-Linked-Size,X-Linked-ETag,X-Xet-Hash'), (b'X-Cache', b'Miss from cloudfront'), (b'Via', b'1.1 382a6fa0d87776c7b7e3c6f3a487c884.cloudfront.net (CloudFront)'), (b'X-Amz-Cf-Pop', b'NRT12-P2'), (b'Alt-Svc', b'h3=":443"; ma=86400'), (b'X-Amz-Cf-Id', b'gDQ7OvRNvOmhoukXOpWnwW1yFu-fJqGJMLyj1x6OuiFh1MforbfSVw=='), (b'Strict-Transport-Security', b'max-age=31536000')])
DEBUG 2026-09-03 09:50:40 re/_trace.py:47 receive_response_body.started request=<Request [b'GET']>
DEBUG 2026-09-03 09:50:40 re/_trace.py:47 receive_response_body.complete
DEBUG 2026-09-03 09:50:40 re/_trace.py:47 response_closed.started
DEBUG 2026-09-03 09:50:40 re/_trace.py:47 response_closed.complete
DEBUG 2026-09-03 09:50:41 re/_trace.py:47 send_request_headers.started request=<Request [b'GET']>
DEBUG 2026-09-03 09:50:41 re/_trace.py:47 send_request_headers.complete
DEBUG 2026-09-03 09:50:41 re/_trace.py:47 send_request_body.started request=<Request [b'GET']>
DEBUG 2026-09-03 09:50:41 re/_trace.py:47 send_request_body.complete
DEBUG 2026-09-03 09:50:41 re/_trace.py:47 receive_response_headers.started request=<Request [b'GET']>
DEBUG 2026-09-03 09:50:41 re/_trace.py:47 receive_response_headers.complete return_value=(b'HTTP/1.1', 200, b'OK', [(b'Content-Type', b'application/json; charset=utf-8'), (b'Transfer-Encoding', b'chunked'), (b'Connection', b'keep-alive'), (b'Date', b'Thu, 03 Sep 2026 00:50:41 GMT'), (b'content-encoding', b'gzip'), (b'ETag', b'W/"d2e-ItNg8/Jgs4kLBUwAQiMDMldsJkw"'), (b'X-Powered-By', b'huggingface-moon'), (b'X-Request-Id', b'Root=1-6a98c461-5dd9dfec0c7417645a1fd0f4;e80b06b1-e282-4e82-aa7f-955c10c83258'), (b'RateLimit', b'"api";r=997;t=293'), (b'RateLimit-Policy', b'"fixed window";"api";q=1000;w=300'), (b'cross-origin-opener-policy', b'same-origin'), (b'Referrer-Policy', b'strict-origin-when-cross-origin'), (b'Access-Control-Max-Age', b'86400'), (b'Access-Control-Allow-Origin', b'https://huggingface.co'), (b'Vary', b'Origin'), (b'vary', b'Accept-Encoding'), (b'Access-Control-Expose-Headers', b'X-Repo-Commit,X-Request-Id,X-Error-Code,X-Error-Message,X-Total-Count,ETag,Link,Accept-Ranges,Content-Range,X-Linked-Size,X-Linked-ETag,X-Xet-Hash'), (b'X-Cache', b'Miss from cloudfront'), (b'Via', b'1.1 382a6fa0d87776c7b7e3c6f3a487c884.cloudfront.net (CloudFront)'), (b'X-Amz-Cf-Pop', b'NRT12-P2'), (b'Alt-Svc', b'h3=":443"; ma=86400'), (b'X-Amz-Cf-Id', b'JesGxRCXPKdteEk1hUbkx5M4bmOkmLapXntMVZ6282jXebwXTOyewg=='), (b'Strict-Transport-Security', b'max-age=31536000')])
DEBUG 2026-09-03 09:50:41 re/_trace.py:47 receive_response_body.started request=<Request [b'GET']>
DEBUG 2026-09-03 09:50:41 re/_trace.py:47 receive_response_body.complete
DEBUG 2026-09-03 09:50:41 re/_trace.py:47 response_closed.started
DEBUG 2026-09-03 09:50:41 re/_trace.py:47 response_closed.complete
INFO 2026-09-03 09:50:41 y_server.py:169 Time taken to put policy on cuda: 166.5686 seconds
DEBUG 2026-09-03 09:50:41 y_server.py:176 Receiving observations from ipv4:192.168.100.50:43068
INFO 2026-09-03 09:50:41 ort/utils.py:78 <Logger policy_server (NOTSET)> Starting receiver
DEBUG 2026-09-03 09:50:41 y_server.py:218 Client ipv4:192.168.100.50:43068 connected for action streaming
DEBUG 2026-09-03 09:50:41 ort/utils.py:80 <Logger policy_server (NOTSET)> Received item
DEBUG 2026-09-03 09:50:41 ort/utils.py:89 <Logger policy_server (NOTSET)> Received data at step 0
DEBUG 2026-09-03 09:50:41 ort/utils.py:80 <Logger policy_server (NOTSET)> Received item
DEBUG 2026-09-03 09:50:41 ort/utils.py:97 <Logger policy_server (NOTSET)> Received data at step end size 2766007
DEBUG 2026-09-03 09:50:41 y_server.py:186 Received observation #0
DEBUG 2026-09-03 09:50:41 y_server.py:194 Received observation #0 | Avg FPS: 0.00 | Target: 30.00 | One-way latency: -51.95ms
DEBUG 2026-09-03 09:50:41 y_server.py:201 Server timestamp: 1788396641.644499 | Client timestamp: 1788396641.696449 | Deserialization time: 0.029512s
DEBUG 2026-09-03 09:50:41 y_server.py:296 Enqueuing observation. Must go: True | Last processed obs: None
INFO 2026-09-03 09:50:41 y_server.py:224 Running inference for observation #0 (must_go: True)
DEBUG 2026-09-03 09:50:41 y_server.py:176 Receiving observations from ipv4:192.168.100.50:43068
INFO 2026-09-03 09:50:41 ort/utils.py:78 <Logger policy_server (NOTSET)> Starting receiver
DEBUG 2026-09-03 09:50:41 ort/utils.py:80 <Logger policy_server (NOTSET)> Received item
DEBUG 2026-09-03 09:50:41 ort/utils.py:89 <Logger policy_server (NOTSET)> Received data at step 0
DEBUG 2026-09-03 09:50:41 ort/utils.py:80 <Logger policy_server (NOTSET)> Received item
DEBUG 2026-09-03 09:50:41 ort/utils.py:97 <Logger policy_server (NOTSET)> Received data at step end size 2766007
DEBUG 2026-09-03 09:50:41 y_server.py:186 Received observation #0
DEBUG 2026-09-03 09:50:41 y_server.py:194 Received observation #0 | Avg FPS: 27.28 | Target: 30.00 | One-way latency: -54.49ms
DEBUG 2026-09-03 09:50:41 y_server.py:201 Server timestamp: 1788396641.678626 | Client timestamp: 1788396641.733112 | Deserialization time: 0.011915s
DEBUG 2026-09-03 09:50:41 y_server.py:296 Enqueuing observation. Must go: False | Last processed obs: None
DEBUG 2026-09-03 09:50:41 y_server.py:176 Receiving observations from ipv4:192.168.100.50:43068
INFO 2026-09-03 09:50:41 ort/utils.py:78 <Logger policy_server (NOTSET)> Starting receiver
DEBUG 2026-09-03 09:50:41 ort/utils.py:80 <Logger policy_server (NOTSET)> Received item
DEBUG 2026-09-03 09:50:41 ort/utils.py:89 <Logger policy_server (NOTSET)> Received data at step 0
DEBUG 2026-09-03 09:50:41 ort/utils.py:80 <Logger policy_server (NOTSET)> Received item
DEBUG 2026-09-03 09:50:41 ort/utils.py:97 <Logger policy_server (NOTSET)> Received data at step end size 2766007
DEBUG 2026-09-03 09:50:41 y_server.py:186 Received observation #0
DEBUG 2026-09-03 09:50:41 y_server.py:194 Received observation #0 | Avg FPS: 28.43 | Target: 30.00 | One-way latency: -53.94ms
DEBUG 2026-09-03 09:50:41 y_server.py:201 Server timestamp: 1788396641.712855 | Client timestamp: 1788396641.766798 | Deserialization time: 0.007950s
DEBUG 2026-09-03 09:50:41 y_server.py:296 Enqueuing observation. Must go: False | Last processed obs: None
DEBUG 2026-09-03 09:50:41 y_server.py:304 Observation queue was full, removed oldest observation
DEBUG 2026-09-03 09:50:41 y_server.py:176 Receiving observations from ipv4:192.168.100.50:43068
INFO 2026-09-03 09:50:41 ort/utils.py:78 <Logger policy_server (NOTSET)> Starting receiver
DEBUG 2026-09-03 09:50:41 ort/utils.py:80 <Logger policy_server (NOTSET)> Received item
DEBUG 2026-09-03 09:50:41 ort/utils.py:89 <Logger policy_server (NOTSET)> Received data at step 0
DEBUG 2026-09-03 09:50:41 ort/utils.py:80 <Logger policy_server (NOTSET)> Received item
DEBUG 2026-09-03 09:50:41 ort/utils.py:97 <Logger policy_server (NOTSET)> Received data at step end size 2766007
DEBUG 2026-09-03 09:50:41 y_server.py:186 Received observation #0
DEBUG 2026-09-03 09:50:41 y_server.py:194 Received observation #0 | Avg FPS: 28.78 | Target: 30.00 | One-way latency: -49.03ms
DEBUG 2026-09-03 09:50:41 y_server.py:201 Server timestamp: 1788396641.751653 | Client timestamp: 1788396641.800685 | Deserialization time: 0.002825s
DEBUG 2026-09-03 09:50:41 y_server.py:274 Skipping observation #0 - Timestep predicted already!
DEBUG 2026-09-03 09:50:41 y_server.py:210 Observation #0 has been filtered out
DEBUG 2026-09-03 09:50:41 y_server.py:176 Receiving observations from ipv4:192.168.100.50:43068
INFO 2026-09-03 09:50:41 ort/utils.py:78 <Logger policy_server (NOTSET)> Starting receiver
DEBUG 2026-09-03 09:50:41 ort/utils.py:80 <Logger policy_server (NOTSET)> Received item
DEBUG 2026-09-03 09:50:41 ort/utils.py:89 <Logger policy_server (NOTSET)> Received data at step 0
DEBUG 2026-09-03 09:50:41 ort/utils.py:80 <Logger policy_server (NOTSET)> Received item
DEBUG 2026-09-03 09:50:41 ort/utils.py:97 <Logger policy_server (NOTSET)> Received data at step end size 2766007
DEBUG 2026-09-03 09:50:41 y_server.py:186 Received observation #0
DEBUG 2026-09-03 09:50:41 y_server.py:194 Received observation #0 | Avg FPS: 28.76 | Target: 30.00 | One-way latency: -54.31ms
DEBUG 2026-09-03 09:50:41 y_server.py:201 Server timestamp: 1788396641.781220 | Client timestamp: 1788396641.835526 | Deserialization time: 0.006584s
DEBUG 2026-09-03 09:50:41 y_server.py:274 Skipping observation #0 - Timestep predicted already!
DEBUG 2026-09-03 09:50:41 y_server.py:210 Observation #0 has been filtered out
DEBUG 2026-09-03 09:50:41 y_server.py:176 Receiving observations from ipv4:192.168.100.50:43068
INFO 2026-09-03 09:50:41 ort/utils.py:78 <Logger policy_server (NOTSET)> Starting receiver
DEBUG 2026-09-03 09:50:41 ort/utils.py:80 <Logger policy_server (NOTSET)> Received item
DEBUG 2026-09-03 09:50:41 ort/utils.py:89 <Logger policy_server (NOTSET)> Received data at step 0
DEBUG 2026-09-03 09:50:41 ort/utils.py:80 <Logger policy_server (NOTSET)> Received item
DEBUG 2026-09-03 09:50:41 ort/utils.py:97 <Logger policy_server (NOTSET)> Received data at step end size 2766007
DEBUG 2026-09-03 09:50:41 y_server.py:186 Received observation #0
DEBUG 2026-09-03 09:50:41 y_server.py:194 Received observation #0 | Avg FPS: 28.91 | Target: 30.00 | One-way latency: -54.21ms
DEBUG 2026-09-03 09:50:41 y_server.py:201 Server timestamp: 1788396641.815207 | Client timestamp: 1788396641.869414 | Deserialization time: 0.014539s
DEBUG 2026-09-03 09:50:41 y_server.py:274 Skipping observation #0 - Timestep predicted already!
DEBUG 2026-09-03 09:50:41 y_server.py:210 Observation #0 has been filtered out
DEBUG 2026-09-03 09:50:41 y_server.py:176 Receiving observations from ipv4:192.168.100.50:43068
INFO 2026-09-03 09:50:41 ort/utils.py:78 <Logger policy_server (NOTSET)> Starting receiver
DEBUG 2026-09-03 09:50:41 ort/utils.py:80 <Logger policy_server (NOTSET)> Received item
DEBUG 2026-09-03 09:50:41 ort/utils.py:89 <Logger policy_server (NOTSET)> Received data at step 0
DEBUG 2026-09-03 09:50:41 ort/utils.py:80 <Logger policy_server (NOTSET)> Received item
DEBUG 2026-09-03 09:50:41 ort/utils.py:97 <Logger policy_server (NOTSET)> Received data at step end size 2766007
DEBUG 2026-09-03 09:50:41 y_server.py:186 Received observation #0
DEBUG 2026-09-03 09:50:41 y_server.py:194 Received observation #0 | Avg FPS: 28.12 | Target: 30.00 | One-way latency: -54.52ms
DEBUG 2026-09-03 09:50:41 y_server.py:201 Server timestamp: 1788396641.855277 | Client timestamp: 1788396641.909799 | Deserialization time: 0.008466s
DEBUG 2026-09-03 09:50:41 y_server.py:274 Skipping observation #0 - Timestep predicted already!
DEBUG 2026-09-03 09:50:41 y_server.py:210 Observation #0 has been filtered out
DEBUG 2026-09-03 09:50:41 y_server.py:176 Receiving observations from ipv4:192.168.100.50:43068
INFO 2026-09-03 09:50:41 ort/utils.py:78 <Logger policy_server (NOTSET)> Starting receiver
DEBUG 2026-09-03 09:50:41 ort/utils.py:80 <Logger policy_server (NOTSET)> Received item
DEBUG 2026-09-03 09:50:41 ort/utils.py:89 <Logger policy_server (NOTSET)> Received data at step 0
DEBUG 2026-09-03 09:50:41 ort/utils.py:80 <Logger policy_server (NOTSET)> Received item
DEBUG 2026-09-03 09:50:41 ort/utils.py:97 <Logger policy_server (NOTSET)> Received data at step end size 2766007
DEBUG 2026-09-03 09:50:41 y_server.py:186 Received observation #0
DEBUG 2026-09-03 09:50:41 y_server.py:194 Received observation #0 | Avg FPS: 27.45 | Target: 30.00 | One-way latency: -54.92ms
DEBUG 2026-09-03 09:50:41 y_server.py:201 Server timestamp: 1788396641.896523 | Client timestamp: 1788396641.951440 | Deserialization time: 0.018975s
DEBUG 2026-09-03 09:50:41 y_server.py:274 Skipping observation #0 - Timestep predicted already!
DEBUG 2026-09-03 09:50:41 y_server.py:210 Observation #0 has been filtered out
DEBUG 2026-09-03 09:50:41 y_server.py:176 Receiving observations from ipv4:192.168.100.50:43068
INFO 2026-09-03 09:50:41 ort/utils.py:78 <Logger policy_server (NOTSET)> Starting receiver
DEBUG 2026-09-03 09:50:41 ort/utils.py:80 <Logger policy_server (NOTSET)> Received item
DEBUG 2026-09-03 09:50:41 ort/utils.py:89 <Logger policy_server (NOTSET)> Received data at step 0
DEBUG 2026-09-03 09:50:41 ort/utils.py:80 <Logger policy_server (NOTSET)> Received item
DEBUG 2026-09-03 09:50:41 ort/utils.py:97 <Logger policy_server (NOTSET)> Received data at step end size 2766007
DEBUG 2026-09-03 09:50:41 y_server.py:186 Received observation #0
DEBUG 2026-09-03 09:50:41 y_server.py:194 Received observation #0 | Avg FPS: 27.74 | Target: 30.00 | One-way latency: -54.98ms
DEBUG 2026-09-03 09:50:41 y_server.py:201 Server timestamp: 1788396641.929832 | Client timestamp: 1788396641.984809 | Deserialization time: 0.006334s
DEBUG 2026-09-03 09:50:41 y_server.py:274 Skipping observation #0 - Timestep predicted already!
DEBUG 2026-09-03 09:50:41 y_server.py:210 Observation #0 has been filtered out
DEBUG 2026-09-03 09:50:41 y_server.py:176 Receiving observations from ipv4:192.168.100.50:43068
INFO 2026-09-03 09:50:41 ort/utils.py:78 <Logger policy_server (NOTSET)> Starting receiver
DEBUG 2026-09-03 09:50:41 ort/utils.py:80 <Logger policy_server (NOTSET)> Received item
DEBUG 2026-09-03 09:50:41 ort/utils.py:89 <Logger policy_server (NOTSET)> Received data at step 0
DEBUG 2026-09-03 09:50:41 ort/utils.py:80 <Logger policy_server (NOTSET)> Received item
DEBUG 2026-09-03 09:50:41 ort/utils.py:97 <Logger policy_server (NOTSET)> Received data at step end size 2766007
DEBUG 2026-09-03 09:50:41 y_server.py:186 Received observation #0
DEBUG 2026-09-03 09:50:41 y_server.py:194 Received observation #0 | Avg FPS: 27.90 | Target: 30.00 | One-way latency: -54.80ms
DEBUG 2026-09-03 09:50:41 y_server.py:201 Server timestamp: 1788396641.964188 | Client timestamp: 1788396642.018989 | Deserialization time: 0.012843s
DEBUG 2026-09-03 09:50:41 y_server.py:274 Skipping observation #0 - Timestep predicted already!
DEBUG 2026-09-03 09:50:41 y_server.py:210 Observation #0 has been filtered out
DEBUG 2026-09-03 09:50:41 y_server.py:176 Receiving observations from ipv4:192.168.100.50:43068
INFO 2026-09-03 09:50:41 ort/utils.py:78 <Logger policy_server (NOTSET)> Starting receiver
DEBUG 2026-09-03 09:50:42 ort/utils.py:80 <Logger policy_server (NOTSET)> Received item
DEBUG 2026-09-03 09:50:42 ort/utils.py:89 <Logger policy_server (NOTSET)> Received data at step 0
DEBUG 2026-09-03 09:50:42 ort/utils.py:80 <Logger policy_server (NOTSET)> Received item
DEBUG 2026-09-03 09:50:42 ort/utils.py:97 <Logger policy_server (NOTSET)> Received data at step end size 2766007
DEBUG 2026-09-03 09:50:42 y_server.py:186 Received observation #0
DEBUG 2026-09-03 09:50:42 y_server.py:194 Received observation #0 | Avg FPS: 28.09 | Target: 30.00 | One-way latency: -53.48ms
DEBUG 2026-09-03 09:50:42 y_server.py:201 Server timestamp: 1788396641.998994 | Client timestamp: 1788396642.052473 | Deserialization time: 0.007558s
DEBUG 2026-09-03 09:50:42 y_server.py:274 Skipping observation #0 - Timestep predicted already!
DEBUG 2026-09-03 09:50:42 y_server.py:210 Observation #0 has been filtered out
DEBUG 2026-09-03 09:50:42 y_server.py:176 Receiving observations from ipv4:192.168.100.50:43068
INFO 2026-09-03 09:50:42 ort/utils.py:78 <Logger policy_server (NOTSET)> Starting receiver
DEBUG 2026-09-03 09:50:42 ort/utils.py:80 <Logger policy_server (NOTSET)> Received item
DEBUG 2026-09-03 09:50:42 ort/utils.py:89 <Logger policy_server (NOTSET)> Received data at step 0
DEBUG 2026-09-03 09:50:42 ort/utils.py:80 <Logger policy_server (NOTSET)> Received item
DEBUG 2026-09-03 09:50:42 ort/utils.py:97 <Logger policy_server (NOTSET)> Received data at step end size 2766007
DEBUG 2026-09-03 09:50:42 y_server.py:186 Received observation #0
DEBUG 2026-09-03 09:50:42 y_server.py:194 Received observation #0 | Avg FPS: 28.24 | Target: 30.00 | One-way latency: -55.02ms
DEBUG 2026-09-03 09:50:42 y_server.py:201 Server timestamp: 1788396642.030876 | Client timestamp: 1788396642.085899 | Deserialization time: 0.006308s
DEBUG 2026-09-03 09:50:42 y_server.py:274 Skipping observation #0 - Timestep predicted already!
DEBUG 2026-09-03 09:50:42 y_server.py:210 Observation #0 has been filtered out
DEBUG 2026-09-03 09:50:42 y_server.py:176 Receiving observations from ipv4:192.168.100.50:43068
INFO 2026-09-03 09:50:42 ort/utils.py:78 <Logger policy_server (NOTSET)> Starting receiver
DEBUG 2026-09-03 09:50:42 ort/utils.py:80 <Logger policy_server (NOTSET)> Received item
DEBUG 2026-09-03 09:50:42 ort/utils.py:89 <Logger policy_server (NOTSET)> Received data at step 0
DEBUG 2026-09-03 09:50:42 ort/utils.py:80 <Logger policy_server (NOTSET)> Received item
DEBUG 2026-09-03 09:50:42 ort/utils.py:97 <Logger policy_server (NOTSET)> Received data at step end size 2766007
DEBUG 2026-09-03 09:50:42 y_server.py:186 Received observation #0
DEBUG 2026-09-03 09:50:42 y_server.py:194 Received observation #0 | Avg FPS: 27.71 | Target: 30.00 | One-way latency: -55.03ms
DEBUG 2026-09-03 09:50:42 y_server.py:201 Server timestamp: 1788396642.074466 | Client timestamp: 1788396642.129499 | Deserialization time: 0.007394s
DEBUG 2026-09-03 09:50:42 y_server.py:274 Skipping observation #0 - Timestep predicted already!
DEBUG 2026-09-03 09:50:42 y_server.py:210 Observation #0 has been filtered out
DEBUG 2026-09-03 09:50:42 y_server.py:176 Receiving observations from ipv4:192.168.100.50:43068
INFO 2026-09-03 09:50:42 ort/utils.py:78 <Logger policy_server (NOTSET)> Starting receiver
DEBUG 2026-09-03 09:50:42 ort/utils.py:80 <Logger policy_server (NOTSET)> Received item
DEBUG 2026-09-03 09:50:42 ort/utils.py:89 <Logger policy_server (NOTSET)> Received data at step 0
DEBUG 2026-09-03 09:50:42 ort/utils.py:80 <Logger policy_server (NOTSET)> Received item
DEBUG 2026-09-03 09:50:42 ort/utils.py:97 <Logger policy_server (NOTSET)> Received data at step end size 2766007
DEBUG 2026-09-03 09:50:42 y_server.py:186 Received observation #0
DEBUG 2026-09-03 09:50:42 y_server.py:194 Received observation #0 | Avg FPS: 27.87 | Target: 30.00 | One-way latency: -55.01ms
DEBUG 2026-09-03 09:50:42 y_server.py:201 Server timestamp: 1788396642.107874 | Client timestamp: 1788396642.162884 | Deserialization time: 0.019229s
DEBUG 2026-09-03 09:50:42 y_server.py:274 Skipping observation #0 - Timestep predicted already!
DEBUG 2026-09-03 09:50:42 y_server.py:210 Observation #0 has been filtered out
DEBUG 2026-09-03 09:50:42 y_server.py:176 Receiving observations from ipv4:192.168.100.50:43068
INFO 2026-09-03 09:50:42 ort/utils.py:78 <Logger policy_server (NOTSET)> Starting receiver
DEBUG 2026-09-03 09:50:42 ort/utils.py:80 <Logger policy_server (NOTSET)> Received item
DEBUG 2026-09-03 09:50:42 ort/utils.py:89 <Logger policy_server (NOTSET)> Received data at step 0
DEBUG 2026-09-03 09:50:42 ort/utils.py:80 <Logger policy_server (NOTSET)> Received item
DEBUG 2026-09-03 09:50:42 ort/utils.py:97 <Logger policy_server (NOTSET)> Received data at step end size 2766007
DEBUG 2026-09-03 09:50:42 y_server.py:186 Received observation #0
DEBUG 2026-09-03 09:50:42 y_server.py:194 Received observation #0 | Avg FPS: 27.76 | Target: 30.00 | One-way latency: -54.75ms
DEBUG 2026-09-03 09:50:42 y_server.py:201 Server timestamp: 1788396642.146105 | Client timestamp: 1788396642.200851 | Deserialization time: 0.008363s
DEBUG 2026-09-03 09:50:42 y_server.py:274 Skipping observation #0 - Timestep predicted already!
DEBUG 2026-09-03 09:50:42 y_server.py:210 Observation #0 has been filtered out
DEBUG 2026-09-03 09:50:42 y_server.py:176 Receiving observations from ipv4:192.168.100.50:43068
INFO 2026-09-03 09:50:42 ort/utils.py:78 <Logger policy_server (NOTSET)> Starting receiver
DEBUG 2026-09-03 09:50:42 ort/utils.py:80 <Logger policy_server (NOTSET)> Received item
DEBUG 2026-09-03 09:50:42 ort/utils.py:89 <Logger policy_server (NOTSET)> Received data at step 0
DEBUG 2026-09-03 09:50:42 ort/utils.py:80 <Logger policy_server (NOTSET)> Received item
DEBUG 2026-09-03 09:50:42 ort/utils.py:97 <Logger policy_server (NOTSET)> Received data at step end size 2766007
DEBUG 2026-09-03 09:50:42 y_server.py:186 Received observation #0
DEBUG 2026-09-03 09:50:42 y_server.py:194 Received observation #0 | Avg FPS: 27.69 | Target: 30.00 | One-way latency: -54.74ms
DEBUG 2026-09-03 09:50:42 y_server.py:201 Server timestamp: 1788396642.183407 | Client timestamp: 1788396642.238146 | Deserialization time: 0.007721s
DEBUG 2026-09-03 09:50:42 y_server.py:274 Skipping observation #0 - Timestep predicted already!
DEBUG 2026-09-03 09:50:42 y_server.py:210 Observation #0 has been filtered out
DEBUG 2026-09-03 09:50:42 y_server.py:176 Receiving observations from ipv4:192.168.100.50:43068
INFO 2026-09-03 09:50:42 ort/utils.py:78 <Logger policy_server (NOTSET)> Starting receiver
DEBUG 2026-09-03 09:50:42 ort/utils.py:80 <Logger policy_server (NOTSET)> Received item
DEBUG 2026-09-03 09:50:42 ort/utils.py:89 <Logger policy_server (NOTSET)> Received data at step 0
DEBUG 2026-09-03 09:50:42 ort/utils.py:80 <Logger policy_server (NOTSET)> Received item
DEBUG 2026-09-03 09:50:42 ort/utils.py:97 <Logger policy_server (NOTSET)> Received data at step end size 2766007
DEBUG 2026-09-03 09:50:42 y_server.py:186 Received observation #0
DEBUG 2026-09-03 09:50:42 y_server.py:194 Received observation #0 | Avg FPS: 27.62 | Target: 30.00 | One-way latency: -54.27ms
DEBUG 2026-09-03 09:50:42 y_server.py:201 Server timestamp: 1788396642.221511 | Client timestamp: 1788396642.275780 | Deserialization time: 0.006307s
DEBUG 2026-09-03 09:50:42 y_server.py:274 Skipping observation #0 - Timestep predicted already!
DEBUG 2026-09-03 09:50:42 y_server.py:210 Observation #0 has been filtered out
DEBUG 2026-09-03 09:50:42 y_server.py:176 Receiving observations from ipv4:192.168.100.50:43068
INFO 2026-09-03 09:50:42 ort/utils.py:78 <Logger policy_server (NOTSET)> Starting receiver
DEBUG 2026-09-03 09:50:42 ort/utils.py:80 <Logger policy_server (NOTSET)> Received item
DEBUG 2026-09-03 09:50:42 ort/utils.py:89 <Logger policy_server (NOTSET)> Received data at step 0
DEBUG 2026-09-03 09:50:42 ort/utils.py:80 <Logger policy_server (NOTSET)> Received item
DEBUG 2026-09-03 09:50:42 ort/utils.py:97 <Logger policy_server (NOTSET)> Received data at step end size 2766007
DEBUG 2026-09-03 09:50:42 y_server.py:186 Received observation #0
DEBUG 2026-09-03 09:50:42 y_server.py:194 Received observation #0 | Avg FPS: 27.67 | Target: 30.00 | One-way latency: -54.75ms
DEBUG 2026-09-03 09:50:42 y_server.py:201 Server timestamp: 1788396642.256114 | Client timestamp: 1788396642.310869 | Deserialization time: 0.006540s
DEBUG 2026-09-03 09:50:42 y_server.py:274 Skipping observation #0 - Timestep predicted already!
DEBUG 2026-09-03 09:50:42 y_server.py:210 Observation #0 has been filtered out
DEBUG 2026-09-03 09:50:42 y_server.py:176 Receiving observations from ipv4:192.168.100.50:43068
INFO 2026-09-03 09:50:42 ort/utils.py:78 <Logger policy_server (NOTSET)> Starting receiver
DEBUG 2026-09-03 09:50:42 ort/utils.py:80 <Logger policy_server (NOTSET)> Received item
DEBUG 2026-09-03 09:50:42 ort/utils.py:89 <Logger policy_server (NOTSET)> Received data at step 0
DEBUG 2026-09-03 09:50:42 ort/utils.py:80 <Logger policy_server (NOTSET)> Received item
DEBUG 2026-09-03 09:50:42 ort/utils.py:97 <Logger policy_server (NOTSET)> Received data at step end size 2766007
DEBUG 2026-09-03 09:50:42 y_server.py:186 Received observation #0
DEBUG 2026-09-03 09:50:42 y_server.py:194 Received observation #0 | Avg FPS: 27.78 | Target: 30.00 | One-way latency: -54.98ms
DEBUG 2026-09-03 09:50:42 y_server.py:201 Server timestamp: 1788396642.289325 | Client timestamp: 1788396642.344310 | Deserialization time: 0.006285s
DEBUG 2026-09-03 09:50:42 y_server.py:274 Skipping observation #0 - Timestep predicted already!
DEBUG 2026-09-03 09:50:42 y_server.py:210 Observation #0 has been filtered out
DEBUG 2026-09-03 09:50:42 y_server.py:176 Receiving observations from ipv4:192.168.100.50:43068
INFO 2026-09-03 09:50:42 ort/utils.py:78 <Logger policy_server (NOTSET)> Starting receiver
DEBUG 2026-09-03 09:50:42 ort/utils.py:80 <Logger policy_server (NOTSET)> Received item
DEBUG 2026-09-03 09:50:42 ort/utils.py:89 <Logger policy_server (NOTSET)> Received data at step 0
DEBUG 2026-09-03 09:50:42 ort/utils.py:80 <Logger policy_server (NOTSET)> Received item
DEBUG 2026-09-03 09:50:42 ort/utils.py:97 <Logger policy_server (NOTSET)> Received data at step end size 2766007
DEBUG 2026-09-03 09:50:42 y_server.py:186 Received observation #0
DEBUG 2026-09-03 09:50:42 y_server.py:194 Received observation #0 | Avg FPS: 27.86 | Target: 30.00 | One-way latency: -55.24ms
DEBUG 2026-09-03 09:50:42 y_server.py:201 Server timestamp: 1788396642.323289 | Client timestamp: 1788396642.378533 | Deserialization time: 0.016902s
DEBUG 2026-09-03 09:50:42 y_server.py:274 Skipping observation #0 - Timestep predicted already!
DEBUG 2026-09-03 09:50:42 y_server.py:210 Observation #0 has been filtered out
DEBUG 2026-09-03 09:50:42 y_server.py:176 Receiving observations from ipv4:192.168.100.50:43068
INFO 2026-09-03 09:50:42 ort/utils.py:78 <Logger policy_server (NOTSET)> Starting receiver
DEBUG 2026-09-03 09:50:42 ort/utils.py:80 <Logger policy_server (NOTSET)> Received item
DEBUG 2026-09-03 09:50:42 ort/utils.py:89 <Logger policy_server (NOTSET)> Received data at step 0
DEBUG 2026-09-03 09:50:42 ort/utils.py:80 <Logger policy_server (NOTSET)> Received item
DEBUG 2026-09-03 09:50:42 ort/utils.py:97 <Logger policy_server (NOTSET)> Received data at step end size 2766007
DEBUG 2026-09-03 09:50:42 y_server.py:186 Received observation #0
DEBUG 2026-09-03 09:50:42 y_server.py:194 Received observation #0 | Avg FPS: 27.95 | Target: 30.00 | One-way latency: -53.55ms
DEBUG 2026-09-03 09:50:42 y_server.py:201 Server timestamp: 1788396642.358481 | Client timestamp: 1788396642.412028 | Deserialization time: 0.007016s
DEBUG 2026-09-03 09:50:42 y_server.py:274 Skipping observation #0 - Timestep predicted already!
DEBUG 2026-09-03 09:50:42 y_server.py:210 Observation #0 has been filtered out
DEBUG 2026-09-03 09:50:42 y_server.py:176 Receiving observations from ipv4:192.168.100.50:43068
INFO 2026-09-03 09:50:42 ort/utils.py:78 <Logger policy_server (NOTSET)> Starting receiver
DEBUG 2026-09-03 09:50:42 ort/utils.py:80 <Logger policy_server (NOTSET)> Received item
DEBUG 2026-09-03 09:50:42 ort/utils.py:89 <Logger policy_server (NOTSET)> Received data at step 0
DEBUG 2026-09-03 09:50:42 ort/utils.py:80 <Logger policy_server (NOTSET)> Received item
DEBUG 2026-09-03 09:50:42 ort/utils.py:97 <Logger policy_server (NOTSET)> Received data at step end size 2766007
DEBUG 2026-09-03 09:50:42 y_server.py:186 Received observation #0
DEBUG 2026-09-03 09:50:42 y_server.py:194 Received observation #0 | Avg FPS: 28.04 | Target: 30.00 | One-way latency: -54.61ms
DEBUG 2026-09-03 09:50:42 y_server.py:201 Server timestamp: 1788396642.390817 | Client timestamp: 1788396642.445426 | Deserialization time: 0.006475s
DEBUG 2026-09-03 09:50:42 y_server.py:274 Skipping observation #0 - Timestep predicted already!
DEBUG 2026-09-03 09:50:42 y_server.py:210 Observation #0 has been filtered out
DEBUG 2026-09-03 09:50:42 y_server.py:176 Receiving observations from ipv4:192.168.100.50:43068
INFO 2026-09-03 09:50:42 ort/utils.py:78 <Logger policy_server (NOTSET)> Starting receiver
DEBUG 2026-09-03 09:50:42 ort/utils.py:80 <Logger policy_server (NOTSET)> Received item
DEBUG 2026-09-03 09:50:42 ort/utils.py:89 <Logger policy_server (NOTSET)> Received data at step 0
DEBUG 2026-09-03 09:50:42 ort/utils.py:80 <Logger policy_server (NOTSET)> Received item
DEBUG 2026-09-03 09:50:42 ort/utils.py:97 <Logger policy_server (NOTSET)> Received data at step end size 2766007
DEBUG 2026-09-03 09:50:42 y_server.py:186 Received observation #0
DEBUG 2026-09-03 09:50:42 y_server.py:194 Received observation #0 | Avg FPS: 28.12 | Target: 30.00 | One-way latency: -43.42ms
DEBUG 2026-09-03 09:50:42 y_server.py:201 Server timestamp: 1788396642.435373 | Client timestamp: 1788396642.478796 | Deserialization time: 0.007547s
DEBUG 2026-09-03 09:50:42 y_server.py:274 Skipping observation #0 - Timestep predicted already!
DEBUG 2026-09-03 09:50:42 y_server.py:210 Observation #0 has been filtered out
DEBUG 2026-09-03 09:50:42 y_server.py:176 Receiving observations from ipv4:192.168.100.50:43068
INFO 2026-09-03 09:50:42 ort/utils.py:78 <Logger policy_server (NOTSET)> Starting receiver
DEBUG 2026-09-03 09:50:42 ort/utils.py:80 <Logger policy_server (NOTSET)> Received item
DEBUG 2026-09-03 09:50:42 ort/utils.py:89 <Logger policy_server (NOTSET)> Received data at step 0
DEBUG 2026-09-03 09:50:42 ort/utils.py:80 <Logger policy_server (NOTSET)> Received item
DEBUG 2026-09-03 09:50:42 ort/utils.py:97 <Logger policy_server (NOTSET)> Received data at step end size 2766007
DEBUG 2026-09-03 09:50:42 y_server.py:186 Received observation #0
DEBUG 2026-09-03 09:50:42 y_server.py:194 Received observation #0 | Avg FPS: 28.19 | Target: 30.00 | One-way latency: -55.21ms
DEBUG 2026-09-03 09:50:42 y_server.py:201 Server timestamp: 1788396642.456992 | Client timestamp: 1788396642.512204 | Deserialization time: 0.006856s
DEBUG 2026-09-03 09:50:42 y_server.py:274 Skipping observation #0 - Timestep predicted already!
DEBUG 2026-09-03 09:50:42 y_server.py:210 Observation #0 has been filtered out
DEBUG 2026-09-03 09:50:42 y_server.py:176 Receiving observations from ipv4:192.168.100.50:43068
INFO 2026-09-03 09:50:42 ort/utils.py:78 <Logger policy_server (NOTSET)> Starting receiver
DEBUG 2026-09-03 09:50:42 ort/utils.py:80 <Logger policy_server (NOTSET)> Received item
DEBUG 2026-09-03 09:50:42 ort/utils.py:89 <Logger policy_server (NOTSET)> Received data at step 0
DEBUG 2026-09-03 09:50:42 ort/utils.py:80 <Logger policy_server (NOTSET)> Received item
DEBUG 2026-09-03 09:50:42 ort/utils.py:97 <Logger policy_server (NOTSET)> Received data at step end size 2766007
DEBUG 2026-09-03 09:50:42 y_server.py:186 Received observation #0
DEBUG 2026-09-03 09:50:42 y_server.py:194 Received observation #0 | Avg FPS: 28.26 | Target: 30.00 | One-way latency: -55.38ms
DEBUG 2026-09-03 09:50:42 y_server.py:201 Server timestamp: 1788396642.490204 | Client timestamp: 1788396642.545588 | Deserialization time: 0.006106s
DEBUG 2026-09-03 09:50:42 y_server.py:274 Skipping observation #0 - Timestep predicted already!
DEBUG 2026-09-03 09:50:42 y_server.py:210 Observation #0 has been filtered out
DEBUG 2026-09-03 09:50:42 y_server.py:176 Receiving observations from ipv4:192.168.100.50:43068
INFO 2026-09-03 09:50:42 ort/utils.py:78 <Logger policy_server (NOTSET)> Starting receiver
DEBUG 2026-09-03 09:50:42 ort/utils.py:80 <Logger policy_server (NOTSET)> Received item
DEBUG 2026-09-03 09:50:42 ort/utils.py:89 <Logger policy_server (NOTSET)> Received data at step 0
DEBUG 2026-09-03 09:50:42 ort/utils.py:80 <Logger policy_server (NOTSET)> Received item
DEBUG 2026-09-03 09:50:42 ort/utils.py:97 <Logger policy_server (NOTSET)> Received data at step end size 2766007
DEBUG 2026-09-03 09:50:42 y_server.py:186 Received observation #0
DEBUG 2026-09-03 09:50:42 y_server.py:194 Received observation #0 | Avg FPS: 28.33 | Target: 30.00 | One-way latency: -54.57ms
DEBUG 2026-09-03 09:50:42 y_server.py:201 Server timestamp: 1788396642.524488 | Client timestamp: 1788396642.579057 | Deserialization time: 0.007099s
DEBUG 2026-09-03 09:50:42 y_server.py:274 Skipping observation #0 - Timestep predicted already!
DEBUG 2026-09-03 09:50:42 y_server.py:210 Observation #0 has been filtered out
DEBUG 2026-09-03 09:50:42 y_server.py:176 Receiving observations from ipv4:192.168.100.50:43068
INFO 2026-09-03 09:50:42 ort/utils.py:78 <Logger policy_server (NOTSET)> Starting receiver
DEBUG 2026-09-03 09:50:42 ort/utils.py:80 <Logger policy_server (NOTSET)> Received item
DEBUG 2026-09-03 09:50:42 ort/utils.py:89 <Logger policy_server (NOTSET)> Received data at step 0
DEBUG 2026-09-03 09:50:42 ort/utils.py:80 <Logger policy_server (NOTSET)> Received item
DEBUG 2026-09-03 09:50:42 ort/utils.py:97 <Logger policy_server (NOTSET)> Received data at step end size 2766007
DEBUG 2026-09-03 09:50:42 y_server.py:186 Received observation #0
DEBUG 2026-09-03 09:50:42 y_server.py:194 Received observation #0 | Avg FPS: 28.23 | Target: 30.00 | One-way latency: -55.04ms
DEBUG 2026-09-03 09:50:42 y_server.py:201 Server timestamp: 1788396642.562560 | Client timestamp: 1788396642.617601 | Deserialization time: 0.010859s
DEBUG 2026-09-03 09:50:42 y_server.py:274 Skipping observation #0 - Timestep predicted already!
DEBUG 2026-09-03 09:50:42 y_server.py:210 Observation #0 has been filtered out
DEBUG 2026-09-03 09:50:42 y_server.py:176 Receiving observations from ipv4:192.168.100.50:43068
INFO 2026-09-03 09:50:42 ort/utils.py:78 <Logger policy_server (NOTSET)> Starting receiver
DEBUG 2026-09-03 09:50:42 ort/utils.py:80 <Logger policy_server (NOTSET)> Received item
DEBUG 2026-09-03 09:50:42 ort/utils.py:89 <Logger policy_server (NOTSET)> Received data at step 0
DEBUG 2026-09-03 09:50:42 ort/utils.py:80 <Logger policy_server (NOTSET)> Received item
DEBUG 2026-09-03 09:50:42 ort/utils.py:97 <Logger policy_server (NOTSET)> Received data at step end size 2766007
DEBUG 2026-09-03 09:50:42 y_server.py:186 Received observation #0
DEBUG 2026-09-03 09:50:42 y_server.py:194 Received observation #0 | Avg FPS: 28.28 | Target: 30.00 | One-way latency: -54.57ms
DEBUG 2026-09-03 09:50:42 y_server.py:201 Server timestamp: 1788396642.596773 | Client timestamp: 1788396642.651343 | Deserialization time: 0.005829s
DEBUG 2026-09-03 09:50:42 y_server.py:274 Skipping observation #0 - Timestep predicted already!
DEBUG 2026-09-03 09:50:42 y_server.py:210 Observation #0 has been filtered out
DEBUG 2026-09-03 09:50:42 y_server.py:176 Receiving observations from ipv4:192.168.100.50:43068
INFO 2026-09-03 09:50:42 ort/utils.py:78 <Logger policy_server (NOTSET)> Starting receiver
DEBUG 2026-09-03 09:50:42 ort/utils.py:80 <Logger policy_server (NOTSET)> Received item
DEBUG 2026-09-03 09:50:42 ort/utils.py:89 <Logger policy_server (NOTSET)> Received data at step 0
DEBUG 2026-09-03 09:50:42 ort/utils.py:80 <Logger policy_server (NOTSET)> Received item
DEBUG 2026-09-03 09:50:42 ort/utils.py:97 <Logger policy_server (NOTSET)> Received data at step end size 2766007
DEBUG 2026-09-03 09:50:42 y_server.py:186 Received observation #0
DEBUG 2026-09-03 09:50:42 y_server.py:194 Received observation #0 | Avg FPS: 28.21 | Target: 30.00 | One-way latency: -53.81ms
DEBUG 2026-09-03 09:50:42 y_server.py:201 Server timestamp: 1788396642.635206 | Client timestamp: 1788396642.689013 | Deserialization time: 0.010373s
DEBUG 2026-09-03 09:50:42 y_server.py:274 Skipping observation #0 - Timestep predicted already!
DEBUG 2026-09-03 09:50:42 y_server.py:210 Observation #0 has been filtered out
DEBUG 2026-09-03 09:50:42 y_server.py:176 Receiving observations from ipv4:192.168.100.50:43068
INFO 2026-09-03 09:50:42 ort/utils.py:78 <Logger policy_server (NOTSET)> Starting receiver
DEBUG 2026-09-03 09:50:42 ort/utils.py:80 <Logger policy_server (NOTSET)> Received item
DEBUG 2026-09-03 09:50:42 ort/utils.py:89 <Logger policy_server (NOTSET)> Received data at step 0
DEBUG 2026-09-03 09:50:42 ort/utils.py:80 <Logger policy_server (NOTSET)> Received item
DEBUG 2026-09-03 09:50:42 ort/utils.py:97 <Logger policy_server (NOTSET)> Received data at step end size 2766007
DEBUG 2026-09-03 09:50:42 y_server.py:186 Received observation #0
DEBUG 2026-09-03 09:50:42 y_server.py:194 Received observation #0 | Avg FPS: 28.25 | Target: 30.00 | One-way latency: -55.00ms
DEBUG 2026-09-03 09:50:42 y_server.py:201 Server timestamp: 1788396642.667847 | Client timestamp: 1788396642.722844 | Deserialization time: 0.006819s
DEBUG 2026-09-03 09:50:42 y_server.py:274 Skipping observation #0 - Timestep predicted already!
DEBUG 2026-09-03 09:50:42 y_server.py:210 Observation #0 has been filtered out
DEBUG 2026-09-03 09:50:42 y_server.py:176 Receiving observations from ipv4:192.168.100.50:43068
INFO 2026-09-03 09:50:42 ort/utils.py:78 <Logger policy_server (NOTSET)> Starting receiver
DEBUG 2026-09-03 09:50:42 ort/utils.py:80 <Logger policy_server (NOTSET)> Received item
DEBUG 2026-09-03 09:50:42 ort/utils.py:89 <Logger policy_server (NOTSET)> Received data at step 0
DEBUG 2026-09-03 09:50:42 ort/utils.py:80 <Logger policy_server (NOTSET)> Received item
DEBUG 2026-09-03 09:50:42 ort/utils.py:97 <Logger policy_server (NOTSET)> Received data at step end size 2766007
DEBUG 2026-09-03 09:50:42 y_server.py:186 Received observation #0
DEBUG 2026-09-03 09:50:42 y_server.py:194 Received observation #0 | Avg FPS: 28.24 | Target: 30.00 | One-way latency: -53.14ms
DEBUG 2026-09-03 09:50:42 y_server.py:201 Server timestamp: 1788396642.705618 | Client timestamp: 1788396642.758763 | Deserialization time: 0.006547s
DEBUG 2026-09-03 09:50:42 y_server.py:274 Skipping observation #0 - Timestep predicted already!
DEBUG 2026-09-03 09:50:42 y_server.py:210 Observation #0 has been filtered out
DEBUG 2026-09-03 09:50:42 y_server.py:176 Receiving observations from ipv4:192.168.100.50:43068
INFO 2026-09-03 09:50:42 ort/utils.py:78 <Logger policy_server (NOTSET)> Starting receiver
DEBUG 2026-09-03 09:50:42 ort/utils.py:80 <Logger policy_server (NOTSET)> Received item
DEBUG 2026-09-03 09:50:42 ort/utils.py:89 <Logger policy_server (NOTSET)> Received data at step 0
DEBUG 2026-09-03 09:50:42 ort/utils.py:80 <Logger policy_server (NOTSET)> Received item
DEBUG 2026-09-03 09:50:42 ort/utils.py:97 <Logger policy_server (NOTSET)> Received data at step end size 2766007
DEBUG 2026-09-03 09:50:42 y_server.py:186 Received observation #0
DEBUG 2026-09-03 09:50:42 y_server.py:194 Received observation #0 | Avg FPS: 28.27 | Target: 30.00 | One-way latency: -54.74ms
DEBUG 2026-09-03 09:50:42 y_server.py:201 Server timestamp: 1788396642.738302 | Client timestamp: 1788396642.793040 | Deserialization time: 0.008254s
DEBUG 2026-09-03 09:50:42 y_server.py:274 Skipping observation #0 - Timestep predicted already!
DEBUG 2026-09-03 09:50:42 y_server.py:210 Observation #0 has been filtered out
DEBUG 2026-09-03 09:50:42 y_server.py:176 Receiving observations from ipv4:192.168.100.50:43068
INFO 2026-09-03 09:50:42 ort/utils.py:78 <Logger policy_server (NOTSET)> Starting receiver
DEBUG 2026-09-03 09:50:42 ort/utils.py:80 <Logger policy_server (NOTSET)> Received item
DEBUG 2026-09-03 09:50:42 ort/utils.py:89 <Logger policy_server (NOTSET)> Received data at step 0
DEBUG 2026-09-03 09:50:42 ort/utils.py:80 <Logger policy_server (NOTSET)> Received item
DEBUG 2026-09-03 09:50:42 ort/utils.py:97 <Logger policy_server (NOTSET)> Received data at step end size 2766007
DEBUG 2026-09-03 09:50:42 y_server.py:186 Received observation #0
DEBUG 2026-09-03 09:50:42 y_server.py:194 Received observation #0 | Avg FPS: 28.30 | Target: 30.00 | One-way latency: -52.40ms
DEBUG 2026-09-03 09:50:42 y_server.py:201 Server timestamp: 1788396642.774810 | Client timestamp: 1788396642.827207 | Deserialization time: 0.006530s
DEBUG 2026-09-03 09:50:42 y_server.py:274 Skipping observation #0 - Timestep predicted already!
DEBUG 2026-09-03 09:50:42 y_server.py:210 Observation #0 has been filtered out
DEBUG 2026-09-03 09:50:42 y_server.py:176 Receiving observations from ipv4:192.168.100.50:43068
INFO 2026-09-03 09:50:42 ort/utils.py:78 <Logger policy_server (NOTSET)> Starting receiver
DEBUG 2026-09-03 09:50:42 ort/utils.py:80 <Logger policy_server (NOTSET)> Received item
DEBUG 2026-09-03 09:50:42 ort/utils.py:89 <Logger policy_server (NOTSET)> Received data at step 0
DEBUG 2026-09-03 09:50:42 ort/utils.py:80 <Logger policy_server (NOTSET)> Received item
DEBUG 2026-09-03 09:50:42 ort/utils.py:97 <Logger policy_server (NOTSET)> Received data at step end size 2766007
DEBUG 2026-09-03 09:50:42 y_server.py:186 Received observation #0
DEBUG 2026-09-03 09:50:42 y_server.py:194 Received observation #0 | Avg FPS: 28.31 | Target: 30.00 | One-way latency: -54.69ms
DEBUG 2026-09-03 09:50:42 y_server.py:201 Server timestamp: 1788396642.807279 | Client timestamp: 1788396642.861974 | Deserialization time: 0.006984s
DEBUG 2026-09-03 09:50:42 y_server.py:274 Skipping observation #0 - Timestep predicted already!
DEBUG 2026-09-03 09:50:42 y_server.py:210 Observation #0 has been filtered out
DEBUG 2026-09-03 09:50:42 y_server.py:176 Receiving observations from ipv4:192.168.100.50:43068
INFO 2026-09-03 09:50:42 ort/utils.py:78 <Logger policy_server (NOTSET)> Starting receiver
DEBUG 2026-09-03 09:50:42 ort/utils.py:80 <Logger policy_server (NOTSET)> Received item
DEBUG 2026-09-03 09:50:42 ort/utils.py:89 <Logger policy_server (NOTSET)> Received data at step 0
DEBUG 2026-09-03 09:50:42 ort/utils.py:80 <Logger policy_server (NOTSET)> Received item
DEBUG 2026-09-03 09:50:42 ort/utils.py:97 <Logger policy_server (NOTSET)> Received data at step end size 2766007
DEBUG 2026-09-03 09:50:42 y_server.py:186 Received observation #0
DEBUG 2026-09-03 09:50:42 y_server.py:194 Received observation #0 | Avg FPS: 28.35 | Target: 30.00 | One-way latency: -54.86ms
DEBUG 2026-09-03 09:50:42 y_server.py:201 Server timestamp: 1788396642.841070 | Client timestamp: 1788396642.895929 | Deserialization time: 0.013400s
DEBUG 2026-09-03 09:50:42 y_server.py:274 Skipping observation #0 - Timestep predicted already!
DEBUG 2026-09-03 09:50:42 y_server.py:210 Observation #0 has been filtered out
DEBUG 2026-09-03 09:50:42 y_server.py:176 Receiving observations from ipv4:192.168.100.50:43068
INFO 2026-09-03 09:50:42 ort/utils.py:78 <Logger policy_server (NOTSET)> Starting receiver
DEBUG 2026-09-03 09:50:42 ort/utils.py:80 <Logger policy_server (NOTSET)> Received item
DEBUG 2026-09-03 09:50:42 ort/utils.py:89 <Logger policy_server (NOTSET)> Received data at step 0
DEBUG 2026-09-03 09:50:42 ort/utils.py:80 <Logger policy_server (NOTSET)> Received item
DEBUG 2026-09-03 09:50:42 ort/utils.py:97 <Logger policy_server (NOTSET)> Received data at step end size 2766007
DEBUG 2026-09-03 09:50:42 y_server.py:186 Received observation #0
DEBUG 2026-09-03 09:50:42 y_server.py:194 Received observation #0 | Avg FPS: 28.38 | Target: 30.00 | One-way latency: -53.91ms
DEBUG 2026-09-03 09:50:42 y_server.py:201 Server timestamp: 1788396642.875729 | Client timestamp: 1788396642.929635 | Deserialization time: 0.006666s
DEBUG 2026-09-03 09:50:42 y_server.py:274 Skipping observation #0 - Timestep predicted already!
DEBUG 2026-09-03 09:50:42 y_server.py:210 Observation #0 has been filtered out
INFO 2026-09-03 09:50:42 y_server.py:359 Preprocessing and inference took 1.1616s, action shape: torch.Size([1, 50, 24])
DEBUG 2026-09-03 09:50:42 y_server.py:176 Receiving observations from ipv4:192.168.100.50:43068
INFO 2026-09-03 09:50:42 ort/utils.py:78 <Logger policy_server (NOTSET)> Starting receiver
DEBUG 2026-09-03 09:50:42 y_server.py:380 Postprocessed action shape: torch.Size([50, 24])
INFO 2026-09-03 09:50:42 y_server.py:391 Observation 0 | Total time: 1237.54ms
DEBUG 2026-09-03 09:50:42 y_server.py:396 Observation 0 | Prepare time: 5.80ms | Preprocessing time: 63.67ms | Inference time: 1161.57ms | Postprocessing time: 6.24ms | Total time: 1237.54ms
INFO 2026-09-03 09:50:42 y_server.py:242 Action chunk #0 generated | Total time: 1240.11ms
DEBUG 2026-09-03 09:50:42 y_server.py:247 Action chunk #0 generated | Inference time: 1.24s |Serialize time: 0.00s |Total time: 1.24s
DEBUG 2026-09-03 09:50:42 ort/utils.py:80 <Logger policy_server (NOTSET)> Received item
DEBUG 2026-09-03 09:50:42 ort/utils.py:89 <Logger policy_server (NOTSET)> Received data at step 0
DEBUG 2026-09-03 09:50:42 ort/utils.py:80 <Logger policy_server (NOTSET)> Received item
DEBUG 2026-09-03 09:50:42 ort/utils.py:97 <Logger policy_server (NOTSET)> Received data at step end size 2766007
DEBUG 2026-09-03 09:50:42 y_server.py:186 Received observation #0
DEBUG 2026-09-03 09:50:42 y_server.py:194 Received observation #0 | Avg FPS: 28.42 | Target: 30.00 | One-way latency: -53.37ms
DEBUG 2026-09-03 09:50:42 y_server.py:201 Server timestamp: 1788396642.909694 | Client timestamp: 1788396642.963062 | Deserialization time: 0.012557s
DEBUG 2026-09-03 09:50:42 y_server.py:274 Skipping observation #0 - Timestep predicted already!
DEBUG 2026-09-03 09:50:42 y_server.py:210 Observation #0 has been filtered out
DEBUG 2026-09-03 09:50:42 y_server.py:176 Receiving observations from ipv4:192.168.100.50:43068
INFO 2026-09-03 09:50:42 ort/utils.py:78 <Logger policy_server (NOTSET)> Starting receiver
DEBUG 2026-09-03 09:50:42 ort/utils.py:80 <Logger policy_server (NOTSET)> Received item
DEBUG 2026-09-03 09:50:42 ort/utils.py:89 <Logger policy_server (NOTSET)> Received data at step 0
DEBUG 2026-09-03 09:50:42 ort/utils.py:80 <Logger policy_server (NOTSET)> Received item
DEBUG 2026-09-03 09:50:42 ort/utils.py:97 <Logger policy_server (NOTSET)> Received data at step end size 2766007
DEBUG 2026-09-03 09:50:42 y_server.py:186 Received observation #0
DEBUG 2026-09-03 09:50:42 y_server.py:194 Received observation #0 | Avg FPS: 28.45 | Target: 30.00 | One-way latency: -55.13ms
DEBUG 2026-09-03 09:50:42 y_server.py:201 Server timestamp: 1788396642.941984 | Client timestamp: 1788396642.997113 | Deserialization time: 0.012326s
DEBUG 2026-09-03 09:50:42 y_server.py:274 Skipping observation #0 - Timestep predicted already!
DEBUG 2026-09-03 09:50:42 y_server.py:210 Observation #0 has been filtered out
DEBUG 2026-09-03 09:50:42 y_server.py:176 Receiving observations from ipv4:192.168.100.50:43068
INFO 2026-09-03 09:50:42 ort/utils.py:78 <Logger policy_server (NOTSET)> Starting receiver
DEBUG 2026-09-03 09:50:42 ort/utils.py:80 <Logger policy_server (NOTSET)> Received item
DEBUG 2026-09-03 09:50:42 ort/utils.py:89 <Logger policy_server (NOTSET)> Received data at step 0
DEBUG 2026-09-03 09:50:42 y_server.py:218 Client ipv4:192.168.100.50:43068 connected for action streaming
DEBUG 2026-09-03 09:50:42 ort/utils.py:80 <Logger policy_server (NOTSET)> Received item
DEBUG 2026-09-03 09:50:42 ort/utils.py:97 <Logger policy_server (NOTSET)> Received data at step end size 2766007
DEBUG 2026-09-03 09:50:42 y_server.py:186 Received observation #0
DEBUG 2026-09-03 09:50:42 y_server.py:194 Received observation #0 | Avg FPS: 28.45 | Target: 30.00 | One-way latency: -55.15ms
DEBUG 2026-09-03 09:50:42 y_server.py:201 Server timestamp: 1788396642.977174 | Client timestamp: 1788396643.032322 | Deserialization time: 0.008257s
DEBUG 2026-09-03 09:50:42 y_server.py:274 Skipping observation #0 - Timestep predicted already!
DEBUG 2026-09-03 09:50:42 y_server.py:210 Observation #0 has been filtered out
INFO 2026-09-03 09:50:42 y_server.py:224 Running inference for observation #0 (must_go: False)
INFO 2026-09-03 09:50:43 y_server.py:359 Preprocessing and inference took 0.4766s, action shape: torch.Size([1, 50, 24])
DEBUG 2026-09-03 09:50:43 y_server.py:380 Postprocessed action shape: torch.Size([50, 24])
INFO 2026-09-03 09:50:43 y_server.py:391 Observation 0 | Total time: 484.87ms
DEBUG 2026-09-03 09:50:43 y_server.py:396 Observation 0 | Prepare time: 4.03ms | Preprocessing time: 2.08ms | Inference time: 476.63ms | Postprocessing time: 1.82ms | Total time: 484.87ms
INFO 2026-09-03 09:50:43 y_server.py:242 Action chunk #0 generated | Total time: 487.50ms
DEBUG 2026-09-03 09:50:43 y_server.py:247 Action chunk #0 generated | Inference time: 0.49s |Serialize time: 0.00s |Total time: 0.49s
DEBUG 2026-09-03 09:50:43 y_server.py:218 Client ipv4:192.168.100.50:43068 connected for action streaming
DEBUG 2026-09-03 09:50:43 y_server.py:176 Receiving observations from ipv4:192.168.100.50:43068
INFO 2026-09-03 09:50:43 ort/utils.py:78 <Logger policy_server (NOTSET)> Starting receiver
DEBUG 2026-09-03 09:50:43 ort/utils.py:80 <Logger policy_server (NOTSET)> Received item
DEBUG 2026-09-03 09:50:43 ort/utils.py:89 <Logger policy_server (NOTSET)> Received data at step 0
DEBUG 2026-09-03 09:50:43 ort/utils.py:80 <Logger policy_server (NOTSET)> Received item
DEBUG 2026-09-03 09:50:43 ort/utils.py:97 <Logger policy_server (NOTSET)> Received data at step end size 2766007
DEBUG 2026-09-03 09:50:43 y_server.py:186 Received observation #24
DEBUG 2026-09-03 09:50:43 y_server.py:194 Received observation #24 | Avg FPS: 17.18 | Target: 30.00 | One-way latency: -54.56ms
DEBUG 2026-09-03 09:50:43 y_server.py:201 Server timestamp: 1788396643.912474 | Client timestamp: 1788396643.967032 | Deserialization time: 0.006305s
DEBUG 2026-09-03 09:50:43 y_server.py:278 Skipping observation #24 - Observation too similar to last obs predicted!
DEBUG 2026-09-03 09:50:43 y_server.py:210 Observation #24 has been filtered out
DEBUG 2026-09-03 09:50:43 y_server.py:176 Receiving observations from ipv4:192.168.100.50:43068
INFO 2026-09-03 09:50:43 ort/utils.py:78 <Logger policy_server (NOTSET)> Starting receiver
DEBUG 2026-09-03 09:50:43 ort/utils.py:80 <Logger policy_server (NOTSET)> Received item
DEBUG 2026-09-03 09:50:43 ort/utils.py:89 <Logger policy_server (NOTSET)> Received data at step 0
DEBUG 2026-09-03 09:50:43 ort/utils.py:80 <Logger policy_server (NOTSET)> Received item
DEBUG 2026-09-03 09:50:43 ort/utils.py:97 <Logger policy_server (NOTSET)> Received data at step end size 2766007
DEBUG 2026-09-03 09:50:43 y_server.py:186 Received observation #25
DEBUG 2026-09-03 09:50:43 y_server.py:194 Received observation #25 | Avg FPS: 17.27 | Target: 30.00 | One-way latency: -55.09ms
DEBUG 2026-09-03 09:50:43 y_server.py:201 Server timestamp: 1788396643.957345 | Client timestamp: 1788396644.012432 | Deserialization time: 0.008159s
DEBUG 2026-09-03 09:50:43 y_server.py:278 Skipping observation #25 - Observation too similar to last obs predicted!
DEBUG 2026-09-03 09:50:43 y_server.py:210 Observation #25 has been filtered out
DEBUG 2026-09-03 09:50:43 y_server.py:176 Receiving observations from ipv4:192.168.100.50:43068
INFO 2026-09-03 09:50:43 ort/utils.py:78 <Logger policy_server (NOTSET)> Starting receiver
DEBUG 2026-09-03 09:50:43 ort/utils.py:80 <Logger policy_server (NOTSET)> Received item
DEBUG 2026-09-03 09:50:43 ort/utils.py:89 <Logger policy_server (NOTSET)> Received data at step 0
DEBUG 2026-09-03 09:50:43 ort/utils.py:80 <Logger policy_server (NOTSET)> Received item
DEBUG 2026-09-03 09:50:43 ort/utils.py:97 <Logger policy_server (NOTSET)> Received data at step end size 2766007
DEBUG 2026-09-03 09:50:43 y_server.py:186 Received observation #26
DEBUG 2026-09-03 09:50:43 y_server.py:194 Received observation #26 | Avg FPS: 17.46 | Target: 30.00 | One-way latency: -55.62ms
DEBUG 2026-09-03 09:50:43 y_server.py:201 Server timestamp: 1788396643.989437 | Client timestamp: 1788396644.045058 | Deserialization time: 0.010274s
DEBUG 2026-09-03 09:50:44 y_server.py:278 Skipping observation #26 - Observation too similar to last obs predicted!
DEBUG 2026-09-03 09:50:44 y_server.py:210 Observation #26 has been filtered out
DEBUG 2026-09-03 09:50:44 y_server.py:176 Receiving observations from ipv4:192.168.100.50:43068
INFO 2026-09-03 09:50:44 ort/utils.py:78 <Logger policy_server (NOTSET)> Starting receiver
DEBUG 2026-09-03 09:50:44 ort/utils.py:80 <Logger policy_server (NOTSET)> Received item
DEBUG 2026-09-03 09:50:44 ort/utils.py:89 <Logger policy_server (NOTSET)> Received data at step 0
DEBUG 2026-09-03 09:50:44 ort/utils.py:80 <Logger policy_server (NOTSET)> Received item
DEBUG 2026-09-03 09:50:44 ort/utils.py:97 <Logger policy_server (NOTSET)> Received data at step end size 2766007
DEBUG 2026-09-03 09:50:44 y_server.py:186 Received observation #27
DEBUG 2026-09-03 09:50:44 y_server.py:194 Received observation #27 | Avg FPS: 17.62 | Target: 30.00 | One-way latency: -55.17ms
DEBUG 2026-09-03 09:50:44 y_server.py:201 Server timestamp: 1788396644.024285 | Client timestamp: 1788396644.079452 | Deserialization time: 0.008320s
DEBUG 2026-09-03 09:50:44 y_server.py:278 Skipping observation #27 - Observation too similar to last obs predicted!
DEBUG 2026-09-03 09:50:44 y_server.py:210 Observation #27 has been filtered out
DEBUG 2026-09-03 09:50:44 y_server.py:176 Receiving observations from ipv4:192.168.100.50:43068
INFO 2026-09-03 09:50:44 ort/utils.py:78 <Logger policy_server (NOTSET)> Starting receiver
DEBUG 2026-09-03 09:50:44 ort/utils.py:80 <Logger policy_server (NOTSET)> Received item
DEBUG 2026-09-03 09:50:44 ort/utils.py:89 <Logger policy_server (NOTSET)> Received data at step 0
DEBUG 2026-09-03 09:50:44 ort/utils.py:80 <Logger policy_server (NOTSET)> Received item
DEBUG 2026-09-03 09:50:44 ort/utils.py:97 <Logger policy_server (NOTSET)> Received data at step end size 2766007
DEBUG 2026-09-03 09:50:44 y_server.py:186 Received observation #28
DEBUG 2026-09-03 09:50:44 y_server.py:194 Received observation #28 | Avg FPS: 17.75 | Target: 30.00 | One-way latency: -55.10ms
DEBUG 2026-09-03 09:50:44 y_server.py:201 Server timestamp: 1788396644.063647 | Client timestamp: 1788396644.118747 | Deserialization time: 0.006937s
DEBUG 2026-09-03 09:50:44 y_server.py:278 Skipping observation #28 - Observation too similar to last obs predicted!
DEBUG 2026-09-03 09:50:44 y_server.py:210 Observation #28 has been filtered out
DEBUG 2026-09-03 09:50:44 y_server.py:176 Receiving observations from ipv4:192.168.100.50:43068
INFO 2026-09-03 09:50:44 ort/utils.py:78 <Logger policy_server (NOTSET)> Starting receiver
DEBUG 2026-09-03 09:50:44 ort/utils.py:80 <Logger policy_server (NOTSET)> Received item
DEBUG 2026-09-03 09:50:44 ort/utils.py:89 <Logger policy_server (NOTSET)> Received data at step 0
DEBUG 2026-09-03 09:50:44 ort/utils.py:80 <Logger policy_server (NOTSET)> Received item
DEBUG 2026-09-03 09:50:44 ort/utils.py:97 <Logger policy_server (NOTSET)> Received data at step end size 2766007
DEBUG 2026-09-03 09:50:44 y_server.py:186 Received observation #29
DEBUG 2026-09-03 09:50:44 y_server.py:194 Received observation #29 | Avg FPS: 17.88 | Target: 30.00 | One-way latency: -54.77ms
DEBUG 2026-09-03 09:50:44 y_server.py:201 Server timestamp: 1788396644.102237 | Client timestamp: 1788396644.157003 | Deserialization time: 0.012068s
DEBUG 2026-09-03 09:50:44 y_server.py:278 Skipping observation #29 - Observation too similar to last obs predicted!
DEBUG 2026-09-03 09:50:44 y_server.py:210 Observation #29 has been filtered out
DEBUG 2026-09-03 09:50:44 y_server.py:176 Receiving observations from ipv4:192.168.100.50:43068
INFO 2026-09-03 09:50:44 ort/utils.py:78 <Logger policy_server (NOTSET)> Starting receiver
DEBUG 2026-09-03 09:50:44 ort/utils.py:80 <Logger policy_server (NOTSET)> Received item
DEBUG 2026-09-03 09:50:44 ort/utils.py:89 <Logger policy_server (NOTSET)> Received data at step 0
DEBUG 2026-09-03 09:50:44 ort/utils.py:80 <Logger policy_server (NOTSET)> Received item
DEBUG 2026-09-03 09:50:44 ort/utils.py:97 <Logger policy_server (NOTSET)> Received data at step end size 2766007
DEBUG 2026-09-03 09:50:44 y_server.py:186 Received observation #30
DEBUG 2026-09-03 09:50:44 y_server.py:194 Received observation #30 | Avg FPS: 17.86 | Target: 30.00 | One-way latency: -55.46ms
DEBUG 2026-09-03 09:50:44 y_server.py:201 Server timestamp: 1788396644.160312 | Client timestamp: 1788396644.215768 | Deserialization time: 0.008634s
DEBUG 2026-09-03 09:50:44 y_server.py:278 Skipping observation #30 - Observation too similar to last obs predicted!
DEBUG 2026-09-03 09:50:44 y_server.py:210 Observation #30 has been filtered out
DEBUG 2026-09-03 09:50:44 y_server.py:176 Receiving observations from ipv4:192.168.100.50:43068
INFO 2026-09-03 09:50:44 ort/utils.py:78 <Logger policy_server (NOTSET)> Starting receiver
DEBUG 2026-09-03 09:50:44 ort/utils.py:80 <Logger policy_server (NOTSET)> Received item
DEBUG 2026-09-03 09:50:44 ort/utils.py:89 <Logger policy_server (NOTSET)> Received data at step 0
DEBUG 2026-09-03 09:50:44 ort/utils.py:80 <Logger policy_server (NOTSET)> Received item
DEBUG 2026-09-03 09:50:44 ort/utils.py:97 <Logger policy_server (NOTSET)> Received data at step end size 2766007
DEBUG 2026-09-03 09:50:44 y_server.py:186 Received observation #31
DEBUG 2026-09-03 09:50:44 y_server.py:194 Received observation #31 | Avg FPS: 18.14 | Target: 30.00 | One-way latency: -55.38ms
DEBUG 2026-09-03 09:50:44 y_server.py:201 Server timestamp: 1788396644.176261 | Client timestamp: 1788396644.231643 | Deserialization time: 0.006672s
DEBUG 2026-09-03 09:50:44 y_server.py:278 Skipping observation #31 - Observation too similar to last obs predicted!
DEBUG 2026-09-03 09:50:44 y_server.py:210 Observation #31 has been filtered out
DEBUG 2026-09-03 09:50:44 y_server.py:176 Receiving observations from ipv4:192.168.100.50:43068
INFO 2026-09-03 09:50:44 ort/utils.py:78 <Logger policy_server (NOTSET)> Starting receiver
DEBUG 2026-09-03 09:50:44 ort/utils.py:80 <Logger policy_server (NOTSET)> Received item
DEBUG 2026-09-03 09:50:44 ort/utils.py:89 <Logger policy_server (NOTSET)> Received data at step 0
DEBUG 2026-09-03 09:50:44 ort/utils.py:80 <Logger policy_server (NOTSET)> Received item
DEBUG 2026-09-03 09:50:44 ort/utils.py:97 <Logger policy_server (NOTSET)> Received data at step end size 2766007
DEBUG 2026-09-03 09:50:44 y_server.py:186 Received observation #32
DEBUG 2026-09-03 09:50:44 y_server.py:194 Received observation #32 | Avg FPS: 18.31 | Target: 30.00 | One-way latency: -55.43ms
DEBUG 2026-09-03 09:50:44 y_server.py:201 Server timestamp: 1788396644.208598 | Client timestamp: 1788396644.264024 | Deserialization time: 0.007133s
DEBUG 2026-09-03 09:50:44 y_server.py:278 Skipping observation #32 - Observation too similar to last obs predicted!
DEBUG 2026-09-03 09:50:44 y_server.py:210 Observation #32 has been filtered out
DEBUG 2026-09-03 09:50:44 y_server.py:176 Receiving observations from ipv4:192.168.100.50:43068
INFO 2026-09-03 09:50:44 ort/utils.py:78 <Logger policy_server (NOTSET)> Starting receiver
DEBUG 2026-09-03 09:50:44 ort/utils.py:80 <Logger policy_server (NOTSET)> Received item
DEBUG 2026-09-03 09:50:44 ort/utils.py:89 <Logger policy_server (NOTSET)> Received data at step 0
DEBUG 2026-09-03 09:50:44 ort/utils.py:80 <Logger policy_server (NOTSET)> Received item
DEBUG 2026-09-03 09:50:44 ort/utils.py:97 <Logger policy_server (NOTSET)> Received data at step end size 2766007
DEBUG 2026-09-03 09:50:44 y_server.py:186 Received observation #33
DEBUG 2026-09-03 09:50:44 y_server.py:194 Received observation #33 | Avg FPS: 18.45 | Target: 30.00 | One-way latency: -55.32ms
DEBUG 2026-09-03 09:50:44 y_server.py:201 Server timestamp: 1788396644.242167 | Client timestamp: 1788396644.297490 | Deserialization time: 0.007025s
DEBUG 2026-09-03 09:50:44 y_server.py:278 Skipping observation #33 - Observation too similar to last obs predicted!
DEBUG 2026-09-03 09:50:44 y_server.py:210 Observation #33 has been filtered out
DEBUG 2026-09-03 09:50:44 y_server.py:176 Receiving observations from ipv4:192.168.100.50:43068
INFO 2026-09-03 09:50:44 ort/utils.py:78 <Logger policy_server (NOTSET)> Starting receiver
DEBUG 2026-09-03 09:50:44 ort/utils.py:80 <Logger policy_server (NOTSET)> Received item
DEBUG 2026-09-03 09:50:44 ort/utils.py:89 <Logger policy_server (NOTSET)> Received data at step 0
DEBUG 2026-09-03 09:50:44 ort/utils.py:80 <Logger policy_server (NOTSET)> Received item
DEBUG 2026-09-03 09:50:44 ort/utils.py:97 <Logger policy_server (NOTSET)> Received data at step end size 2766007
DEBUG 2026-09-03 09:50:44 y_server.py:186 Received observation #34
DEBUG 2026-09-03 09:50:44 y_server.py:194 Received observation #34 | Avg FPS: 18.60 | Target: 30.00 | One-way latency: -54.25ms
DEBUG 2026-09-03 09:50:44 y_server.py:201 Server timestamp: 1788396644.276572 | Client timestamp: 1788396644.330827 | Deserialization time: 0.005176s
DEBUG 2026-09-03 09:50:44 y_server.py:278 Skipping observation #34 - Observation too similar to last obs predicted!
DEBUG 2026-09-03 09:50:44 y_server.py:210 Observation #34 has been filtered out
DEBUG 2026-09-03 09:50:44 y_server.py:176 Receiving observations from ipv4:192.168.100.50:43068
INFO 2026-09-03 09:50:44 ort/utils.py:78 <Logger policy_server (NOTSET)> Starting receiver
DEBUG 2026-09-03 09:50:44 ort/utils.py:80 <Logger policy_server (NOTSET)> Received item
DEBUG 2026-09-03 09:50:44 ort/utils.py:89 <Logger policy_server (NOTSET)> Received data at step 0
DEBUG 2026-09-03 09:50:44 ort/utils.py:80 <Logger policy_server (NOTSET)> Received item
DEBUG 2026-09-03 09:50:44 ort/utils.py:97 <Logger policy_server (NOTSET)> Received data at step end size 2766007
DEBUG 2026-09-03 09:50:44 y_server.py:186 Received observation #35
DEBUG 2026-09-03 09:50:44 y_server.py:194 Received observation #35 | Avg FPS: 18.70 | Target: 30.00 | One-way latency: -55.79ms
DEBUG 2026-09-03 09:50:44 y_server.py:201 Server timestamp: 1788396644.314441 | Client timestamp: 1788396644.370231 | Deserialization time: 0.007051s
DEBUG 2026-09-03 09:50:44 y_server.py:278 Skipping observation #35 - Observation too similar to last obs predicted!
DEBUG 2026-09-03 09:50:44 y_server.py:210 Observation #35 has been filtered out
DEBUG 2026-09-03 09:50:44 y_server.py:176 Receiving observations from ipv4:192.168.100.50:43068
INFO 2026-09-03 09:50:44 ort/utils.py:78 <Logger policy_server (NOTSET)> Starting receiver
DEBUG 2026-09-03 09:50:44 ort/utils.py:80 <Logger policy_server (NOTSET)> Received item
DEBUG 2026-09-03 09:50:44 ort/utils.py:89 <Logger policy_server (NOTSET)> Received data at step 0
DEBUG 2026-09-03 09:50:44 ort/utils.py:80 <Logger policy_server (NOTSET)> Received item
DEBUG 2026-09-03 09:50:44 ort/utils.py:97 <Logger policy_server (NOTSET)> Received data at step end size 2766007
DEBUG 2026-09-03 09:50:44 y_server.py:186 Received observation #36
DEBUG 2026-09-03 09:50:44 y_server.py:194 Received observation #36 | Avg FPS: 18.83 | Target: 30.00 | One-way latency: -55.46ms
DEBUG 2026-09-03 09:50:44 y_server.py:201 Server timestamp: 1788396644.348813 | Client timestamp: 1788396644.404269 | Deserialization time: 0.007227s
DEBUG 2026-09-03 09:50:44 y_server.py:278 Skipping observation #36 - Observation too similar to last obs predicted!
DEBUG 2026-09-03 09:50:44 y_server.py:210 Observation #36 has been filtered out
DEBUG 2026-09-03 09:50:44 y_server.py:176 Receiving observations from ipv4:192.168.100.50:43068
INFO 2026-09-03 09:50:44 ort/utils.py:78 <Logger policy_server (NOTSET)> Starting receiver
DEBUG 2026-09-03 09:50:44 ort/utils.py:80 <Logger policy_server (NOTSET)> Received item
DEBUG 2026-09-03 09:50:44 ort/utils.py:89 <Logger policy_server (NOTSET)> Received data at step 0
DEBUG 2026-09-03 09:50:44 ort/utils.py:80 <Logger policy_server (NOTSET)> Received item
DEBUG 2026-09-03 09:50:44 ort/utils.py:97 <Logger policy_server (NOTSET)> Received data at step end size 2766007
DEBUG 2026-09-03 09:50:44 y_server.py:186 Received observation #37
DEBUG 2026-09-03 09:50:44 y_server.py:194 Received observation #37 | Avg FPS: 18.97 | Target: 30.00 | One-way latency: -42.94ms
DEBUG 2026-09-03 09:50:44 y_server.py:201 Server timestamp: 1788396644.394915 | Client timestamp: 1788396644.437856 | Deserialization time: 0.006806s
DEBUG 2026-09-03 09:50:44 y_server.py:278 Skipping observation #37 - Observation too similar to last obs predicted!
DEBUG 2026-09-03 09:50:44 y_server.py:210 Observation #37 has been filtered out
DEBUG 2026-09-03 09:50:44 y_server.py:176 Receiving observations from ipv4:192.168.100.50:43068
INFO 2026-09-03 09:50:44 ort/utils.py:78 <Logger policy_server (NOTSET)> Starting receiver
DEBUG 2026-09-03 09:50:44 ort/utils.py:80 <Logger policy_server (NOTSET)> Received item
DEBUG 2026-09-03 09:50:44 ort/utils.py:89 <Logger policy_server (NOTSET)> Received data at step 0
DEBUG 2026-09-03 09:50:44 ort/utils.py:80 <Logger policy_server (NOTSET)> Received item
DEBUG 2026-09-03 09:50:44 ort/utils.py:97 <Logger policy_server (NOTSET)> Received data at step end size 2766007
DEBUG 2026-09-03 09:50:44 y_server.py:186 Received observation #38
DEBUG 2026-09-03 09:50:44 y_server.py:194 Received observation #38 | Avg FPS: 19.09 | Target: 30.00 | One-way latency: -55.41ms
DEBUG 2026-09-03 09:50:44 y_server.py:201 Server timestamp: 1788396644.417020 | Client timestamp: 1788396644.472430 | Deserialization time: 0.005984s
DEBUG 2026-09-03 09:50:44 y_server.py:278 Skipping observation #38 - Observation too similar to last obs predicted!
DEBUG 2026-09-03 09:50:44 y_server.py:210 Observation #38 has been filtered out
DEBUG 2026-09-03 09:50:44 y_server.py:176 Receiving observations from ipv4:192.168.100.50:43068
INFO 2026-09-03 09:50:44 ort/utils.py:78 <Logger policy_server (NOTSET)> Starting receiver
DEBUG 2026-09-03 09:50:44 ort/utils.py:80 <Logger policy_server (NOTSET)> Received item
DEBUG 2026-09-03 09:50:44 ort/utils.py:89 <Logger policy_server (NOTSET)> Received data at step 0
DEBUG 2026-09-03 09:50:44 ort/utils.py:80 <Logger policy_server (NOTSET)> Received item
DEBUG 2026-09-03 09:50:44 ort/utils.py:97 <Logger policy_server (NOTSET)> Received data at step end size 2766007
DEBUG 2026-09-03 09:50:44 y_server.py:186 Received observation #39
DEBUG 2026-09-03 09:50:44 y_server.py:194 Received observation #39 | Avg FPS: 19.23 | Target: 30.00 | One-way latency: -55.73ms
DEBUG 2026-09-03 09:50:44 y_server.py:201 Server timestamp: 1788396644.448866 | Client timestamp: 1788396644.504599 | Deserialization time: 0.023420s
DEBUG 2026-09-03 09:50:44 y_server.py:278 Skipping observation #39 - Observation too similar to last obs predicted!
DEBUG 2026-09-03 09:50:44 y_server.py:210 Observation #39 has been filtered out
DEBUG 2026-09-03 09:50:44 y_server.py:176 Receiving observations from ipv4:192.168.100.50:43068
INFO 2026-09-03 09:50:44 ort/utils.py:78 <Logger policy_server (NOTSET)> Starting receiver
DEBUG 2026-09-03 09:50:44 ort/utils.py:80 <Logger policy_server (NOTSET)> Received item
DEBUG 2026-09-03 09:50:44 ort/utils.py:89 <Logger policy_server (NOTSET)> Received data at step 0
DEBUG 2026-09-03 09:50:44 ort/utils.py:80 <Logger policy_server (NOTSET)> Received item
DEBUG 2026-09-03 09:50:44 ort/utils.py:97 <Logger policy_server (NOTSET)> Received data at step end size 2766007
DEBUG 2026-09-03 09:50:44 y_server.py:186 Received observation #40
DEBUG 2026-09-03 09:50:44 y_server.py:194 Received observation #40 | Avg FPS: 19.33 | Target: 30.00 | One-way latency: -55.41ms
DEBUG 2026-09-03 09:50:44 y_server.py:201 Server timestamp: 1788396644.485734 | Client timestamp: 1788396644.541143 | Deserialization time: 0.006992s
DEBUG 2026-09-03 09:50:44 y_server.py:278 Skipping observation #40 - Observation too similar to last obs predicted!
DEBUG 2026-09-03 09:50:44 y_server.py:210 Observation #40 has been filtered out
DEBUG 2026-09-03 09:50:44 y_server.py:176 Receiving observations from ipv4:192.168.100.50:43068
INFO 2026-09-03 09:50:44 ort/utils.py:78 <Logger policy_server (NOTSET)> Starting receiver
DEBUG 2026-09-03 09:50:44 ort/utils.py:80 <Logger policy_server (NOTSET)> Received item
DEBUG 2026-09-03 09:50:44 ort/utils.py:89 <Logger policy_server (NOTSET)> Received data at step 0
DEBUG 2026-09-03 09:50:44 ort/utils.py:80 <Logger policy_server (NOTSET)> Received item
DEBUG 2026-09-03 09:50:44 ort/utils.py:97 <Logger policy_server (NOTSET)> Received data at step end size 2766007
DEBUG 2026-09-03 09:50:44 y_server.py:186 Received observation #41
DEBUG 2026-09-03 09:50:44 y_server.py:194 Received observation #41 | Avg FPS: 19.47 | Target: 30.00 | One-way latency: -55.57ms
DEBUG 2026-09-03 09:50:44 y_server.py:201 Server timestamp: 1788396644.517823 | Client timestamp: 1788396644.573389 | Deserialization time: 0.007801s
DEBUG 2026-09-03 09:50:44 y_server.py:278 Skipping observation #41 - Observation too similar to last obs predicted!
DEBUG 2026-09-03 09:50:44 y_server.py:210 Observation #41 has been filtered out
DEBUG 2026-09-03 09:50:44 y_server.py:176 Receiving observations from ipv4:192.168.100.50:43068
INFO 2026-09-03 09:50:44 ort/utils.py:78 <Logger policy_server (NOTSET)> Starting receiver
DEBUG 2026-09-03 09:50:44 ort/utils.py:80 <Logger policy_server (NOTSET)> Received item
DEBUG 2026-09-03 09:50:44 ort/utils.py:89 <Logger policy_server (NOTSET)> Received data at step 0
DEBUG 2026-09-03 09:50:44 ort/utils.py:80 <Logger policy_server (NOTSET)> Received item
DEBUG 2026-09-03 09:50:44 ort/utils.py:97 <Logger policy_server (NOTSET)> Received data at step end size 2766007
DEBUG 2026-09-03 09:50:44 y_server.py:186 Received observation #42
DEBUG 2026-09-03 09:50:44 y_server.py:194 Received observation #42 | Avg FPS: 19.57 | Target: 30.00 | One-way latency: -55.20ms
DEBUG 2026-09-03 09:50:44 y_server.py:201 Server timestamp: 1788396644.554020 | Client timestamp: 1788396644.609217 | Deserialization time: 0.023391s
DEBUG 2026-09-03 09:50:44 y_server.py:278 Skipping observation #42 - Observation too similar to last obs predicted!
DEBUG 2026-09-03 09:50:44 y_server.py:210 Observation #42 has been filtered out
DEBUG 2026-09-03 09:50:44 y_server.py:176 Receiving observations from ipv4:192.168.100.50:43068
INFO 2026-09-03 09:50:44 ort/utils.py:78 <Logger policy_server (NOTSET)> Starting receiver
DEBUG 2026-09-03 09:50:44 ort/utils.py:80 <Logger policy_server (NOTSET)> Received item
DEBUG 2026-09-03 09:50:44 ort/utils.py:89 <Logger policy_server (NOTSET)> Received data at step 0
DEBUG 2026-09-03 09:50:44 ort/utils.py:80 <Logger policy_server (NOTSET)> Received item
DEBUG 2026-09-03 09:50:44 ort/utils.py:97 <Logger policy_server (NOTSET)> Received data at step end size 2766007
DEBUG 2026-09-03 09:50:44 y_server.py:186 Received observation #43
DEBUG 2026-09-03 09:50:44 y_server.py:194 Received observation #43 | Avg FPS: 19.54 | Target: 30.00 | One-way latency: -55.53ms
DEBUG 2026-09-03 09:50:44 y_server.py:201 Server timestamp: 1788396644.609149 | Client timestamp: 1788396644.664682 | Deserialization time: 0.019862s
DEBUG 2026-09-03 09:50:44 y_server.py:278 Skipping observation #43 - Observation too similar to last obs predicted!
DEBUG 2026-09-03 09:50:44 y_server.py:210 Observation #43 has been filtered out
DEBUG 2026-09-03 09:50:44 y_server.py:176 Receiving observations from ipv4:192.168.100.50:43068
INFO 2026-09-03 09:50:44 ort/utils.py:78 <Logger policy_server (NOTSET)> Starting receiver
DEBUG 2026-09-03 09:50:44 ort/utils.py:80 <Logger policy_server (NOTSET)> Received item
DEBUG 2026-09-03 09:50:44 ort/utils.py:89 <Logger policy_server (NOTSET)> Received data at step 0
DEBUG 2026-09-03 09:50:44 ort/utils.py:80 <Logger policy_server (NOTSET)> Received item
DEBUG 2026-09-03 09:50:44 ort/utils.py:97 <Logger policy_server (NOTSET)> Received data at step end size 2766007
DEBUG 2026-09-03 09:50:44 y_server.py:186 Received observation #44
DEBUG 2026-09-03 09:50:44 y_server.py:194 Received observation #44 | Avg FPS: 19.61 | Target: 30.00 | One-way latency: -55.16ms
DEBUG 2026-09-03 09:50:44 y_server.py:201 Server timestamp: 1788396644.650245 | Client timestamp: 1788396644.705405 | Deserialization time: 0.012477s
DEBUG 2026-09-03 09:50:44 y_server.py:278 Skipping observation #44 - Observation too similar to last obs predicted!
DEBUG 2026-09-03 09:50:44 y_server.py:210 Observation #44 has been filtered out
DEBUG 2026-09-03 09:50:44 y_server.py:176 Receiving observations from ipv4:192.168.100.50:43068
INFO 2026-09-03 09:50:44 ort/utils.py:78 <Logger policy_server (NOTSET)> Starting receiver
DEBUG 2026-09-03 09:50:44 ort/utils.py:80 <Logger policy_server (NOTSET)> Received item
DEBUG 2026-09-03 09:50:44 ort/utils.py:89 <Logger policy_server (NOTSET)> Received data at step 0
DEBUG 2026-09-03 09:50:44 ort/utils.py:80 <Logger policy_server (NOTSET)> Received item
DEBUG 2026-09-03 09:50:44 ort/utils.py:97 <Logger policy_server (NOTSET)> Received data at step end size 2766007
DEBUG 2026-09-03 09:50:44 y_server.py:186 Received observation #45
DEBUG 2026-09-03 09:50:44 y_server.py:194 Received observation #45 | Avg FPS: 19.82 | Target: 30.00 | One-way latency: -55.78ms
DEBUG 2026-09-03 09:50:44 y_server.py:201 Server timestamp: 1788396644.667731 | Client timestamp: 1788396644.723513 | Deserialization time: 0.006564s
DEBUG 2026-09-03 09:50:44 y_server.py:278 Skipping observation #45 - Observation too similar to last obs predicted!
DEBUG 2026-09-03 09:50:44 y_server.py:210 Observation #45 has been filtered out
DEBUG 2026-09-03 09:50:44 y_server.py:176 Receiving observations from ipv4:192.168.100.50:43068
INFO 2026-09-03 09:50:44 ort/utils.py:78 <Logger policy_server (NOTSET)> Starting receiver
DEBUG 2026-09-03 09:50:44 ort/utils.py:80 <Logger policy_server (NOTSET)> Received item
DEBUG 2026-09-03 09:50:44 ort/utils.py:89 <Logger policy_server (NOTSET)> Received data at step 0
DEBUG 2026-09-03 09:50:44 ort/utils.py:80 <Logger policy_server (NOTSET)> Received item
DEBUG 2026-09-03 09:50:44 ort/utils.py:97 <Logger policy_server (NOTSET)> Received data at step end size 2766007
DEBUG 2026-09-03 09:50:44 y_server.py:186 Received observation #46
DEBUG 2026-09-03 09:50:44 y_server.py:194 Received observation #46 | Avg FPS: 19.89 | Target: 30.00 | One-way latency: -54.85ms
DEBUG 2026-09-03 09:50:44 y_server.py:201 Server timestamp: 1788396644.708243 | Client timestamp: 1788396644.763088 | Deserialization time: 0.012916s
DEBUG 2026-09-03 09:50:44 y_server.py:278 Skipping observation #46 - Observation too similar to last obs predicted!
DEBUG 2026-09-03 09:50:44 y_server.py:210 Observation #46 has been filtered out
DEBUG 2026-09-03 09:50:44 y_server.py:176 Receiving observations from ipv4:192.168.100.50:43068
INFO 2026-09-03 09:50:44 ort/utils.py:78 <Logger policy_server (NOTSET)> Starting receiver
DEBUG 2026-09-03 09:50:44 ort/utils.py:80 <Logger policy_server (NOTSET)> Received item
DEBUG 2026-09-03 09:50:44 ort/utils.py:89 <Logger policy_server (NOTSET)> Received data at step 0
DEBUG 2026-09-03 09:50:44 ort/utils.py:80 <Logger policy_server (NOTSET)> Received item
DEBUG 2026-09-03 09:50:44 ort/utils.py:97 <Logger policy_server (NOTSET)> Received data at step end size 2766007
DEBUG 2026-09-03 09:50:44 y_server.py:186 Received observation #47
DEBUG 2026-09-03 09:50:44 y_server.py:194 Received observation #47 | Avg FPS: 20.02 | Target: 30.00 | One-way latency: -55.55ms
DEBUG 2026-09-03 09:50:44 y_server.py:201 Server timestamp: 1788396644.738134 | Client timestamp: 1788396644.793680 | Deserialization time: 0.006001s
DEBUG 2026-09-03 09:50:44 y_server.py:278 Skipping observation #47 - Observation too similar to last obs predicted!
DEBUG 2026-09-03 09:50:44 y_server.py:210 Observation #47 has been filtered out
DEBUG 2026-09-03 09:50:44 y_server.py:176 Receiving observations from ipv4:192.168.100.50:43068
INFO 2026-09-03 09:50:44 ort/utils.py:78 <Logger policy_server (NOTSET)> Starting receiver
DEBUG 2026-09-03 09:50:44 ort/utils.py:80 <Logger policy_server (NOTSET)> Received item
DEBUG 2026-09-03 09:50:44 ort/utils.py:89 <Logger policy_server (NOTSET)> Received data at step 0
DEBUG 2026-09-03 09:50:44 ort/utils.py:80 <Logger policy_server (NOTSET)> Received item
DEBUG 2026-09-03 09:50:44 ort/utils.py:97 <Logger policy_server (NOTSET)> Received data at step end size 2766007
DEBUG 2026-09-03 09:50:44 y_server.py:186 Received observation #48
DEBUG 2026-09-03 09:50:44 y_server.py:194 Received observation #48 | Avg FPS: 20.12 | Target: 30.00 | One-way latency: -54.78ms
DEBUG 2026-09-03 09:50:44 y_server.py:201 Server timestamp: 1788396644.772862 | Client timestamp: 1788396644.827641 | Deserialization time: 0.006228s
DEBUG 2026-09-03 09:50:44 y_server.py:278 Skipping observation #48 - Observation too similar to last obs predicted!
DEBUG 2026-09-03 09:50:44 y_server.py:210 Observation #48 has been filtered out
DEBUG 2026-09-03 09:50:44 y_server.py:176 Receiving observations from ipv4:192.168.100.50:43068
INFO 2026-09-03 09:50:44 ort/utils.py:78 <Logger policy_server (NOTSET)> Starting receiver
DEBUG 2026-09-03 09:50:44 ort/utils.py:80 <Logger policy_server (NOTSET)> Received item
DEBUG 2026-09-03 09:50:44 ort/utils.py:89 <Logger policy_server (NOTSET)> Received data at step 0
DEBUG 2026-09-03 09:50:44 ort/utils.py:80 <Logger policy_server (NOTSET)> Received item
DEBUG 2026-09-03 09:50:44 ort/utils.py:97 <Logger policy_server (NOTSET)> Received data at step end size 2766007
DEBUG 2026-09-03 09:50:44 y_server.py:186 Received observation #49
DEBUG 2026-09-03 09:50:44 y_server.py:194 Received observation #49 | Avg FPS: 20.15 | Target: 30.00 | One-way latency: -55.13ms
DEBUG 2026-09-03 09:50:44 y_server.py:201 Server timestamp: 1788396644.818131 | Client timestamp: 1788396644.873259 | Deserialization time: 0.006532s
DEBUG 2026-09-03 09:50:44 y_server.py:296 Enqueuing observation. Must go: True | Last processed obs: 0
INFO 2026-09-03 09:50:44 y_server.py:224 Running inference for observation #49 (must_go: True)
DEBUG 2026-09-03 09:50:44 y_server.py:176 Receiving observations from ipv4:192.168.100.50:43068
INFO 2026-09-03 09:50:44 ort/utils.py:78 <Logger policy_server (NOTSET)> Starting receiver
DEBUG 2026-09-03 09:50:44 ort/utils.py:80 <Logger policy_server (NOTSET)> Received item
DEBUG 2026-09-03 09:50:44 ort/utils.py:89 <Logger policy_server (NOTSET)> Received data at step 0
DEBUG 2026-09-03 09:50:44 ort/utils.py:80 <Logger policy_server (NOTSET)> Received item
DEBUG 2026-09-03 09:50:44 ort/utils.py:97 <Logger policy_server (NOTSET)> Received data at step end size 2766007
DEBUG 2026-09-03 09:50:44 y_server.py:186 Received observation #49
DEBUG 2026-09-03 09:50:44 y_server.py:194 Received observation #49 | Avg FPS: 20.26 | Target: 30.00 | One-way latency: -55.01ms
DEBUG 2026-09-03 09:50:44 y_server.py:201 Server timestamp: 1788396644.849812 | Client timestamp: 1788396644.904819 | Deserialization time: 0.007625s
DEBUG 2026-09-03 09:50:44 y_server.py:274 Skipping observation #49 - Timestep predicted already!
DEBUG 2026-09-03 09:50:44 y_server.py:210 Observation #49 has been filtered out
DEBUG 2026-09-03 09:50:44 y_server.py:176 Receiving observations from ipv4:192.168.100.50:43068
INFO 2026-09-03 09:50:44 ort/utils.py:78 <Logger policy_server (NOTSET)> Starting receiver
DEBUG 2026-09-03 09:50:44 ort/utils.py:80 <Logger policy_server (NOTSET)> Received item
DEBUG 2026-09-03 09:50:44 ort/utils.py:89 <Logger policy_server (NOTSET)> Received data at step 0
DEBUG 2026-09-03 09:50:44 ort/utils.py:80 <Logger policy_server (NOTSET)> Received item
DEBUG 2026-09-03 09:50:44 ort/utils.py:97 <Logger policy_server (NOTSET)> Received data at step end size 2766007
DEBUG 2026-09-03 09:50:44 y_server.py:186 Received observation #49
DEBUG 2026-09-03 09:50:44 y_server.py:194 Received observation #49 | Avg FPS: 20.35 | Target: 30.00 | One-way latency: -55.06ms
DEBUG 2026-09-03 09:50:44 y_server.py:201 Server timestamp: 1788396644.884243 | Client timestamp: 1788396644.939299 | Deserialization time: 0.006187s
DEBUG 2026-09-03 09:50:44 y_server.py:274 Skipping observation #49 - Timestep predicted already!
DEBUG 2026-09-03 09:50:44 y_server.py:210 Observation #49 has been filtered out
DEBUG 2026-09-03 09:50:44 y_server.py:176 Receiving observations from ipv4:192.168.100.50:43068
INFO 2026-09-03 09:50:44 ort/utils.py:78 <Logger policy_server (NOTSET)> Starting receiver
DEBUG 2026-09-03 09:50:44 ort/utils.py:80 <Logger policy_server (NOTSET)> Received item
DEBUG 2026-09-03 09:50:44 ort/utils.py:89 <Logger policy_server (NOTSET)> Received data at step 0
DEBUG 2026-09-03 09:50:44 ort/utils.py:80 <Logger policy_server (NOTSET)> Received item
DEBUG 2026-09-03 09:50:44 ort/utils.py:97 <Logger policy_server (NOTSET)> Received data at step end size 2766007
DEBUG 2026-09-03 09:50:44 y_server.py:186 Received observation #49
DEBUG 2026-09-03 09:50:44 y_server.py:194 Received observation #49 | Avg FPS: 20.45 | Target: 30.00 | One-way latency: -55.56ms
DEBUG 2026-09-03 09:50:44 y_server.py:201 Server timestamp: 1788396644.917184 | Client timestamp: 1788396644.972744 | Deserialization time: 0.006194s
DEBUG 2026-09-03 09:50:44 y_server.py:274 Skipping observation #49 - Timestep predicted already!
DEBUG 2026-09-03 09:50:44 y_server.py:210 Observation #49 has been filtered out
DEBUG 2026-09-03 09:50:44 y_server.py:176 Receiving observations from ipv4:192.168.100.50:43068
INFO 2026-09-03 09:50:44 ort/utils.py:78 <Logger policy_server (NOTSET)> Starting receiver
DEBUG 2026-09-03 09:50:44 ort/utils.py:80 <Logger policy_server (NOTSET)> Received item
DEBUG 2026-09-03 09:50:44 ort/utils.py:89 <Logger policy_server (NOTSET)> Received data at step 0
DEBUG 2026-09-03 09:50:44 ort/utils.py:80 <Logger policy_server (NOTSET)> Received item
DEBUG 2026-09-03 09:50:44 ort/utils.py:97 <Logger policy_server (NOTSET)> Received data at step end size 2766007
DEBUG 2026-09-03 09:50:44 y_server.py:186 Received observation #49
DEBUG 2026-09-03 09:50:44 y_server.py:194 Received observation #49 | Avg FPS: 20.53 | Target: 30.00 | One-way latency: -55.09ms
DEBUG 2026-09-03 09:50:44 y_server.py:201 Server timestamp: 1788396644.953921 | Client timestamp: 1788396645.009015 | Deserialization time: 0.011731s
DEBUG 2026-09-03 09:50:44 y_server.py:274 Skipping observation #49 - Timestep predicted already!
DEBUG 2026-09-03 09:50:44 y_server.py:210 Observation #49 has been filtered out
DEBUG 2026-09-03 09:50:44 y_server.py:176 Receiving observations from ipv4:192.168.100.50:43068
INFO 2026-09-03 09:50:44 ort/utils.py:78 <Logger policy_server (NOTSET)> Starting receiver
DEBUG 2026-09-03 09:50:45 ort/utils.py:80 <Logger policy_server (NOTSET)> Received item
DEBUG 2026-09-03 09:50:45 ort/utils.py:89 <Logger policy_server (NOTSET)> Received data at step 0
DEBUG 2026-09-03 09:50:45 ort/utils.py:80 <Logger policy_server (NOTSET)> Received item
DEBUG 2026-09-03 09:50:45 ort/utils.py:97 <Logger policy_server (NOTSET)> Received data at step end size 2766007
DEBUG 2026-09-03 09:50:45 y_server.py:186 Received observation #49
DEBUG 2026-09-03 09:50:45 y_server.py:194 Received observation #49 | Avg FPS: 20.59 | Target: 30.00 | One-way latency: -50.00ms
DEBUG 2026-09-03 09:50:45 y_server.py:201 Server timestamp: 1788396644.997682 | Client timestamp: 1788396645.047679 | Deserialization time: 0.007822s
DEBUG 2026-09-03 09:50:45 y_server.py:274 Skipping observation #49 - Timestep predicted already!
DEBUG 2026-09-03 09:50:45 y_server.py:210 Observation #49 has been filtered out
DEBUG 2026-09-03 09:50:45 y_server.py:176 Receiving observations from ipv4:192.168.100.50:43068
INFO 2026-09-03 09:50:45 ort/utils.py:78 <Logger policy_server (NOTSET)> Starting receiver
DEBUG 2026-09-03 09:50:45 ort/utils.py:80 <Logger policy_server (NOTSET)> Received item
DEBUG 2026-09-03 09:50:45 ort/utils.py:89 <Logger policy_server (NOTSET)> Received data at step 0
DEBUG 2026-09-03 09:50:45 ort/utils.py:80 <Logger policy_server (NOTSET)> Received item
DEBUG 2026-09-03 09:50:45 ort/utils.py:97 <Logger policy_server (NOTSET)> Received data at step end size 2766007
DEBUG 2026-09-03 09:50:45 y_server.py:186 Received observation #49
DEBUG 2026-09-03 09:50:45 y_server.py:194 Received observation #49 | Avg FPS: 20.67 | Target: 30.00 | One-way latency: -55.38ms
DEBUG 2026-09-03 09:50:45 y_server.py:201 Server timestamp: 1788396645.027081 | Client timestamp: 1788396645.082461 | Deserialization time: 0.005818s
DEBUG 2026-09-03 09:50:45 y_server.py:274 Skipping observation #49 - Timestep predicted already!
DEBUG 2026-09-03 09:50:45 y_server.py:210 Observation #49 has been filtered out
DEBUG 2026-09-03 09:50:45 y_server.py:176 Receiving observations from ipv4:192.168.100.50:43068
INFO 2026-09-03 09:50:45 ort/utils.py:78 <Logger policy_server (NOTSET)> Starting receiver
DEBUG 2026-09-03 09:50:45 ort/utils.py:80 <Logger policy_server (NOTSET)> Received item
DEBUG 2026-09-03 09:50:45 ort/utils.py:89 <Logger policy_server (NOTSET)> Received data at step 0
DEBUG 2026-09-03 09:50:45 ort/utils.py:80 <Logger policy_server (NOTSET)> Received item
DEBUG 2026-09-03 09:50:45 ort/utils.py:97 <Logger policy_server (NOTSET)> Received data at step end size 2766007
DEBUG 2026-09-03 09:50:45 y_server.py:186 Received observation #49
DEBUG 2026-09-03 09:50:45 y_server.py:194 Received observation #49 | Avg FPS: 20.74 | Target: 30.00 | One-way latency: -55.32ms
DEBUG 2026-09-03 09:50:45 y_server.py:201 Server timestamp: 1788396645.063839 | Client timestamp: 1788396645.119164 | Deserialization time: 0.008538s
DEBUG 2026-09-03 09:50:45 y_server.py:274 Skipping observation #49 - Timestep predicted already!
DEBUG 2026-09-03 09:50:45 y_server.py:210 Observation #49 has been filtered out
DEBUG 2026-09-03 09:50:45 y_server.py:176 Receiving observations from ipv4:192.168.100.50:43068
INFO 2026-09-03 09:50:45 ort/utils.py:78 <Logger policy_server (NOTSET)> Starting receiver
DEBUG 2026-09-03 09:50:45 ort/utils.py:80 <Logger policy_server (NOTSET)> Received item
DEBUG 2026-09-03 09:50:45 ort/utils.py:89 <Logger policy_server (NOTSET)> Received data at step 0
DEBUG 2026-09-03 09:50:45 ort/utils.py:80 <Logger policy_server (NOTSET)> Received item
DEBUG 2026-09-03 09:50:45 ort/utils.py:97 <Logger policy_server (NOTSET)> Received data at step end size 2766007
DEBUG 2026-09-03 09:50:45 y_server.py:186 Received observation #49
DEBUG 2026-09-03 09:50:45 y_server.py:194 Received observation #49 | Avg FPS: 20.80 | Target: 30.00 | One-way latency: -51.11ms
DEBUG 2026-09-03 09:50:45 y_server.py:201 Server timestamp: 1788396645.106190 | Client timestamp: 1788396645.157304 | Deserialization time: 0.022043s
DEBUG 2026-09-03 09:50:45 y_server.py:274 Skipping observation #49 - Timestep predicted already!
DEBUG 2026-09-03 09:50:45 y_server.py:210 Observation #49 has been filtered out
DEBUG 2026-09-03 09:50:45 y_server.py:176 Receiving observations from ipv4:192.168.100.50:43068
INFO 2026-09-03 09:50:45 ort/utils.py:78 <Logger policy_server (NOTSET)> Starting receiver
DEBUG 2026-09-03 09:50:45 ort/utils.py:80 <Logger policy_server (NOTSET)> Received item
DEBUG 2026-09-03 09:50:45 ort/utils.py:89 <Logger policy_server (NOTSET)> Received data at step 0
DEBUG 2026-09-03 09:50:45 ort/utils.py:80 <Logger policy_server (NOTSET)> Received item
DEBUG 2026-09-03 09:50:45 ort/utils.py:97 <Logger policy_server (NOTSET)> Received data at step end size 2766007
DEBUG 2026-09-03 09:50:45 y_server.py:186 Received observation #49
DEBUG 2026-09-03 09:50:45 y_server.py:194 Received observation #49 | Avg FPS: 20.89 | Target: 30.00 | One-way latency: -54.74ms
DEBUG 2026-09-03 09:50:45 y_server.py:201 Server timestamp: 1788396645.136043 | Client timestamp: 1788396645.190786 | Deserialization time: 0.005881s
DEBUG 2026-09-03 09:50:45 y_server.py:274 Skipping observation #49 - Timestep predicted already!
DEBUG 2026-09-03 09:50:45 y_server.py:210 Observation #49 has been filtered out
DEBUG 2026-09-03 09:50:45 y_server.py:176 Receiving observations from ipv4:192.168.100.50:43068
INFO 2026-09-03 09:50:45 ort/utils.py:78 <Logger policy_server (NOTSET)> Starting receiver
DEBUG 2026-09-03 09:50:45 ort/utils.py:80 <Logger policy_server (NOTSET)> Received item
DEBUG 2026-09-03 09:50:45 ort/utils.py:89 <Logger policy_server (NOTSET)> Received data at step 0
DEBUG 2026-09-03 09:50:45 ort/utils.py:80 <Logger policy_server (NOTSET)> Received item
DEBUG 2026-09-03 09:50:45 ort/utils.py:97 <Logger policy_server (NOTSET)> Received data at step end size 2766007
DEBUG 2026-09-03 09:50:45 y_server.py:186 Received observation #49
DEBUG 2026-09-03 09:50:45 y_server.py:194 Received observation #49 | Avg FPS: 20.95 | Target: 30.00 | One-way latency: -54.27ms
DEBUG 2026-09-03 09:50:45 y_server.py:201 Server timestamp: 1788396645.174527 | Client timestamp: 1788396645.228799 | Deserialization time: 0.005847s
DEBUG 2026-09-03 09:50:45 y_server.py:274 Skipping observation #49 - Timestep predicted already!
DEBUG 2026-09-03 09:50:45 y_server.py:210 Observation #49 has been filtered out
DEBUG 2026-09-03 09:50:45 y_server.py:176 Receiving observations from ipv4:192.168.100.50:43068
INFO 2026-09-03 09:50:45 ort/utils.py:78 <Logger policy_server (NOTSET)> Starting receiver
DEBUG 2026-09-03 09:50:45 ort/utils.py:80 <Logger policy_server (NOTSET)> Received item
DEBUG 2026-09-03 09:50:45 ort/utils.py:89 <Logger policy_server (NOTSET)> Received data at step 0
DEBUG 2026-09-03 09:50:45 ort/utils.py:80 <Logger policy_server (NOTSET)> Received item
DEBUG 2026-09-03 09:50:45 ort/utils.py:97 <Logger policy_server (NOTSET)> Received data at step end size 2766007
DEBUG 2026-09-03 09:50:45 y_server.py:186 Received observation #49
DEBUG 2026-09-03 09:50:45 y_server.py:194 Received observation #49 | Avg FPS: 21.03 | Target: 30.00 | One-way latency: -55.27ms
DEBUG 2026-09-03 09:50:45 y_server.py:201 Server timestamp: 1788396645.207517 | Client timestamp: 1788396645.262788 | Deserialization time: 0.006425s
DEBUG 2026-09-03 09:50:45 y_server.py:274 Skipping observation #49 - Timestep predicted already!
DEBUG 2026-09-03 09:50:45 y_server.py:210 Observation #49 has been filtered out
DEBUG 2026-09-03 09:50:45 y_server.py:176 Receiving observations from ipv4:192.168.100.50:43068
INFO 2026-09-03 09:50:45 ort/utils.py:78 <Logger policy_server (NOTSET)> Starting receiver
DEBUG 2026-09-03 09:50:45 ort/utils.py:80 <Logger policy_server (NOTSET)> Received item
DEBUG 2026-09-03 09:50:45 ort/utils.py:89 <Logger policy_server (NOTSET)> Received data at step 0
DEBUG 2026-09-03 09:50:45 ort/utils.py:80 <Logger policy_server (NOTSET)> Received item
DEBUG 2026-09-03 09:50:45 ort/utils.py:97 <Logger policy_server (NOTSET)> Received data at step end size 2766007
DEBUG 2026-09-03 09:50:45 y_server.py:186 Received observation #49
DEBUG 2026-09-03 09:50:45 y_server.py:194 Received observation #49 | Avg FPS: 21.11 | Target: 30.00 | One-way latency: -55.66ms
DEBUG 2026-09-03 09:50:45 y_server.py:201 Server timestamp: 1788396645.240476 | Client timestamp: 1788396645.296137 | Deserialization time: 0.006784s
DEBUG 2026-09-03 09:50:45 y_server.py:274 Skipping observation #49 - Timestep predicted already!
DEBUG 2026-09-03 09:50:45 y_server.py:210 Observation #49 has been filtered out
DEBUG 2026-09-03 09:50:45 y_server.py:176 Receiving observations from ipv4:192.168.100.50:43068
INFO 2026-09-03 09:50:45 ort/utils.py:78 <Logger policy_server (NOTSET)> Starting receiver
DEBUG 2026-09-03 09:50:45 ort/utils.py:80 <Logger policy_server (NOTSET)> Received item
DEBUG 2026-09-03 09:50:45 ort/utils.py:89 <Logger policy_server (NOTSET)> Received data at step 0
DEBUG 2026-09-03 09:50:45 ort/utils.py:80 <Logger policy_server (NOTSET)> Received item
DEBUG 2026-09-03 09:50:45 ort/utils.py:97 <Logger policy_server (NOTSET)> Received data at step end size 2766007
DEBUG 2026-09-03 09:50:45 y_server.py:186 Received observation #49
DEBUG 2026-09-03 09:50:45 y_server.py:194 Received observation #49 | Avg FPS: 21.18 | Target: 30.00 | One-way latency: -53.96ms
DEBUG 2026-09-03 09:50:45 y_server.py:201 Server timestamp: 1788396645.277141 | Client timestamp: 1788396645.331104 | Deserialization time: 0.006716s
DEBUG 2026-09-03 09:50:45 y_server.py:274 Skipping observation #49 - Timestep predicted already!
DEBUG 2026-09-03 09:50:45 y_server.py:210 Observation #49 has been filtered out
DEBUG 2026-09-03 09:50:45 y_server.py:176 Receiving observations from ipv4:192.168.100.50:43068
INFO 2026-09-03 09:50:45 ort/utils.py:78 <Logger policy_server (NOTSET)> Starting receiver
DEBUG 2026-09-03 09:50:45 ort/utils.py:80 <Logger policy_server (NOTSET)> Received item
DEBUG 2026-09-03 09:50:45 ort/utils.py:89 <Logger policy_server (NOTSET)> Received data at step 0
DEBUG 2026-09-03 09:50:45 ort/utils.py:80 <Logger policy_server (NOTSET)> Received item
DEBUG 2026-09-03 09:50:45 ort/utils.py:97 <Logger policy_server (NOTSET)> Received data at step end size 2766007
DEBUG 2026-09-03 09:50:45 y_server.py:186 Received observation #49
DEBUG 2026-09-03 09:50:45 y_server.py:194 Received observation #49 | Avg FPS: 21.18 | Target: 30.00 | One-way latency: -55.00ms
DEBUG 2026-09-03 09:50:45 y_server.py:201 Server timestamp: 1788396645.323592 | Client timestamp: 1788396645.378588 | Deserialization time: 0.011847s
DEBUG 2026-09-03 09:50:45 y_server.py:274 Skipping observation #49 - Timestep predicted already!
DEBUG 2026-09-03 09:50:45 y_server.py:210 Observation #49 has been filtered out
DEBUG 2026-09-03 09:50:45 y_server.py:176 Receiving observations from ipv4:192.168.100.50:43068
INFO 2026-09-03 09:50:45 ort/utils.py:78 <Logger policy_server (NOTSET)> Starting receiver
DEBUG 2026-09-03 09:50:45 ort/utils.py:80 <Logger policy_server (NOTSET)> Received item
DEBUG 2026-09-03 09:50:45 ort/utils.py:89 <Logger policy_server (NOTSET)> Received data at step 0
DEBUG 2026-09-03 09:50:45 ort/utils.py:80 <Logger policy_server (NOTSET)> Received item
DEBUG 2026-09-03 09:50:45 ort/utils.py:97 <Logger policy_server (NOTSET)> Received data at step end size 2766007
DEBUG 2026-09-03 09:50:45 y_server.py:186 Received observation #49
DEBUG 2026-09-03 09:50:45 y_server.py:194 Received observation #49 | Avg FPS: 21.26 | Target: 30.00 | One-way latency: -55.62ms
DEBUG 2026-09-03 09:50:45 y_server.py:201 Server timestamp: 1788396645.356362 | Client timestamp: 1788396645.411985 | Deserialization time: 0.006070s
DEBUG 2026-09-03 09:50:45 y_server.py:274 Skipping observation #49 - Timestep predicted already!
DEBUG 2026-09-03 09:50:45 y_server.py:210 Observation #49 has been filtered out
DEBUG 2026-09-03 09:50:45 y_server.py:176 Receiving observations from ipv4:192.168.100.50:43068
INFO 2026-09-03 09:50:45 ort/utils.py:78 <Logger policy_server (NOTSET)> Starting receiver
DEBUG 2026-09-03 09:50:45 ort/utils.py:80 <Logger policy_server (NOTSET)> Received item
DEBUG 2026-09-03 09:50:45 ort/utils.py:89 <Logger policy_server (NOTSET)> Received data at step 0
DEBUG 2026-09-03 09:50:45 ort/utils.py:80 <Logger policy_server (NOTSET)> Received item
DEBUG 2026-09-03 09:50:45 ort/utils.py:97 <Logger policy_server (NOTSET)> Received data at step end size 2766007
DEBUG 2026-09-03 09:50:45 y_server.py:186 Received observation #49
DEBUG 2026-09-03 09:50:45 y_server.py:194 Received observation #49 | Avg FPS: 21.32 | Target: 30.00 | One-way latency: -55.22ms
DEBUG 2026-09-03 09:50:45 y_server.py:201 Server timestamp: 1788396645.394342 | Client timestamp: 1788396645.449562 | Deserialization time: 0.006279s
DEBUG 2026-09-03 09:50:45 y_server.py:274 Skipping observation #49 - Timestep predicted already!
DEBUG 2026-09-03 09:50:45 y_server.py:210 Observation #49 has been filtered out
INFO 2026-09-03 09:50:45 y_server.py:359 Preprocessing and inference took 0.5790s, action shape: torch.Size([1, 50, 24])
DEBUG 2026-09-03 09:50:45 y_server.py:380 Postprocessed action shape: torch.Size([50, 24])
INFO 2026-09-03 09:50:45 y_server.py:391 Observation 49 | Total time: 591.42ms
DEBUG 2026-09-03 09:50:45 y_server.py:396 Observation 49 | Prepare time: 8.01ms | Preprocessing time: 2.04ms | Inference time: 578.99ms | Postprocessing time: 2.11ms | Total time: 591.42ms
INFO 2026-09-03 09:50:45 y_server.py:242 Action chunk #49 generated | Total time: 594.53ms
DEBUG 2026-09-03 09:50:45 y_server.py:247 Action chunk #49 generated | Inference time: 0.59s |Serialize time: 0.00s |Total time: 0.59s
DEBUG 2026-09-03 09:50:45 y_server.py:176 Receiving observations from ipv4:192.168.100.50:43068
INFO 2026-09-03 09:50:45 ort/utils.py:78 <Logger policy_server (NOTSET)> Starting receiver
DEBUG 2026-09-03 09:50:45 ort/utils.py:80 <Logger policy_server (NOTSET)> Received item
DEBUG 2026-09-03 09:50:45 ort/utils.py:89 <Logger policy_server (NOTSET)> Received data at step 0
DEBUG 2026-09-03 09:50:45 ort/utils.py:80 <Logger policy_server (NOTSET)> Received item
DEBUG 2026-09-03 09:50:45 ort/utils.py:97 <Logger policy_server (NOTSET)> Received data at step end size 2766007
DEBUG 2026-09-03 09:50:45 y_server.py:186 Received observation #49
DEBUG 2026-09-03 09:50:45 y_server.py:194 Received observation #49 | Avg FPS: 21.38 | Target: 30.00 | One-way latency: -55.37ms
DEBUG 2026-09-03 09:50:45 y_server.py:201 Server timestamp: 1788396645.429346 | Client timestamp: 1788396645.484719 | Deserialization time: 0.023436s
DEBUG 2026-09-03 09:50:45 y_server.py:274 Skipping observation #49 - Timestep predicted already!
DEBUG 2026-09-03 09:50:45 y_server.py:210 Observation #49 has been filtered out
DEBUG 2026-09-03 09:50:45 y_server.py:218 Client ipv4:192.168.100.50:43068 connected for action streaming
DEBUG 2026-09-03 09:50:46 y_server.py:176 Receiving observations from ipv4:192.168.100.50:43068
INFO 2026-09-03 09:50:46 ort/utils.py:78 <Logger policy_server (NOTSET)> Starting receiver
DEBUG 2026-09-03 09:50:46 ort/utils.py:80 <Logger policy_server (NOTSET)> Received item
DEBUG 2026-09-03 09:50:46 ort/utils.py:89 <Logger policy_server (NOTSET)> Received data at step 0
DEBUG 2026-09-03 09:50:46 ort/utils.py:80 <Logger policy_server (NOTSET)> Received item
DEBUG 2026-09-03 09:50:46 ort/utils.py:97 <Logger policy_server (NOTSET)> Received data at step end size 2766007
DEBUG 2026-09-03 09:50:46 y_server.py:186 Received observation #73
DEBUG 2026-09-03 09:50:46 y_server.py:194 Received observation #73 | Avg FPS: 17.57 | Target: 30.00 | One-way latency: -54.63ms
DEBUG 2026-09-03 09:50:46 y_server.py:201 Server timestamp: 1788396646.308563 | Client timestamp: 1788396646.363195 | Deserialization time: 0.015349s
DEBUG 2026-09-03 09:50:46 y_server.py:278 Skipping observation #73 - Observation too similar to last obs predicted!
DEBUG 2026-09-03 09:50:46 y_server.py:210 Observation #73 has been filtered out
DEBUG 2026-09-03 09:50:46 y_server.py:176 Receiving observations from ipv4:192.168.100.50:43068
INFO 2026-09-03 09:50:46 ort/utils.py:78 <Logger policy_server (NOTSET)> Starting receiver
DEBUG 2026-09-03 09:50:46 ort/utils.py:80 <Logger policy_server (NOTSET)> Received item
DEBUG 2026-09-03 09:50:46 ort/utils.py:89 <Logger policy_server (NOTSET)> Received data at step 0
DEBUG 2026-09-03 09:50:46 ort/utils.py:80 <Logger policy_server (NOTSET)> Received item
DEBUG 2026-09-03 09:50:46 ort/utils.py:97 <Logger policy_server (NOTSET)> Received data at step end size 2766007
DEBUG 2026-09-03 09:50:46 y_server.py:186 Received observation #74
DEBUG 2026-09-03 09:50:46 y_server.py:194 Received observation #74 | Avg FPS: 17.66 | Target: 30.00 | One-way latency: -56.10ms
DEBUG 2026-09-03 09:50:46 y_server.py:201 Server timestamp: 1788396646.340846 | Client timestamp: 1788396646.396946 | Deserialization time: 0.007704s
DEBUG 2026-09-03 09:50:46 y_server.py:278 Skipping observation #74 - Observation too similar to last obs predicted!
DEBUG 2026-09-03 09:50:46 y_server.py:210 Observation #74 has been filtered out
DEBUG 2026-09-03 09:50:46 y_server.py:176 Receiving observations from ipv4:192.168.100.50:43068
INFO 2026-09-03 09:50:46 ort/utils.py:78 <Logger policy_server (NOTSET)> Starting receiver
DEBUG 2026-09-03 09:50:46 ort/utils.py:80 <Logger policy_server (NOTSET)> Received item
DEBUG 2026-09-03 09:50:46 ort/utils.py:89 <Logger policy_server (NOTSET)> Received data at step 0
DEBUG 2026-09-03 09:50:46 ort/utils.py:80 <Logger policy_server (NOTSET)> Received item
DEBUG 2026-09-03 09:50:46 ort/utils.py:97 <Logger policy_server (NOTSET)> Received data at step end size 2766007
DEBUG 2026-09-03 09:50:46 y_server.py:186 Received observation #75
DEBUG 2026-09-03 09:50:46 y_server.py:194 Received observation #75 | Avg FPS: 17.74 | Target: 30.00 | One-way latency: -55.68ms
DEBUG 2026-09-03 09:50:46 y_server.py:201 Server timestamp: 1788396646.376478 | Client timestamp: 1788396646.432162 | Deserialization time: 0.006939s
DEBUG 2026-09-03 09:50:46 y_server.py:278 Skipping observation #75 - Observation too similar to last obs predicted!
DEBUG 2026-09-03 09:50:46 y_server.py:210 Observation #75 has been filtered out
DEBUG 2026-09-03 09:50:46 y_server.py:176 Receiving observations from ipv4:192.168.100.50:43068
INFO 2026-09-03 09:50:46 ort/utils.py:78 <Logger policy_server (NOTSET)> Starting receiver
DEBUG 2026-09-03 09:50:46 ort/utils.py:80 <Logger policy_server (NOTSET)> Received item
DEBUG 2026-09-03 09:50:46 ort/utils.py:89 <Logger policy_server (NOTSET)> Received data at step 0
DEBUG 2026-09-03 09:50:46 ort/utils.py:80 <Logger policy_server (NOTSET)> Received item
DEBUG 2026-09-03 09:50:46 ort/utils.py:97 <Logger policy_server (NOTSET)> Received data at step end size 2766007
DEBUG 2026-09-03 09:50:46 y_server.py:186 Received observation #76
DEBUG 2026-09-03 09:50:46 y_server.py:194 Received observation #76 | Avg FPS: 17.80 | Target: 30.00 | One-way latency: -55.54ms
DEBUG 2026-09-03 09:50:46 y_server.py:201 Server timestamp: 1788396646.416551 | Client timestamp: 1788396646.472087 | Deserialization time: 0.018962s
DEBUG 2026-09-03 09:50:46 y_server.py:278 Skipping observation #76 - Observation too similar to last obs predicted!
DEBUG 2026-09-03 09:50:46 y_server.py:210 Observation #76 has been filtered out
DEBUG 2026-09-03 09:50:46 y_server.py:176 Receiving observations from ipv4:192.168.100.50:43068
INFO 2026-09-03 09:50:46 ort/utils.py:78 <Logger policy_server (NOTSET)> Starting receiver
DEBUG 2026-09-03 09:50:46 ort/utils.py:80 <Logger policy_server (NOTSET)> Received item
DEBUG 2026-09-03 09:50:46 ort/utils.py:89 <Logger policy_server (NOTSET)> Received data at step 0
DEBUG 2026-09-03 09:50:46 ort/utils.py:80 <Logger policy_server (NOTSET)> Received item
DEBUG 2026-09-03 09:50:46 ort/utils.py:97 <Logger policy_server (NOTSET)> Received data at step end size 2766007
DEBUG 2026-09-03 09:50:46 y_server.py:186 Received observation #77
DEBUG 2026-09-03 09:50:46 y_server.py:194 Received observation #77 | Avg FPS: 17.89 | Target: 30.00 | One-way latency: -51.00ms
DEBUG 2026-09-03 09:50:46 y_server.py:201 Server timestamp: 1788396646.451556 | Client timestamp: 1788396646.502556 | Deserialization time: 0.011092s
DEBUG 2026-09-03 09:50:46 y_server.py:278 Skipping observation #77 - Observation too similar to last obs predicted!
DEBUG 2026-09-03 09:50:46 y_server.py:210 Observation #77 has been filtered out
DEBUG 2026-09-03 09:50:46 y_server.py:176 Receiving observations from ipv4:192.168.100.50:43068
INFO 2026-09-03 09:50:46 ort/utils.py:78 <Logger policy_server (NOTSET)> Starting receiver
DEBUG 2026-09-03 09:50:46 ort/utils.py:80 <Logger policy_server (NOTSET)> Received item
DEBUG 2026-09-03 09:50:46 ort/utils.py:89 <Logger policy_server (NOTSET)> Received data at step 0
DEBUG 2026-09-03 09:50:46 ort/utils.py:80 <Logger policy_server (NOTSET)> Received item
DEBUG 2026-09-03 09:50:46 ort/utils.py:97 <Logger policy_server (NOTSET)> Received data at step end size 2766007
DEBUG 2026-09-03 09:50:46 y_server.py:186 Received observation #78
DEBUG 2026-09-03 09:50:46 y_server.py:194 Received observation #78 | Avg FPS: 17.93 | Target: 30.00 | One-way latency: -55.25ms
DEBUG 2026-09-03 09:50:46 y_server.py:201 Server timestamp: 1788396646.493966 | Client timestamp: 1788396646.549217 | Deserialization time: 0.006575s
DEBUG 2026-09-03 09:50:46 y_server.py:278 Skipping observation #78 - Observation too similar to last obs predicted!
DEBUG 2026-09-03 09:50:46 y_server.py:210 Observation #78 has been filtered out
DEBUG 2026-09-03 09:50:46 y_server.py:176 Receiving observations from ipv4:192.168.100.50:43068
INFO 2026-09-03 09:50:46 ort/utils.py:78 <Logger policy_server (NOTSET)> Starting receiver
DEBUG 2026-09-03 09:50:46 ort/utils.py:80 <Logger policy_server (NOTSET)> Received item
DEBUG 2026-09-03 09:50:46 ort/utils.py:89 <Logger policy_server (NOTSET)> Received data at step 0
DEBUG 2026-09-03 09:50:46 ort/utils.py:80 <Logger policy_server (NOTSET)> Received item
DEBUG 2026-09-03 09:50:46 ort/utils.py:97 <Logger policy_server (NOTSET)> Received data at step end size 2766007
DEBUG 2026-09-03 09:50:46 y_server.py:186 Received observation #79
DEBUG 2026-09-03 09:50:46 y_server.py:194 Received observation #79 | Avg FPS: 18.02 | Target: 30.00 | One-way latency: -55.38ms
DEBUG 2026-09-03 09:50:46 y_server.py:201 Server timestamp: 1788396646.523852 | Client timestamp: 1788396646.579233 | Deserialization time: 0.016810s
DEBUG 2026-09-03 09:50:46 y_server.py:278 Skipping observation #79 - Observation too similar to last obs predicted!
DEBUG 2026-09-03 09:50:46 y_server.py:210 Observation #79 has been filtered out
DEBUG 2026-09-03 09:50:46 y_server.py:176 Receiving observations from ipv4:192.168.100.50:43068
INFO 2026-09-03 09:50:46 ort/utils.py:78 <Logger policy_server (NOTSET)> Starting receiver
DEBUG 2026-09-03 09:50:46 ort/utils.py:80 <Logger policy_server (NOTSET)> Received item
DEBUG 2026-09-03 09:50:46 ort/utils.py:89 <Logger policy_server (NOTSET)> Received data at step 0
DEBUG 2026-09-03 09:50:46 ort/utils.py:80 <Logger policy_server (NOTSET)> Received item
DEBUG 2026-09-03 09:50:46 ort/utils.py:97 <Logger policy_server (NOTSET)> Received data at step end size 2766007
DEBUG 2026-09-03 09:50:46 y_server.py:186 Received observation #80
DEBUG 2026-09-03 09:50:46 y_server.py:194 Received observation #80 | Avg FPS: 18.09 | Target: 30.00 | One-way latency: -55.49ms
DEBUG 2026-09-03 09:50:46 y_server.py:201 Server timestamp: 1788396646.560149 | Client timestamp: 1788396646.615641 | Deserialization time: 0.006837s
DEBUG 2026-09-03 09:50:46 y_server.py:278 Skipping observation #80 - Observation too similar to last obs predicted!
DEBUG 2026-09-03 09:50:46 y_server.py:210 Observation #80 has been filtered out
DEBUG 2026-09-03 09:50:46 y_server.py:176 Receiving observations from ipv4:192.168.100.50:43068
INFO 2026-09-03 09:50:46 ort/utils.py:78 <Logger policy_server (NOTSET)> Starting receiver
DEBUG 2026-09-03 09:50:46 ort/utils.py:80 <Logger policy_server (NOTSET)> Received item
DEBUG 2026-09-03 09:50:46 ort/utils.py:89 <Logger policy_server (NOTSET)> Received data at step 0
DEBUG 2026-09-03 09:50:46 ort/utils.py:80 <Logger policy_server (NOTSET)> Received item
DEBUG 2026-09-03 09:50:46 ort/utils.py:97 <Logger policy_server (NOTSET)> Received data at step end size 2766007
DEBUG 2026-09-03 09:50:46 y_server.py:186 Received observation #81
DEBUG 2026-09-03 09:50:46 y_server.py:194 Received observation #81 | Avg FPS: 18.17 | Target: 30.00 | One-way latency: -52.32ms
DEBUG 2026-09-03 09:50:46 y_server.py:201 Server timestamp: 1788396646.596701 | Client timestamp: 1788396646.649018 | Deserialization time: 0.007342s
DEBUG 2026-09-03 09:50:46 y_server.py:278 Skipping observation #81 - Observation too similar to last obs predicted!
DEBUG 2026-09-03 09:50:46 y_server.py:210 Observation #81 has been filtered out
DEBUG 2026-09-03 09:50:46 y_server.py:176 Receiving observations from ipv4:192.168.100.50:43068
INFO 2026-09-03 09:50:46 ort/utils.py:78 <Logger policy_server (NOTSET)> Starting receiver
DEBUG 2026-09-03 09:50:46 ort/utils.py:80 <Logger policy_server (NOTSET)> Received item
DEBUG 2026-09-03 09:50:46 ort/utils.py:89 <Logger policy_server (NOTSET)> Received data at step 0
DEBUG 2026-09-03 09:50:46 ort/utils.py:80 <Logger policy_server (NOTSET)> Received item
DEBUG 2026-09-03 09:50:46 ort/utils.py:97 <Logger policy_server (NOTSET)> Received data at step end size 2766007
DEBUG 2026-09-03 09:50:46 y_server.py:186 Received observation #82
DEBUG 2026-09-03 09:50:46 y_server.py:194 Received observation #82 | Avg FPS: 18.24 | Target: 30.00 | One-way latency: -55.07ms
DEBUG 2026-09-03 09:50:46 y_server.py:201 Server timestamp: 1788396646.630347 | Client timestamp: 1788396646.685419 | Deserialization time: 0.007397s
DEBUG 2026-09-03 09:50:46 y_server.py:278 Skipping observation #82 - Observation too similar to last obs predicted!
DEBUG 2026-09-03 09:50:46 y_server.py:210 Observation #82 has been filtered out
DEBUG 2026-09-03 09:50:46 y_server.py:176 Receiving observations from ipv4:192.168.100.50:43068
INFO 2026-09-03 09:50:46 ort/utils.py:78 <Logger policy_server (NOTSET)> Starting receiver
DEBUG 2026-09-03 09:50:46 ort/utils.py:80 <Logger policy_server (NOTSET)> Received item
DEBUG 2026-09-03 09:50:46 ort/utils.py:89 <Logger policy_server (NOTSET)> Received data at step 0
DEBUG 2026-09-03 09:50:46 ort/utils.py:80 <Logger policy_server (NOTSET)> Received item
DEBUG 2026-09-03 09:50:46 ort/utils.py:97 <Logger policy_server (NOTSET)> Received data at step end size 2766007
DEBUG 2026-09-03 09:50:46 y_server.py:186 Received observation #83
DEBUG 2026-09-03 09:50:46 y_server.py:194 Received observation #83 | Avg FPS: 18.32 | Target: 30.00 | One-way latency: -55.47ms
DEBUG 2026-09-03 09:50:46 y_server.py:201 Server timestamp: 1788396646.662040 | Client timestamp: 1788396646.717512 | Deserialization time: 0.008306s
DEBUG 2026-09-03 09:50:46 y_server.py:278 Skipping observation #83 - Observation too similar to last obs predicted!
DEBUG 2026-09-03 09:50:46 y_server.py:210 Observation #83 has been filtered out
DEBUG 2026-09-03 09:50:46 y_server.py:176 Receiving observations from ipv4:192.168.100.50:43068
INFO 2026-09-03 09:50:46 ort/utils.py:78 <Logger policy_server (NOTSET)> Starting receiver
DEBUG 2026-09-03 09:50:46 ort/utils.py:80 <Logger policy_server (NOTSET)> Received item
DEBUG 2026-09-03 09:50:46 ort/utils.py:89 <Logger policy_server (NOTSET)> Received data at step 0
DEBUG 2026-09-03 09:50:46 ort/utils.py:80 <Logger policy_server (NOTSET)> Received item
DEBUG 2026-09-03 09:50:46 ort/utils.py:97 <Logger policy_server (NOTSET)> Received data at step end size 2766007
DEBUG 2026-09-03 09:50:46 y_server.py:186 Received observation #84
DEBUG 2026-09-03 09:50:46 y_server.py:194 Received observation #84 | Avg FPS: 18.35 | Target: 30.00 | One-way latency: -55.64ms
DEBUG 2026-09-03 09:50:46 y_server.py:201 Server timestamp: 1788396646.710088 | Client timestamp: 1788396646.765723 | Deserialization time: 0.008301s
DEBUG 2026-09-03 09:50:46 y_server.py:278 Skipping observation #84 - Observation too similar to last obs predicted!
DEBUG 2026-09-03 09:50:46 y_server.py:210 Observation #84 has been filtered out
DEBUG 2026-09-03 09:50:46 y_server.py:176 Receiving observations from ipv4:192.168.100.50:43068
INFO 2026-09-03 09:50:46 ort/utils.py:78 <Logger policy_server (NOTSET)> Starting receiver
DEBUG 2026-09-03 09:50:46 ort/utils.py:80 <Logger policy_server (NOTSET)> Received item
DEBUG 2026-09-03 09:50:46 ort/utils.py:89 <Logger policy_server (NOTSET)> Received data at step 0
DEBUG 2026-09-03 09:50:46 ort/utils.py:80 <Logger policy_server (NOTSET)> Received item
DEBUG 2026-09-03 09:50:46 ort/utils.py:97 <Logger policy_server (NOTSET)> Received data at step end size 2766007
DEBUG 2026-09-03 09:50:46 y_server.py:186 Received observation #85
DEBUG 2026-09-03 09:50:46 y_server.py:194 Received observation #85 | Avg FPS: 18.43 | Target: 30.00 | One-way latency: -54.94ms
DEBUG 2026-09-03 09:50:46 y_server.py:201 Server timestamp: 1788396646.743175 | Client timestamp: 1788396646.798111 | Deserialization time: 0.012726s
DEBUG 2026-09-03 09:50:46 y_server.py:278 Skipping observation #85 - Observation too similar to last obs predicted!
DEBUG 2026-09-03 09:50:46 y_server.py:210 Observation #85 has been filtered out
DEBUG 2026-09-03 09:50:46 y_server.py:176 Receiving observations from ipv4:192.168.100.50:43068
INFO 2026-09-03 09:50:46 ort/utils.py:78 <Logger policy_server (NOTSET)> Starting receiver
DEBUG 2026-09-03 09:50:46 ort/utils.py:80 <Logger policy_server (NOTSET)> Received item
DEBUG 2026-09-03 09:50:46 ort/utils.py:89 <Logger policy_server (NOTSET)> Received data at step 0
DEBUG 2026-09-03 09:50:46 ort/utils.py:80 <Logger policy_server (NOTSET)> Received item
DEBUG 2026-09-03 09:50:46 ort/utils.py:97 <Logger policy_server (NOTSET)> Received data at step end size 2766007
DEBUG 2026-09-03 09:50:46 y_server.py:186 Received observation #86
DEBUG 2026-09-03 09:50:46 y_server.py:194 Received observation #86 | Avg FPS: 18.50 | Target: 30.00 | One-way latency: -53.59ms
DEBUG 2026-09-03 09:50:46 y_server.py:201 Server timestamp: 1788396646.777575 | Client timestamp: 1788396646.831164 | Deserialization time: 0.007621s
DEBUG 2026-09-03 09:50:46 y_server.py:278 Skipping observation #86 - Observation too similar to last obs predicted!
DEBUG 2026-09-03 09:50:46 y_server.py:210 Observation #86 has been filtered out
DEBUG 2026-09-03 09:50:46 y_server.py:176 Receiving observations from ipv4:192.168.100.50:43068
INFO 2026-09-03 09:50:46 ort/utils.py:78 <Logger policy_server (NOTSET)> Starting receiver
DEBUG 2026-09-03 09:50:46 ort/utils.py:80 <Logger policy_server (NOTSET)> Received item
DEBUG 2026-09-03 09:50:46 ort/utils.py:89 <Logger policy_server (NOTSET)> Received data at step 0
DEBUG 2026-09-03 09:50:46 ort/utils.py:80 <Logger policy_server (NOTSET)> Received item
DEBUG 2026-09-03 09:50:46 ort/utils.py:97 <Logger policy_server (NOTSET)> Received data at step end size 2766007
DEBUG 2026-09-03 09:50:46 y_server.py:186 Received observation #87
DEBUG 2026-09-03 09:50:46 y_server.py:194 Received observation #87 | Avg FPS: 18.55 | Target: 30.00 | One-way latency: -55.44ms
DEBUG 2026-09-03 09:50:46 y_server.py:201 Server timestamp: 1788396646.815780 | Client timestamp: 1788396646.871218 | Deserialization time: 0.010165s
DEBUG 2026-09-03 09:50:46 y_server.py:278 Skipping observation #87 - Observation too similar to last obs predicted!
DEBUG 2026-09-03 09:50:46 y_server.py:210 Observation #87 has been filtered out
DEBUG 2026-09-03 09:50:46 y_server.py:176 Receiving observations from ipv4:192.168.100.50:43068
INFO 2026-09-03 09:50:46 ort/utils.py:78 <Logger policy_server (NOTSET)> Starting receiver
DEBUG 2026-09-03 09:50:46 ort/utils.py:80 <Logger policy_server (NOTSET)> Received item
DEBUG 2026-09-03 09:50:46 ort/utils.py:89 <Logger policy_server (NOTSET)> Received data at step 0
DEBUG 2026-09-03 09:50:46 ort/utils.py:80 <Logger policy_server (NOTSET)> Received item
DEBUG 2026-09-03 09:50:46 ort/utils.py:97 <Logger policy_server (NOTSET)> Received data at step end size 2766007
DEBUG 2026-09-03 09:50:46 y_server.py:186 Received observation #88
DEBUG 2026-09-03 09:50:46 y_server.py:194 Received observation #88 | Avg FPS: 18.63 | Target: 30.00 | One-way latency: -50.02ms
DEBUG 2026-09-03 09:50:46 y_server.py:201 Server timestamp: 1788396646.852654 | Client timestamp: 1788396646.902670 | Deserialization time: 0.006983s
DEBUG 2026-09-03 09:50:46 y_server.py:278 Skipping observation #88 - Observation too similar to last obs predicted!
DEBUG 2026-09-03 09:50:46 y_server.py:210 Observation #88 has been filtered out
DEBUG 2026-09-03 09:50:46 y_server.py:176 Receiving observations from ipv4:192.168.100.50:43068
INFO 2026-09-03 09:50:46 ort/utils.py:78 <Logger policy_server (NOTSET)> Starting receiver
DEBUG 2026-09-03 09:50:46 ort/utils.py:80 <Logger policy_server (NOTSET)> Received item
DEBUG 2026-09-03 09:50:46 ort/utils.py:89 <Logger policy_server (NOTSET)> Received data at step 0
DEBUG 2026-09-03 09:50:46 ort/utils.py:80 <Logger policy_server (NOTSET)> Received item
DEBUG 2026-09-03 09:50:46 ort/utils.py:97 <Logger policy_server (NOTSET)> Received data at step end size 2766007
DEBUG 2026-09-03 09:50:46 y_server.py:186 Received observation #89
DEBUG 2026-09-03 09:50:46 y_server.py:194 Received observation #89 | Avg FPS: 18.71 | Target: 30.00 | One-way latency: -55.77ms
DEBUG 2026-09-03 09:50:46 y_server.py:201 Server timestamp: 1788396646.878281 | Client timestamp: 1788396646.934053 | Deserialization time: 0.006021s
DEBUG 2026-09-03 09:50:46 y_server.py:278 Skipping observation #89 - Observation too similar to last obs predicted!
DEBUG 2026-09-03 09:50:46 y_server.py:210 Observation #89 has been filtered out
DEBUG 2026-09-03 09:50:46 y_server.py:176 Receiving observations from ipv4:192.168.100.50:43068
INFO 2026-09-03 09:50:46 ort/utils.py:78 <Logger policy_server (NOTSET)> Starting receiver
DEBUG 2026-09-03 09:50:46 ort/utils.py:80 <Logger policy_server (NOTSET)> Received item
DEBUG 2026-09-03 09:50:46 ort/utils.py:89 <Logger policy_server (NOTSET)> Received data at step 0
DEBUG 2026-09-03 09:50:46 ort/utils.py:80 <Logger policy_server (NOTSET)> Received item
DEBUG 2026-09-03 09:50:46 ort/utils.py:97 <Logger policy_server (NOTSET)> Received data at step end size 2766007
DEBUG 2026-09-03 09:50:46 y_server.py:186 Received observation #90
DEBUG 2026-09-03 09:50:46 y_server.py:194 Received observation #90 | Avg FPS: 18.78 | Target: 30.00 | One-way latency: -54.97ms
DEBUG 2026-09-03 09:50:46 y_server.py:201 Server timestamp: 1788396646.912972 | Client timestamp: 1788396646.967940 | Deserialization time: 0.009304s
DEBUG 2026-09-03 09:50:46 y_server.py:278 Skipping observation #90 - Observation too similar to last obs predicted!
DEBUG 2026-09-03 09:50:46 y_server.py:210 Observation #90 has been filtered out
DEBUG 2026-09-03 09:50:46 y_server.py:176 Receiving observations from ipv4:192.168.100.50:43068
INFO 2026-09-03 09:50:46 ort/utils.py:78 <Logger policy_server (NOTSET)> Starting receiver
DEBUG 2026-09-03 09:50:46 ort/utils.py:80 <Logger policy_server (NOTSET)> Received item
DEBUG 2026-09-03 09:50:46 ort/utils.py:89 <Logger policy_server (NOTSET)> Received data at step 0
DEBUG 2026-09-03 09:50:46 ort/utils.py:80 <Logger policy_server (NOTSET)> Received item
DEBUG 2026-09-03 09:50:46 ort/utils.py:97 <Logger policy_server (NOTSET)> Received data at step end size 2766007
DEBUG 2026-09-03 09:50:46 y_server.py:186 Received observation #91
DEBUG 2026-09-03 09:50:46 y_server.py:194 Received observation #91 | Avg FPS: 18.82 | Target: 30.00 | One-way latency: -55.78ms
DEBUG 2026-09-03 09:50:46 y_server.py:201 Server timestamp: 1788396646.955241 | Client timestamp: 1788396647.011020 | Deserialization time: 0.006813s
DEBUG 2026-09-03 09:50:46 y_server.py:278 Skipping observation #91 - Observation too similar to last obs predicted!
DEBUG 2026-09-03 09:50:46 y_server.py:210 Observation #91 has been filtered out
DEBUG 2026-09-03 09:50:46 y_server.py:176 Receiving observations from ipv4:192.168.100.50:43068
INFO 2026-09-03 09:50:46 ort/utils.py:78 <Logger policy_server (NOTSET)> Starting receiver
DEBUG 2026-09-03 09:50:46 ort/utils.py:80 <Logger policy_server (NOTSET)> Received item
DEBUG 2026-09-03 09:50:46 ort/utils.py:89 <Logger policy_server (NOTSET)> Received data at step 0
DEBUG 2026-09-03 09:50:46 ort/utils.py:80 <Logger policy_server (NOTSET)> Received item
DEBUG 2026-09-03 09:50:46 ort/utils.py:97 <Logger policy_server (NOTSET)> Received data at step end size 2766007
DEBUG 2026-09-03 09:50:46 y_server.py:186 Received observation #92
DEBUG 2026-09-03 09:50:46 y_server.py:194 Received observation #92 | Avg FPS: 18.89 | Target: 30.00 | One-way latency: -55.76ms
DEBUG 2026-09-03 09:50:46 y_server.py:201 Server timestamp: 1788396646.987759 | Client timestamp: 1788396647.043520 | Deserialization time: 0.007904s
DEBUG 2026-09-03 09:50:46 y_server.py:278 Skipping observation #92 - Observation too similar to last obs predicted!
DEBUG 2026-09-03 09:50:46 y_server.py:210 Observation #92 has been filtered out
DEBUG 2026-09-03 09:50:47 y_server.py:176 Receiving observations from ipv4:192.168.100.50:43068
INFO 2026-09-03 09:50:47 ort/utils.py:78 <Logger policy_server (NOTSET)> Starting receiver
DEBUG 2026-09-03 09:50:47 ort/utils.py:80 <Logger policy_server (NOTSET)> Received item
DEBUG 2026-09-03 09:50:47 ort/utils.py:89 <Logger policy_server (NOTSET)> Received data at step 0
DEBUG 2026-09-03 09:50:47 ort/utils.py:80 <Logger policy_server (NOTSET)> Received item
DEBUG 2026-09-03 09:50:47 ort/utils.py:97 <Logger policy_server (NOTSET)> Received data at step end size 2766007
DEBUG 2026-09-03 09:50:47 y_server.py:186 Received observation #93
DEBUG 2026-09-03 09:50:47 y_server.py:194 Received observation #93 | Avg FPS: 18.96 | Target: 30.00 | One-way latency: -55.87ms
DEBUG 2026-09-03 09:50:47 y_server.py:201 Server timestamp: 1788396647.021412 | Client timestamp: 1788396647.077285 | Deserialization time: 0.006561s
DEBUG 2026-09-03 09:50:47 y_server.py:278 Skipping observation #93 - Observation too similar to last obs predicted!
DEBUG 2026-09-03 09:50:47 y_server.py:210 Observation #93 has been filtered out
DEBUG 2026-09-03 09:50:47 y_server.py:176 Receiving observations from ipv4:192.168.100.50:43068
INFO 2026-09-03 09:50:47 ort/utils.py:78 <Logger policy_server (NOTSET)> Starting receiver
DEBUG 2026-09-03 09:50:47 ort/utils.py:80 <Logger policy_server (NOTSET)> Received item
DEBUG 2026-09-03 09:50:47 ort/utils.py:89 <Logger policy_server (NOTSET)> Received data at step 0
DEBUG 2026-09-03 09:50:47 ort/utils.py:80 <Logger policy_server (NOTSET)> Received item
DEBUG 2026-09-03 09:50:47 ort/utils.py:97 <Logger policy_server (NOTSET)> Received data at step end size 2766007
DEBUG 2026-09-03 09:50:47 y_server.py:186 Received observation #94
DEBUG 2026-09-03 09:50:47 y_server.py:194 Received observation #94 | Avg FPS: 19.00 | Target: 30.00 | One-way latency: -56.02ms
DEBUG 2026-09-03 09:50:47 y_server.py:201 Server timestamp: 1788396647.060506 | Client timestamp: 1788396647.116527 | Deserialization time: 0.008297s
DEBUG 2026-09-03 09:50:47 y_server.py:278 Skipping observation #94 - Observation too similar to last obs predicted!
DEBUG 2026-09-03 09:50:47 y_server.py:210 Observation #94 has been filtered out
DEBUG 2026-09-03 09:50:47 y_server.py:176 Receiving observations from ipv4:192.168.100.50:43068
INFO 2026-09-03 09:50:47 ort/utils.py:78 <Logger policy_server (NOTSET)> Starting receiver
DEBUG 2026-09-03 09:50:47 ort/utils.py:80 <Logger policy_server (NOTSET)> Received item
DEBUG 2026-09-03 09:50:47 ort/utils.py:89 <Logger policy_server (NOTSET)> Received data at step 0
DEBUG 2026-09-03 09:50:47 ort/utils.py:80 <Logger policy_server (NOTSET)> Received item
DEBUG 2026-09-03 09:50:47 ort/utils.py:97 <Logger policy_server (NOTSET)> Received data at step end size 2766007
DEBUG 2026-09-03 09:50:47 y_server.py:186 Received observation #95
DEBUG 2026-09-03 09:50:47 y_server.py:194 Received observation #95 | Avg FPS: 19.04 | Target: 30.00 | One-way latency: -55.31ms
DEBUG 2026-09-03 09:50:47 y_server.py:201 Server timestamp: 1788396647.102691 | Client timestamp: 1788396647.157999 | Deserialization time: 0.021447s
DEBUG 2026-09-03 09:50:47 y_server.py:278 Skipping observation #95 - Observation too similar to last obs predicted!
DEBUG 2026-09-03 09:50:47 y_server.py:210 Observation #95 has been filtered out
DEBUG 2026-09-03 09:50:47 y_server.py:176 Receiving observations from ipv4:192.168.100.50:43068
INFO 2026-09-03 09:50:47 ort/utils.py:78 <Logger policy_server (NOTSET)> Starting receiver
DEBUG 2026-09-03 09:50:47 ort/utils.py:80 <Logger policy_server (NOTSET)> Received item
DEBUG 2026-09-03 09:50:47 ort/utils.py:89 <Logger policy_server (NOTSET)> Received data at step 0
DEBUG 2026-09-03 09:50:47 ort/utils.py:80 <Logger policy_server (NOTSET)> Received item
DEBUG 2026-09-03 09:50:47 ort/utils.py:97 <Logger policy_server (NOTSET)> Received data at step end size 2766007
DEBUG 2026-09-03 09:50:47 y_server.py:186 Received observation #96
DEBUG 2026-09-03 09:50:47 y_server.py:194 Received observation #96 | Avg FPS: 19.11 | Target: 30.00 | One-way latency: -56.24ms
DEBUG 2026-09-03 09:50:47 y_server.py:201 Server timestamp: 1788396647.135382 | Client timestamp: 1788396647.191626 | Deserialization time: 0.010803s
DEBUG 2026-09-03 09:50:47 y_server.py:278 Skipping observation #96 - Observation too similar to last obs predicted!
DEBUG 2026-09-03 09:50:47 y_server.py:210 Observation #96 has been filtered out
DEBUG 2026-09-03 09:50:47 y_server.py:176 Receiving observations from ipv4:192.168.100.50:43068
INFO 2026-09-03 09:50:47 ort/utils.py:78 <Logger policy_server (NOTSET)> Starting receiver
DEBUG 2026-09-03 09:50:47 ort/utils.py:80 <Logger policy_server (NOTSET)> Received item
DEBUG 2026-09-03 09:50:47 ort/utils.py:89 <Logger policy_server (NOTSET)> Received data at step 0
DEBUG 2026-09-03 09:50:47 ort/utils.py:80 <Logger policy_server (NOTSET)> Received item
DEBUG 2026-09-03 09:50:47 ort/utils.py:97 <Logger policy_server (NOTSET)> Received data at step end size 2766007
DEBUG 2026-09-03 09:50:47 y_server.py:186 Received observation #97
DEBUG 2026-09-03 09:50:47 y_server.py:194 Received observation #97 | Avg FPS: 19.15 | Target: 30.00 | One-way latency: -55.41ms
DEBUG 2026-09-03 09:50:47 y_server.py:201 Server timestamp: 1788396647.175589 | Client timestamp: 1788396647.230999 | Deserialization time: 0.028392s
DEBUG 2026-09-03 09:50:47 y_server.py:278 Skipping observation #97 - Observation too similar to last obs predicted!
DEBUG 2026-09-03 09:50:47 y_server.py:210 Observation #97 has been filtered out
DEBUG 2026-09-03 09:50:47 y_server.py:176 Receiving observations from ipv4:192.168.100.50:43068
INFO 2026-09-03 09:50:47 ort/utils.py:78 <Logger policy_server (NOTSET)> Starting receiver
DEBUG 2026-09-03 09:50:47 ort/utils.py:80 <Logger policy_server (NOTSET)> Received item
DEBUG 2026-09-03 09:50:47 ort/utils.py:89 <Logger policy_server (NOTSET)> Received data at step 0
DEBUG 2026-09-03 09:50:47 ort/utils.py:80 <Logger policy_server (NOTSET)> Received item
DEBUG 2026-09-03 09:50:47 ort/utils.py:97 <Logger policy_server (NOTSET)> Received data at step end size 2766007
DEBUG 2026-09-03 09:50:47 y_server.py:186 Received observation #98
DEBUG 2026-09-03 09:50:47 y_server.py:194 Received observation #98 | Avg FPS: 19.21 | Target: 30.00 | One-way latency: -55.78ms
DEBUG 2026-09-03 09:50:47 y_server.py:201 Server timestamp: 1788396647.211470 | Client timestamp: 1788396647.267251 | Deserialization time: 0.011240s
DEBUG 2026-09-03 09:50:47 y_server.py:296 Enqueuing observation. Must go: True | Last processed obs: 49
INFO 2026-09-03 09:50:47 y_server.py:224 Running inference for observation #98 (must_go: True)
DEBUG 2026-09-03 09:50:47 y_server.py:176 Receiving observations from ipv4:192.168.100.50:43068
INFO 2026-09-03 09:50:47 ort/utils.py:78 <Logger policy_server (NOTSET)> Starting receiver
DEBUG 2026-09-03 09:50:47 ort/utils.py:80 <Logger policy_server (NOTSET)> Received item
DEBUG 2026-09-03 09:50:47 ort/utils.py:89 <Logger policy_server (NOTSET)> Received data at step 0
DEBUG 2026-09-03 09:50:47 ort/utils.py:80 <Logger policy_server (NOTSET)> Received item
DEBUG 2026-09-03 09:50:47 ort/utils.py:97 <Logger policy_server (NOTSET)> Received data at step end size 2766007
DEBUG 2026-09-03 09:50:47 y_server.py:186 Received observation #98
DEBUG 2026-09-03 09:50:47 y_server.py:194 Received observation #98 | Avg FPS: 19.24 | Target: 30.00 | One-way latency: -48.85ms
DEBUG 2026-09-03 09:50:47 y_server.py:201 Server timestamp: 1788396647.259639 | Client timestamp: 1788396647.308488 | Deserialization time: 0.007518s
DEBUG 2026-09-03 09:50:47 y_server.py:274 Skipping observation #98 - Timestep predicted already!
DEBUG 2026-09-03 09:50:47 y_server.py:210 Observation #98 has been filtered out
DEBUG 2026-09-03 09:50:47 y_server.py:176 Receiving observations from ipv4:192.168.100.50:43068
INFO 2026-09-03 09:50:47 ort/utils.py:78 <Logger policy_server (NOTSET)> Starting receiver
DEBUG 2026-09-03 09:50:47 ort/utils.py:80 <Logger policy_server (NOTSET)> Received item
DEBUG 2026-09-03 09:50:47 ort/utils.py:89 <Logger policy_server (NOTSET)> Received data at step 0
DEBUG 2026-09-03 09:50:47 ort/utils.py:80 <Logger policy_server (NOTSET)> Received item
DEBUG 2026-09-03 09:50:47 ort/utils.py:97 <Logger policy_server (NOTSET)> Received data at step end size 2766007
DEBUG 2026-09-03 09:50:47 y_server.py:186 Received observation #98
DEBUG 2026-09-03 09:50:47 y_server.py:194 Received observation #98 | Avg FPS: 19.31 | Target: 30.00 | One-way latency: -55.35ms
DEBUG 2026-09-03 09:50:47 y_server.py:201 Server timestamp: 1788396647.286496 | Client timestamp: 1788396647.341845 | Deserialization time: 0.006852s
DEBUG 2026-09-03 09:50:47 y_server.py:274 Skipping observation #98 - Timestep predicted already!
DEBUG 2026-09-03 09:50:47 y_server.py:210 Observation #98 has been filtered out
DEBUG 2026-09-03 09:50:47 y_server.py:176 Receiving observations from ipv4:192.168.100.50:43068
INFO 2026-09-03 09:50:47 ort/utils.py:78 <Logger policy_server (NOTSET)> Starting receiver
DEBUG 2026-09-03 09:50:47 ort/utils.py:80 <Logger policy_server (NOTSET)> Received item
DEBUG 2026-09-03 09:50:47 ort/utils.py:89 <Logger policy_server (NOTSET)> Received data at step 0
DEBUG 2026-09-03 09:50:47 ort/utils.py:80 <Logger policy_server (NOTSET)> Received item
DEBUG 2026-09-03 09:50:47 ort/utils.py:97 <Logger policy_server (NOTSET)> Received data at step end size 2766007
DEBUG 2026-09-03 09:50:47 y_server.py:186 Received observation #98
DEBUG 2026-09-03 09:50:47 y_server.py:194 Received observation #98 | Avg FPS: 19.36 | Target: 30.00 | One-way latency: -49.37ms
DEBUG 2026-09-03 09:50:47 y_server.py:201 Server timestamp: 1788396647.329546 | Client timestamp: 1788396647.378911 | Deserialization time: 0.012636s
DEBUG 2026-09-03 09:50:47 y_server.py:274 Skipping observation #98 - Timestep predicted already!
DEBUG 2026-09-03 09:50:47 y_server.py:210 Observation #98 has been filtered out
DEBUG 2026-09-03 09:50:47 y_server.py:176 Receiving observations from ipv4:192.168.100.50:43068
INFO 2026-09-03 09:50:47 ort/utils.py:78 <Logger policy_server (NOTSET)> Starting receiver
DEBUG 2026-09-03 09:50:47 ort/utils.py:80 <Logger policy_server (NOTSET)> Received item
DEBUG 2026-09-03 09:50:47 ort/utils.py:89 <Logger policy_server (NOTSET)> Received data at step 0
DEBUG 2026-09-03 09:50:47 ort/utils.py:80 <Logger policy_server (NOTSET)> Received item
DEBUG 2026-09-03 09:50:47 ort/utils.py:97 <Logger policy_server (NOTSET)> Received data at step end size 2766007
DEBUG 2026-09-03 09:50:47 y_server.py:186 Received observation #98
DEBUG 2026-09-03 09:50:47 y_server.py:194 Received observation #98 | Avg FPS: 19.42 | Target: 30.00 | One-way latency: -55.98ms
DEBUG 2026-09-03 09:50:47 y_server.py:201 Server timestamp: 1788396647.357159 | Client timestamp: 1788396647.413137 | Deserialization time: 0.006917s
DEBUG 2026-09-03 09:50:47 y_server.py:274 Skipping observation #98 - Timestep predicted already!
DEBUG 2026-09-03 09:50:47 y_server.py:210 Observation #98 has been filtered out
DEBUG 2026-09-03 09:50:47 y_server.py:176 Receiving observations from ipv4:192.168.100.50:43068
INFO 2026-09-03 09:50:47 ort/utils.py:78 <Logger policy_server (NOTSET)> Starting receiver
DEBUG 2026-09-03 09:50:47 ort/utils.py:80 <Logger policy_server (NOTSET)> Received item
DEBUG 2026-09-03 09:50:47 ort/utils.py:89 <Logger policy_server (NOTSET)> Received data at step 0
DEBUG 2026-09-03 09:50:47 ort/utils.py:80 <Logger policy_server (NOTSET)> Received item
DEBUG 2026-09-03 09:50:47 ort/utils.py:97 <Logger policy_server (NOTSET)> Received data at step end size 2766007
DEBUG 2026-09-03 09:50:47 y_server.py:186 Received observation #98
DEBUG 2026-09-03 09:50:47 y_server.py:194 Received observation #98 | Avg FPS: 19.48 | Target: 30.00 | One-way latency: -55.72ms
DEBUG 2026-09-03 09:50:47 y_server.py:201 Server timestamp: 1788396647.390924 | Client timestamp: 1788396647.446645 | Deserialization time: 0.006445s
DEBUG 2026-09-03 09:50:47 y_server.py:274 Skipping observation #98 - Timestep predicted already!
DEBUG 2026-09-03 09:50:47 y_server.py:210 Observation #98 has been filtered out
DEBUG 2026-09-03 09:50:47 y_server.py:176 Receiving observations from ipv4:192.168.100.50:43068
INFO 2026-09-03 09:50:47 ort/utils.py:78 <Logger policy_server (NOTSET)> Starting receiver
DEBUG 2026-09-03 09:50:47 ort/utils.py:80 <Logger policy_server (NOTSET)> Received item
DEBUG 2026-09-03 09:50:47 ort/utils.py:89 <Logger policy_server (NOTSET)> Received data at step 0
DEBUG 2026-09-03 09:50:47 ort/utils.py:80 <Logger policy_server (NOTSET)> Received item
DEBUG 2026-09-03 09:50:47 ort/utils.py:97 <Logger policy_server (NOTSET)> Received data at step end size 2766007
DEBUG 2026-09-03 09:50:47 y_server.py:186 Received observation #98
DEBUG 2026-09-03 09:50:47 y_server.py:194 Received observation #98 | Avg FPS: 19.53 | Target: 30.00 | One-way latency: -56.14ms
DEBUG 2026-09-03 09:50:47 y_server.py:201 Server timestamp: 1788396647.427631 | Client timestamp: 1788396647.483771 | Deserialization time: 0.007611s
DEBUG 2026-09-03 09:50:47 y_server.py:274 Skipping observation #98 - Timestep predicted already!
DEBUG 2026-09-03 09:50:47 y_server.py:210 Observation #98 has been filtered out
DEBUG 2026-09-03 09:50:47 y_server.py:176 Receiving observations from ipv4:192.168.100.50:43068
INFO 2026-09-03 09:50:47 ort/utils.py:78 <Logger policy_server (NOTSET)> Starting receiver
DEBUG 2026-09-03 09:50:47 ort/utils.py:80 <Logger policy_server (NOTSET)> Received item
DEBUG 2026-09-03 09:50:47 ort/utils.py:89 <Logger policy_server (NOTSET)> Received data at step 0
DEBUG 2026-09-03 09:50:47 ort/utils.py:80 <Logger policy_server (NOTSET)> Received item
DEBUG 2026-09-03 09:50:47 ort/utils.py:97 <Logger policy_server (NOTSET)> Received data at step end size 2766007
DEBUG 2026-09-03 09:50:47 y_server.py:186 Received observation #98
DEBUG 2026-09-03 09:50:47 y_server.py:194 Received observation #98 | Avg FPS: 19.58 | Target: 30.00 | One-way latency: -55.40ms
DEBUG 2026-09-03 09:50:47 y_server.py:201 Server timestamp: 1788396647.463928 | Client timestamp: 1788396647.519324 | Deserialization time: 0.007691s
DEBUG 2026-09-03 09:50:47 y_server.py:274 Skipping observation #98 - Timestep predicted already!
DEBUG 2026-09-03 09:50:47 y_server.py:210 Observation #98 has been filtered out
DEBUG 2026-09-03 09:50:47 y_server.py:176 Receiving observations from ipv4:192.168.100.50:43068
INFO 2026-09-03 09:50:47 ort/utils.py:78 <Logger policy_server (NOTSET)> Starting receiver
DEBUG 2026-09-03 09:50:47 ort/utils.py:80 <Logger policy_server (NOTSET)> Received item
DEBUG 2026-09-03 09:50:47 ort/utils.py:89 <Logger policy_server (NOTSET)> Received data at step 0
DEBUG 2026-09-03 09:50:47 ort/utils.py:80 <Logger policy_server (NOTSET)> Received item
DEBUG 2026-09-03 09:50:47 ort/utils.py:97 <Logger policy_server (NOTSET)> Received data at step end size 2766007
DEBUG 2026-09-03 09:50:47 y_server.py:186 Received observation #98
DEBUG 2026-09-03 09:50:47 y_server.py:194 Received observation #98 | Avg FPS: 19.64 | Target: 30.00 | One-way latency: -54.61ms
DEBUG 2026-09-03 09:50:47 y_server.py:201 Server timestamp: 1788396647.498100 | Client timestamp: 1788396647.552708 | Deserialization time: 0.005233s
DEBUG 2026-09-03 09:50:47 y_server.py:274 Skipping observation #98 - Timestep predicted already!
DEBUG 2026-09-03 09:50:47 y_server.py:210 Observation #98 has been filtered out
DEBUG 2026-09-03 09:50:47 y_server.py:176 Receiving observations from ipv4:192.168.100.50:43068
INFO 2026-09-03 09:50:47 ort/utils.py:78 <Logger policy_server (NOTSET)> Starting receiver
DEBUG 2026-09-03 09:50:47 ort/utils.py:80 <Logger policy_server (NOTSET)> Received item
DEBUG 2026-09-03 09:50:47 ort/utils.py:89 <Logger policy_server (NOTSET)> Received data at step 0
DEBUG 2026-09-03 09:50:47 ort/utils.py:80 <Logger policy_server (NOTSET)> Received item
DEBUG 2026-09-03 09:50:47 ort/utils.py:97 <Logger policy_server (NOTSET)> Received data at step end size 2766007
DEBUG 2026-09-03 09:50:47 y_server.py:186 Received observation #98
DEBUG 2026-09-03 09:50:47 y_server.py:194 Received observation #98 | Avg FPS: 19.69 | Target: 30.00 | One-way latency: -55.24ms
DEBUG 2026-09-03 09:50:47 y_server.py:201 Server timestamp: 1788396647.533443 | Client timestamp: 1788396647.588679 | Deserialization time: 0.005915s
DEBUG 2026-09-03 09:50:47 y_server.py:274 Skipping observation #98 - Timestep predicted already!
DEBUG 2026-09-03 09:50:47 y_server.py:210 Observation #98 has been filtered out
DEBUG 2026-09-03 09:50:47 y_server.py:176 Receiving observations from ipv4:192.168.100.50:43068
INFO 2026-09-03 09:50:47 ort/utils.py:78 <Logger policy_server (NOTSET)> Starting receiver
DEBUG 2026-09-03 09:50:47 ort/utils.py:80 <Logger policy_server (NOTSET)> Received item
DEBUG 2026-09-03 09:50:47 ort/utils.py:89 <Logger policy_server (NOTSET)> Received data at step 0
DEBUG 2026-09-03 09:50:47 ort/utils.py:80 <Logger policy_server (NOTSET)> Received item
DEBUG 2026-09-03 09:50:47 ort/utils.py:97 <Logger policy_server (NOTSET)> Received data at step end size 2766007
DEBUG 2026-09-03 09:50:47 y_server.py:186 Received observation #98
DEBUG 2026-09-03 09:50:47 y_server.py:194 Received observation #98 | Avg FPS: 19.74 | Target: 30.00 | One-way latency: -56.21ms
DEBUG 2026-09-03 09:50:47 y_server.py:201 Server timestamp: 1788396647.565923 | Client timestamp: 1788396647.622132 | Deserialization time: 0.006107s
DEBUG 2026-09-03 09:50:47 y_server.py:274 Skipping observation #98 - Timestep predicted already!
DEBUG 2026-09-03 09:50:47 y_server.py:210 Observation #98 has been filtered out
DEBUG 2026-09-03 09:50:47 y_server.py:176 Receiving observations from ipv4:192.168.100.50:43068
INFO 2026-09-03 09:50:47 ort/utils.py:78 <Logger policy_server (NOTSET)> Starting receiver
DEBUG 2026-09-03 09:50:47 ort/utils.py:80 <Logger policy_server (NOTSET)> Received item
DEBUG 2026-09-03 09:50:47 ort/utils.py:89 <Logger policy_server (NOTSET)> Received data at step 0
DEBUG 2026-09-03 09:50:47 ort/utils.py:80 <Logger policy_server (NOTSET)> Received item
DEBUG 2026-09-03 09:50:47 ort/utils.py:97 <Logger policy_server (NOTSET)> Received data at step end size 2766007
DEBUG 2026-09-03 09:50:47 y_server.py:186 Received observation #98
DEBUG 2026-09-03 09:50:47 y_server.py:194 Received observation #98 | Avg FPS: 19.79 | Target: 30.00 | One-way latency: -55.61ms
DEBUG 2026-09-03 09:50:47 y_server.py:201 Server timestamp: 1788396647.604234 | Client timestamp: 1788396647.659844 | Deserialization time: 0.011340s
DEBUG 2026-09-03 09:50:47 y_server.py:274 Skipping observation #98 - Timestep predicted already!
DEBUG 2026-09-03 09:50:47 y_server.py:210 Observation #98 has been filtered out
DEBUG 2026-09-03 09:50:47 y_server.py:176 Receiving observations from ipv4:192.168.100.50:43068
INFO 2026-09-03 09:50:47 ort/utils.py:78 <Logger policy_server (NOTSET)> Starting receiver
DEBUG 2026-09-03 09:50:47 ort/utils.py:80 <Logger policy_server (NOTSET)> Received item
DEBUG 2026-09-03 09:50:47 ort/utils.py:89 <Logger policy_server (NOTSET)> Received data at step 0
DEBUG 2026-09-03 09:50:47 ort/utils.py:80 <Logger policy_server (NOTSET)> Received item
DEBUG 2026-09-03 09:50:47 ort/utils.py:97 <Logger policy_server (NOTSET)> Received data at step end size 2766007
DEBUG 2026-09-03 09:50:47 y_server.py:186 Received observation #98
DEBUG 2026-09-03 09:50:47 y_server.py:194 Received observation #98 | Avg FPS: 19.83 | Target: 30.00 | One-way latency: -55.78ms
DEBUG 2026-09-03 09:50:47 y_server.py:201 Server timestamp: 1788396647.641465 | Client timestamp: 1788396647.697250 | Deserialization time: 0.007252s
DEBUG 2026-09-03 09:50:47 y_server.py:274 Skipping observation #98 - Timestep predicted already!
DEBUG 2026-09-03 09:50:47 y_server.py:210 Observation #98 has been filtered out
DEBUG 2026-09-03 09:50:47 y_server.py:176 Receiving observations from ipv4:192.168.100.50:43068
INFO 2026-09-03 09:50:47 ort/utils.py:78 <Logger policy_server (NOTSET)> Starting receiver
DEBUG 2026-09-03 09:50:47 ort/utils.py:80 <Logger policy_server (NOTSET)> Received item
DEBUG 2026-09-03 09:50:47 ort/utils.py:89 <Logger policy_server (NOTSET)> Received data at step 0
DEBUG 2026-09-03 09:50:47 ort/utils.py:80 <Logger policy_server (NOTSET)> Received item
DEBUG 2026-09-03 09:50:47 ort/utils.py:97 <Logger policy_server (NOTSET)> Received data at step end size 2766007
DEBUG 2026-09-03 09:50:47 y_server.py:186 Received observation #98
DEBUG 2026-09-03 09:50:47 y_server.py:194 Received observation #98 | Avg FPS: 19.85 | Target: 30.00 | One-way latency: -55.63ms
DEBUG 2026-09-03 09:50:47 y_server.py:201 Server timestamp: 1788396647.684964 | Client timestamp: 1788396647.740591 | Deserialization time: 0.007647s
DEBUG 2026-09-03 09:50:47 y_server.py:274 Skipping observation #98 - Timestep predicted already!
DEBUG 2026-09-03 09:50:47 y_server.py:210 Observation #98 has been filtered out
DEBUG 2026-09-03 09:50:47 y_server.py:176 Receiving observations from ipv4:192.168.100.50:43068
INFO 2026-09-03 09:50:47 ort/utils.py:78 <Logger policy_server (NOTSET)> Starting receiver
DEBUG 2026-09-03 09:50:47 ort/utils.py:80 <Logger policy_server (NOTSET)> Received item
DEBUG 2026-09-03 09:50:47 ort/utils.py:89 <Logger policy_server (NOTSET)> Received data at step 0
DEBUG 2026-09-03 09:50:47 ort/utils.py:80 <Logger policy_server (NOTSET)> Received item
DEBUG 2026-09-03 09:50:47 ort/utils.py:97 <Logger policy_server (NOTSET)> Received data at step end size 2766007
DEBUG 2026-09-03 09:50:47 y_server.py:186 Received observation #98
DEBUG 2026-09-03 09:50:47 y_server.py:194 Received observation #98 | Avg FPS: 19.91 | Target: 30.00 | One-way latency: -53.34ms
DEBUG 2026-09-03 09:50:47 y_server.py:201 Server timestamp: 1788396647.721687 | Client timestamp: 1788396647.775031 | Deserialization time: 0.010974s
DEBUG 2026-09-03 09:50:47 y_server.py:274 Skipping observation #98 - Timestep predicted already!
DEBUG 2026-09-03 09:50:47 y_server.py:210 Observation #98 has been filtered out
DEBUG 2026-09-03 09:50:47 y_server.py:176 Receiving observations from ipv4:192.168.100.50:43068
INFO 2026-09-03 09:50:47 ort/utils.py:78 <Logger policy_server (NOTSET)> Starting receiver
DEBUG 2026-09-03 09:50:47 ort/utils.py:80 <Logger policy_server (NOTSET)> Received item
DEBUG 2026-09-03 09:50:47 ort/utils.py:89 <Logger policy_server (NOTSET)> Received data at step 0
DEBUG 2026-09-03 09:50:47 ort/utils.py:80 <Logger policy_server (NOTSET)> Received item
DEBUG 2026-09-03 09:50:47 ort/utils.py:97 <Logger policy_server (NOTSET)> Received data at step end size 2766007
DEBUG 2026-09-03 09:50:47 y_server.py:186 Received observation #98
DEBUG 2026-09-03 09:50:47 y_server.py:194 Received observation #98 | Avg FPS: 19.96 | Target: 30.00 | One-way latency: -55.62ms
DEBUG 2026-09-03 09:50:47 y_server.py:201 Server timestamp: 1788396647.753703 | Client timestamp: 1788396647.809325 | Deserialization time: 0.007327s
DEBUG 2026-09-03 09:50:47 y_server.py:274 Skipping observation #98 - Timestep predicted already!
DEBUG 2026-09-03 09:50:47 y_server.py:210 Observation #98 has been filtered out
DEBUG 2026-09-03 09:50:47 y_server.py:176 Receiving observations from ipv4:192.168.100.50:43068
INFO 2026-09-03 09:50:47 ort/utils.py:78 <Logger policy_server (NOTSET)> Starting receiver
DEBUG 2026-09-03 09:50:47 ort/utils.py:80 <Logger policy_server (NOTSET)> Received item
DEBUG 2026-09-03 09:50:47 ort/utils.py:89 <Logger policy_server (NOTSET)> Received data at step 0
DEBUG 2026-09-03 09:50:47 ort/utils.py:80 <Logger policy_server (NOTSET)> Received item
DEBUG 2026-09-03 09:50:47 ort/utils.py:97 <Logger policy_server (NOTSET)> Received data at step end size 2766007
DEBUG 2026-09-03 09:50:47 y_server.py:186 Received observation #98
DEBUG 2026-09-03 09:50:47 y_server.py:194 Received observation #98 | Avg FPS: 20.01 | Target: 30.00 | One-way latency: -55.96ms
DEBUG 2026-09-03 09:50:47 y_server.py:201 Server timestamp: 1788396647.786849 | Client timestamp: 1788396647.842804 | Deserialization time: 0.006500s
DEBUG 2026-09-03 09:50:47 y_server.py:274 Skipping observation #98 - Timestep predicted already!
DEBUG 2026-09-03 09:50:47 y_server.py:210 Observation #98 has been filtered out
DEBUG 2026-09-03 09:50:47 y_server.py:176 Receiving observations from ipv4:192.168.100.50:43068
INFO 2026-09-03 09:50:47 ort/utils.py:78 <Logger policy_server (NOTSET)> Starting receiver
DEBUG 2026-09-03 09:50:47 ort/utils.py:80 <Logger policy_server (NOTSET)> Received item
DEBUG 2026-09-03 09:50:47 ort/utils.py:89 <Logger policy_server (NOTSET)> Received data at step 0
DEBUG 2026-09-03 09:50:47 ort/utils.py:80 <Logger policy_server (NOTSET)> Received item
DEBUG 2026-09-03 09:50:47 ort/utils.py:97 <Logger policy_server (NOTSET)> Received data at step end size 2766007
DEBUG 2026-09-03 09:50:47 y_server.py:186 Received observation #98
DEBUG 2026-09-03 09:50:47 y_server.py:194 Received observation #98 | Avg FPS: 20.06 | Target: 30.00 | One-way latency: -55.98ms
DEBUG 2026-09-03 09:50:47 y_server.py:201 Server timestamp: 1788396647.820439 | Client timestamp: 1788396647.876416 | Deserialization time: 0.010077s
DEBUG 2026-09-03 09:50:47 y_server.py:274 Skipping observation #98 - Timestep predicted already!
DEBUG 2026-09-03 09:50:47 y_server.py:210 Observation #98 has been filtered out
INFO 2026-09-03 09:50:47 y_server.py:359 Preprocessing and inference took 0.6008s, action shape: torch.Size([1, 50, 24])
DEBUG 2026-09-03 09:50:47 y_server.py:380 Postprocessed action shape: torch.Size([50, 24])
INFO 2026-09-03 09:50:47 y_server.py:391 Observation 98 | Total time: 613.99ms
DEBUG 2026-09-03 09:50:47 y_server.py:396 Observation 98 | Prepare time: 6.22ms | Preprocessing time: 3.91ms | Inference time: 600.78ms | Postprocessing time: 2.72ms | Total time: 613.99ms
INFO 2026-09-03 09:50:47 y_server.py:242 Action chunk #98 generated | Total time: 617.20ms
DEBUG 2026-09-03 09:50:47 y_server.py:247 Action chunk #98 generated | Inference time: 0.61s |Serialize time: 0.00s |Total time: 0.62s
DEBUG 2026-09-03 09:50:47 y_server.py:176 Receiving observations from ipv4:192.168.100.50:43068
INFO 2026-09-03 09:50:47 ort/utils.py:78 <Logger policy_server (NOTSET)> Starting receiver
DEBUG 2026-09-03 09:50:47 ort/utils.py:80 <Logger policy_server (NOTSET)> Received item
DEBUG 2026-09-03 09:50:47 ort/utils.py:89 <Logger policy_server (NOTSET)> Received data at step 0
DEBUG 2026-09-03 09:50:47 ort/utils.py:80 <Logger policy_server (NOTSET)> Received item
DEBUG 2026-09-03 09:50:47 ort/utils.py:97 <Logger policy_server (NOTSET)> Received data at step end size 2766007
DEBUG 2026-09-03 09:50:47 y_server.py:186 Received observation #98
DEBUG 2026-09-03 09:50:47 y_server.py:194 Received observation #98 | Avg FPS: 20.12 | Target: 30.00 | One-way latency: -55.59ms
DEBUG 2026-09-03 09:50:47 y_server.py:201 Server timestamp: 1788396647.854952 | Client timestamp: 1788396647.910545 | Deserialization time: 0.007998s
DEBUG 2026-09-03 09:50:47 y_server.py:274 Skipping observation #98 - Timestep predicted already!
DEBUG 2026-09-03 09:50:47 y_server.py:210 Observation #98 has been filtered out
DEBUG 2026-09-03 09:50:47 y_server.py:218 Client ipv4:192.168.100.50:43068 connected for action streaming
DEBUG 2026-09-03 09:50:48 y_server.py:176 Receiving observations from ipv4:192.168.100.50:43068
INFO 2026-09-03 09:50:48 ort/utils.py:78 <Logger policy_server (NOTSET)> Starting receiver
DEBUG 2026-09-03 09:50:48 ort/utils.py:80 <Logger policy_server (NOTSET)> Received item
DEBUG 2026-09-03 09:50:48 ort/utils.py:89 <Logger policy_server (NOTSET)> Received data at step 0
DEBUG 2026-09-03 09:50:48 ort/utils.py:80 <Logger policy_server (NOTSET)> Received item
DEBUG 2026-09-03 09:50:48 ort/utils.py:97 <Logger policy_server (NOTSET)> Received data at step end size 2766007
DEBUG 2026-09-03 09:50:48 y_server.py:186 Received observation #122
DEBUG 2026-09-03 09:50:48 y_server.py:194 Received observation #122 | Avg FPS: 17.74 | Target: 30.00 | One-way latency: -55.01ms
DEBUG 2026-09-03 09:50:48 y_server.py:201 Server timestamp: 1788396648.743712 | Client timestamp: 1788396648.798721 | Deserialization time: 0.013528s
DEBUG 2026-09-03 09:50:48 y_server.py:278 Skipping observation #122 - Observation too similar to last obs predicted!
DEBUG 2026-09-03 09:50:48 y_server.py:210 Observation #122 has been filtered out
DEBUG 2026-09-03 09:50:48 y_server.py:176 Receiving observations from ipv4:192.168.100.50:43068
INFO 2026-09-03 09:50:48 ort/utils.py:78 <Logger policy_server (NOTSET)> Starting receiver
DEBUG 2026-09-03 09:50:48 ort/utils.py:80 <Logger policy_server (NOTSET)> Received item
DEBUG 2026-09-03 09:50:48 ort/utils.py:89 <Logger policy_server (NOTSET)> Received data at step 0
DEBUG 2026-09-03 09:50:48 ort/utils.py:80 <Logger policy_server (NOTSET)> Received item
DEBUG 2026-09-03 09:50:48 ort/utils.py:97 <Logger policy_server (NOTSET)> Received data at step end size 2766007
DEBUG 2026-09-03 09:50:48 y_server.py:186 Received observation #123
DEBUG 2026-09-03 09:50:48 y_server.py:194 Received observation #123 | Avg FPS: 17.81 | Target: 30.00 | One-way latency: -50.58ms
DEBUG 2026-09-03 09:50:48 y_server.py:201 Server timestamp: 1788396648.776096 | Client timestamp: 1788396648.826678 | Deserialization time: 0.014179s
DEBUG 2026-09-03 09:50:48 y_server.py:278 Skipping observation #123 - Observation too similar to last obs predicted!
DEBUG 2026-09-03 09:50:48 y_server.py:210 Observation #123 has been filtered out
DEBUG 2026-09-03 09:50:48 y_server.py:176 Receiving observations from ipv4:192.168.100.50:43068
INFO 2026-09-03 09:50:48 ort/utils.py:78 <Logger policy_server (NOTSET)> Starting receiver
DEBUG 2026-09-03 09:50:48 ort/utils.py:80 <Logger policy_server (NOTSET)> Received item
DEBUG 2026-09-03 09:50:48 ort/utils.py:89 <Logger policy_server (NOTSET)> Received data at step 0
DEBUG 2026-09-03 09:50:48 ort/utils.py:80 <Logger policy_server (NOTSET)> Received item
DEBUG 2026-09-03 09:50:48 ort/utils.py:97 <Logger policy_server (NOTSET)> Received data at step end size 2766007
DEBUG 2026-09-03 09:50:48 y_server.py:186 Received observation #124
DEBUG 2026-09-03 09:50:48 y_server.py:194 Received observation #124 | Avg FPS: 17.86 | Target: 30.00 | One-way latency: -56.42ms
DEBUG 2026-09-03 09:50:48 y_server.py:201 Server timestamp: 1788396648.805995 | Client timestamp: 1788396648.862418 | Deserialization time: 0.008444s
DEBUG 2026-09-03 09:50:48 y_server.py:278 Skipping observation #124 - Observation too similar to last obs predicted!
DEBUG 2026-09-03 09:50:48 y_server.py:210 Observation #124 has been filtered out
DEBUG 2026-09-03 09:50:48 y_server.py:176 Receiving observations from ipv4:192.168.100.50:43068
INFO 2026-09-03 09:50:48 ort/utils.py:78 <Logger policy_server (NOTSET)> Starting receiver
DEBUG 2026-09-03 09:50:48 ort/utils.py:80 <Logger policy_server (NOTSET)> Received item
DEBUG 2026-09-03 09:50:48 ort/utils.py:89 <Logger policy_server (NOTSET)> Received data at step 0
DEBUG 2026-09-03 09:50:48 ort/utils.py:80 <Logger policy_server (NOTSET)> Received item
DEBUG 2026-09-03 09:50:48 ort/utils.py:97 <Logger policy_server (NOTSET)> Received data at step end size 2766007
DEBUG 2026-09-03 09:50:48 y_server.py:186 Received observation #125
DEBUG 2026-09-03 09:50:48 y_server.py:194 Received observation #125 | Avg FPS: 17.91 | Target: 30.00 | One-way latency: -56.42ms
DEBUG 2026-09-03 09:50:48 y_server.py:201 Server timestamp: 1788396648.841054 | Client timestamp: 1788396648.897479 | Deserialization time: 0.007629s
DEBUG 2026-09-03 09:50:48 y_server.py:278 Skipping observation #125 - Observation too similar to last obs predicted!
DEBUG 2026-09-03 09:50:48 y_server.py:210 Observation #125 has been filtered out
DEBUG 2026-09-03 09:50:48 y_server.py:176 Receiving observations from ipv4:192.168.100.50:43068
INFO 2026-09-03 09:50:48 ort/utils.py:78 <Logger policy_server (NOTSET)> Starting receiver
DEBUG 2026-09-03 09:50:48 ort/utils.py:80 <Logger policy_server (NOTSET)> Received item
DEBUG 2026-09-03 09:50:48 ort/utils.py:89 <Logger policy_server (NOTSET)> Received data at step 0
DEBUG 2026-09-03 09:50:48 ort/utils.py:80 <Logger policy_server (NOTSET)> Received item
DEBUG 2026-09-03 09:50:48 ort/utils.py:97 <Logger policy_server (NOTSET)> Received data at step end size 2766007
DEBUG 2026-09-03 09:50:48 y_server.py:186 Received observation #126
DEBUG 2026-09-03 09:50:48 y_server.py:194 Received observation #126 | Avg FPS: 17.97 | Target: 30.00 | One-way latency: -55.59ms
DEBUG 2026-09-03 09:50:48 y_server.py:201 Server timestamp: 1788396648.874625 | Client timestamp: 1788396648.930220 | Deserialization time: 0.008921s
DEBUG 2026-09-03 09:50:48 y_server.py:278 Skipping observation #126 - Observation too similar to last obs predicted!
DEBUG 2026-09-03 09:50:48 y_server.py:210 Observation #126 has been filtered out
DEBUG 2026-09-03 09:50:48 y_server.py:176 Receiving observations from ipv4:192.168.100.50:43068
INFO 2026-09-03 09:50:48 ort/utils.py:78 <Logger policy_server (NOTSET)> Starting receiver
DEBUG 2026-09-03 09:50:48 ort/utils.py:80 <Logger policy_server (NOTSET)> Received item
DEBUG 2026-09-03 09:50:48 ort/utils.py:89 <Logger policy_server (NOTSET)> Received data at step 0
DEBUG 2026-09-03 09:50:48 ort/utils.py:80 <Logger policy_server (NOTSET)> Received item
DEBUG 2026-09-03 09:50:48 ort/utils.py:97 <Logger policy_server (NOTSET)> Received data at step end size 2766007
DEBUG 2026-09-03 09:50:48 y_server.py:186 Received observation #127
DEBUG 2026-09-03 09:50:48 y_server.py:194 Received observation #127 | Avg FPS: 18.03 | Target: 30.00 | One-way latency: -56.02ms
DEBUG 2026-09-03 09:50:48 y_server.py:201 Server timestamp: 1788396648.907208 | Client timestamp: 1788396648.963223 | Deserialization time: 0.009083s
DEBUG 2026-09-03 09:50:48 y_server.py:278 Skipping observation #127 - Observation too similar to last obs predicted!
DEBUG 2026-09-03 09:50:48 y_server.py:210 Observation #127 has been filtered out
DEBUG 2026-09-03 09:50:48 y_server.py:176 Receiving observations from ipv4:192.168.100.50:43068
INFO 2026-09-03 09:50:48 ort/utils.py:78 <Logger policy_server (NOTSET)> Starting receiver
DEBUG 2026-09-03 09:50:48 ort/utils.py:80 <Logger policy_server (NOTSET)> Received item
DEBUG 2026-09-03 09:50:48 ort/utils.py:89 <Logger policy_server (NOTSET)> Received data at step 0
DEBUG 2026-09-03 09:50:48 ort/utils.py:80 <Logger policy_server (NOTSET)> Received item
DEBUG 2026-09-03 09:50:48 ort/utils.py:97 <Logger policy_server (NOTSET)> Received data at step end size 2766007
DEBUG 2026-09-03 09:50:48 y_server.py:186 Received observation #128
DEBUG 2026-09-03 09:50:48 y_server.py:194 Received observation #128 | Avg FPS: 18.08 | Target: 30.00 | One-way latency: -56.36ms
DEBUG 2026-09-03 09:50:48 y_server.py:201 Server timestamp: 1788396648.940529 | Client timestamp: 1788396648.996891 | Deserialization time: 0.011816s
DEBUG 2026-09-03 09:50:48 y_server.py:278 Skipping observation #128 - Observation too similar to last obs predicted!
DEBUG 2026-09-03 09:50:48 y_server.py:210 Observation #128 has been filtered out
DEBUG 2026-09-03 09:50:48 y_server.py:176 Receiving observations from ipv4:192.168.100.50:43068
INFO 2026-09-03 09:50:48 ort/utils.py:78 <Logger policy_server (NOTSET)> Starting receiver
DEBUG 2026-09-03 09:50:48 ort/utils.py:80 <Logger policy_server (NOTSET)> Received item
DEBUG 2026-09-03 09:50:48 ort/utils.py:89 <Logger policy_server (NOTSET)> Received data at step 0
DEBUG 2026-09-03 09:50:48 ort/utils.py:80 <Logger policy_server (NOTSET)> Received item
DEBUG 2026-09-03 09:50:48 ort/utils.py:97 <Logger policy_server (NOTSET)> Received data at step end size 2766007
DEBUG 2026-09-03 09:50:48 y_server.py:186 Received observation #129
DEBUG 2026-09-03 09:50:48 y_server.py:194 Received observation #129 | Avg FPS: 18.13 | Target: 30.00 | One-way latency: -55.54ms
DEBUG 2026-09-03 09:50:48 y_server.py:201 Server timestamp: 1788396648.975061 | Client timestamp: 1788396649.030602 | Deserialization time: 0.016571s
DEBUG 2026-09-03 09:50:48 y_server.py:278 Skipping observation #129 - Observation too similar to last obs predicted!
DEBUG 2026-09-03 09:50:48 y_server.py:210 Observation #129 has been filtered out
DEBUG 2026-09-03 09:50:49 y_server.py:176 Receiving observations from ipv4:192.168.100.50:43068
INFO 2026-09-03 09:50:49 ort/utils.py:78 <Logger policy_server (NOTSET)> Starting receiver
DEBUG 2026-09-03 09:50:49 ort/utils.py:80 <Logger policy_server (NOTSET)> Received item
DEBUG 2026-09-03 09:50:49 ort/utils.py:89 <Logger policy_server (NOTSET)> Received data at step 0
DEBUG 2026-09-03 09:50:49 ort/utils.py:80 <Logger policy_server (NOTSET)> Received item
DEBUG 2026-09-03 09:50:49 ort/utils.py:97 <Logger policy_server (NOTSET)> Received data at step end size 2766007
DEBUG 2026-09-03 09:50:49 y_server.py:186 Received observation #130
DEBUG 2026-09-03 09:50:49 y_server.py:194 Received observation #130 | Avg FPS: 18.19 | Target: 30.00 | One-way latency: -56.17ms
DEBUG 2026-09-03 09:50:49 y_server.py:201 Server timestamp: 1788396649.007928 | Client timestamp: 1788396649.064098 | Deserialization time: 0.007921s
DEBUG 2026-09-03 09:50:49 y_server.py:278 Skipping observation #130 - Observation too similar to last obs predicted!
DEBUG 2026-09-03 09:50:49 y_server.py:210 Observation #130 has been filtered out
DEBUG 2026-09-03 09:50:49 y_server.py:176 Receiving observations from ipv4:192.168.100.50:43068
INFO 2026-09-03 09:50:49 ort/utils.py:78 <Logger policy_server (NOTSET)> Starting receiver
DEBUG 2026-09-03 09:50:49 ort/utils.py:80 <Logger policy_server (NOTSET)> Received item
DEBUG 2026-09-03 09:50:49 ort/utils.py:89 <Logger policy_server (NOTSET)> Received data at step 0
DEBUG 2026-09-03 09:50:49 ort/utils.py:80 <Logger policy_server (NOTSET)> Received item
DEBUG 2026-09-03 09:50:49 ort/utils.py:97 <Logger policy_server (NOTSET)> Received data at step end size 2766007
DEBUG 2026-09-03 09:50:49 y_server.py:186 Received observation #131
DEBUG 2026-09-03 09:50:49 y_server.py:194 Received observation #131 | Avg FPS: 18.24 | Target: 30.00 | One-way latency: -56.64ms
DEBUG 2026-09-03 09:50:49 y_server.py:201 Server timestamp: 1788396649.040342 | Client timestamp: 1788396649.096983 | Deserialization time: 0.020528s
DEBUG 2026-09-03 09:50:49 y_server.py:278 Skipping observation #131 - Observation too similar to last obs predicted!
DEBUG 2026-09-03 09:50:49 y_server.py:210 Observation #131 has been filtered out
DEBUG 2026-09-03 09:50:49 y_server.py:176 Receiving observations from ipv4:192.168.100.50:43068
INFO 2026-09-03 09:50:49 ort/utils.py:78 <Logger policy_server (NOTSET)> Starting receiver
DEBUG 2026-09-03 09:50:49 ort/utils.py:80 <Logger policy_server (NOTSET)> Received item
DEBUG 2026-09-03 09:50:49 ort/utils.py:89 <Logger policy_server (NOTSET)> Received data at step 0
DEBUG 2026-09-03 09:50:49 ort/utils.py:80 <Logger policy_server (NOTSET)> Received item
DEBUG 2026-09-03 09:50:49 ort/utils.py:97 <Logger policy_server (NOTSET)> Received data at step end size 2766007
DEBUG 2026-09-03 09:50:49 y_server.py:186 Received observation #132
DEBUG 2026-09-03 09:50:49 y_server.py:194 Received observation #132 | Avg FPS: 18.29 | Target: 30.00 | One-way latency: -56.33ms
DEBUG 2026-09-03 09:50:49 y_server.py:201 Server timestamp: 1788396649.075347 | Client timestamp: 1788396649.131680 | Deserialization time: 0.028670s
DEBUG 2026-09-03 09:50:49 y_server.py:278 Skipping observation #132 - Observation too similar to last obs predicted!
DEBUG 2026-09-03 09:50:49 y_server.py:210 Observation #132 has been filtered out
DEBUG 2026-09-03 09:50:49 y_server.py:176 Receiving observations from ipv4:192.168.100.50:43068
INFO 2026-09-03 09:50:49 ort/utils.py:78 <Logger policy_server (NOTSET)> Starting receiver
DEBUG 2026-09-03 09:50:49 ort/utils.py:80 <Logger policy_server (NOTSET)> Received item
DEBUG 2026-09-03 09:50:49 ort/utils.py:89 <Logger policy_server (NOTSET)> Received data at step 0
DEBUG 2026-09-03 09:50:49 ort/utils.py:80 <Logger policy_server (NOTSET)> Received item
DEBUG 2026-09-03 09:50:49 ort/utils.py:97 <Logger policy_server (NOTSET)> Received data at step end size 2766007
DEBUG 2026-09-03 09:50:49 y_server.py:186 Received observation #133
DEBUG 2026-09-03 09:50:49 y_server.py:194 Received observation #133 | Avg FPS: 18.34 | Target: 30.00 | One-way latency: -56.57ms
DEBUG 2026-09-03 09:50:49 y_server.py:201 Server timestamp: 1788396649.108654 | Client timestamp: 1788396649.165223 | Deserialization time: 0.010310s
DEBUG 2026-09-03 09:50:49 y_server.py:278 Skipping observation #133 - Observation too similar to last obs predicted!
DEBUG 2026-09-03 09:50:49 y_server.py:210 Observation #133 has been filtered out
DEBUG 2026-09-03 09:50:49 y_server.py:176 Receiving observations from ipv4:192.168.100.50:43068
INFO 2026-09-03 09:50:49 ort/utils.py:78 <Logger policy_server (NOTSET)> Starting receiver
DEBUG 2026-09-03 09:50:49 ort/utils.py:80 <Logger policy_server (NOTSET)> Received item
DEBUG 2026-09-03 09:50:49 ort/utils.py:89 <Logger policy_server (NOTSET)> Received data at step 0
DEBUG 2026-09-03 09:50:49 ort/utils.py:80 <Logger policy_server (NOTSET)> Received item
DEBUG 2026-09-03 09:50:49 ort/utils.py:97 <Logger policy_server (NOTSET)> Received data at step end size 2766007
DEBUG 2026-09-03 09:50:49 y_server.py:186 Received observation #134
DEBUG 2026-09-03 09:50:49 y_server.py:194 Received observation #134 | Avg FPS: 18.37 | Target: 30.00 | One-way latency: -56.30ms
DEBUG 2026-09-03 09:50:49 y_server.py:201 Server timestamp: 1788396649.150728 | Client timestamp: 1788396649.207027 | Deserialization time: 0.007207s
DEBUG 2026-09-03 09:50:49 y_server.py:278 Skipping observation #134 - Observation too similar to last obs predicted!
DEBUG 2026-09-03 09:50:49 y_server.py:210 Observation #134 has been filtered out
DEBUG 2026-09-03 09:50:49 y_server.py:176 Receiving observations from ipv4:192.168.100.50:43068
INFO 2026-09-03 09:50:49 ort/utils.py:78 <Logger policy_server (NOTSET)> Starting receiver
DEBUG 2026-09-03 09:50:49 ort/utils.py:80 <Logger policy_server (NOTSET)> Received item
DEBUG 2026-09-03 09:50:49 ort/utils.py:89 <Logger policy_server (NOTSET)> Received data at step 0
DEBUG 2026-09-03 09:50:49 ort/utils.py:80 <Logger policy_server (NOTSET)> Received item
DEBUG 2026-09-03 09:50:49 ort/utils.py:97 <Logger policy_server (NOTSET)> Received data at step end size 2766007
DEBUG 2026-09-03 09:50:49 y_server.py:186 Received observation #135
DEBUG 2026-09-03 09:50:49 y_server.py:194 Received observation #135 | Avg FPS: 18.43 | Target: 30.00 | One-way latency: -56.47ms
DEBUG 2026-09-03 09:50:49 y_server.py:201 Server timestamp: 1788396649.180980 | Client timestamp: 1788396649.237448 | Deserialization time: 0.007683s
DEBUG 2026-09-03 09:50:49 y_server.py:278 Skipping observation #135 - Observation too similar to last obs predicted!
DEBUG 2026-09-03 09:50:49 y_server.py:210 Observation #135 has been filtered out
DEBUG 2026-09-03 09:50:49 y_server.py:176 Receiving observations from ipv4:192.168.100.50:43068
INFO 2026-09-03 09:50:49 ort/utils.py:78 <Logger policy_server (NOTSET)> Starting receiver
DEBUG 2026-09-03 09:50:49 ort/utils.py:80 <Logger policy_server (NOTSET)> Received item
DEBUG 2026-09-03 09:50:49 ort/utils.py:89 <Logger policy_server (NOTSET)> Received data at step 0
DEBUG 2026-09-03 09:50:49 ort/utils.py:80 <Logger policy_server (NOTSET)> Received item
DEBUG 2026-09-03 09:50:49 ort/utils.py:97 <Logger policy_server (NOTSET)> Received data at step end size 2766007
DEBUG 2026-09-03 09:50:49 y_server.py:186 Received observation #136
DEBUG 2026-09-03 09:50:49 y_server.py:194 Received observation #136 | Avg FPS: 18.48 | Target: 30.00 | One-way latency: -55.66ms
DEBUG 2026-09-03 09:50:49 y_server.py:201 Server timestamp: 1788396649.215957 | Client timestamp: 1788396649.271615 | Deserialization time: 0.011753s
DEBUG 2026-09-03 09:50:49 y_server.py:278 Skipping observation #136 - Observation too similar to last obs predicted!
DEBUG 2026-09-03 09:50:49 y_server.py:210 Observation #136 has been filtered out
DEBUG 2026-09-03 09:50:49 y_server.py:176 Receiving observations from ipv4:192.168.100.50:43068
INFO 2026-09-03 09:50:49 ort/utils.py:78 <Logger policy_server (NOTSET)> Starting receiver
DEBUG 2026-09-03 09:50:49 ort/utils.py:80 <Logger policy_server (NOTSET)> Received item
DEBUG 2026-09-03 09:50:49 ort/utils.py:89 <Logger policy_server (NOTSET)> Received data at step 0
DEBUG 2026-09-03 09:50:49 ort/utils.py:80 <Logger policy_server (NOTSET)> Received item
DEBUG 2026-09-03 09:50:49 ort/utils.py:97 <Logger policy_server (NOTSET)> Received data at step end size 2766007
DEBUG 2026-09-03 09:50:49 y_server.py:186 Received observation #137
DEBUG 2026-09-03 09:50:49 y_server.py:194 Received observation #137 | Avg FPS: 18.53 | Target: 30.00 | One-way latency: -56.47ms
DEBUG 2026-09-03 09:50:49 y_server.py:201 Server timestamp: 1788396649.248765 | Client timestamp: 1788396649.305240 | Deserialization time: 0.006209s
DEBUG 2026-09-03 09:50:49 y_server.py:278 Skipping observation #137 - Observation too similar to last obs predicted!
DEBUG 2026-09-03 09:50:49 y_server.py:210 Observation #137 has been filtered out
DEBUG 2026-09-03 09:50:49 y_server.py:176 Receiving observations from ipv4:192.168.100.50:43068
INFO 2026-09-03 09:50:49 ort/utils.py:78 <Logger policy_server (NOTSET)> Starting receiver
DEBUG 2026-09-03 09:50:49 ort/utils.py:80 <Logger policy_server (NOTSET)> Received item
DEBUG 2026-09-03 09:50:49 ort/utils.py:89 <Logger policy_server (NOTSET)> Received data at step 0
DEBUG 2026-09-03 09:50:49 ort/utils.py:80 <Logger policy_server (NOTSET)> Received item
DEBUG 2026-09-03 09:50:49 ort/utils.py:97 <Logger policy_server (NOTSET)> Received data at step end size 2766007
DEBUG 2026-09-03 09:50:49 y_server.py:186 Received observation #138
DEBUG 2026-09-03 09:50:49 y_server.py:194 Received observation #138 | Avg FPS: 18.58 | Target: 30.00 | One-way latency: -56.12ms
DEBUG 2026-09-03 09:50:49 y_server.py:201 Server timestamp: 1788396649.282511 | Client timestamp: 1788396649.338628 | Deserialization time: 0.007318s
DEBUG 2026-09-03 09:50:49 y_server.py:278 Skipping observation #138 - Observation too similar to last obs predicted!
DEBUG 2026-09-03 09:50:49 y_server.py:210 Observation #138 has been filtered out
DEBUG 2026-09-03 09:50:49 y_server.py:176 Receiving observations from ipv4:192.168.100.50:43068
INFO 2026-09-03 09:50:49 ort/utils.py:78 <Logger policy_server (NOTSET)> Starting receiver
DEBUG 2026-09-03 09:50:49 ort/utils.py:80 <Logger policy_server (NOTSET)> Received item
DEBUG 2026-09-03 09:50:49 ort/utils.py:89 <Logger policy_server (NOTSET)> Received data at step 0
DEBUG 2026-09-03 09:50:49 ort/utils.py:80 <Logger policy_server (NOTSET)> Received item
DEBUG 2026-09-03 09:50:49 ort/utils.py:97 <Logger policy_server (NOTSET)> Received data at step end size 2766007
DEBUG 2026-09-03 09:50:49 y_server.py:186 Received observation #139
DEBUG 2026-09-03 09:50:49 y_server.py:194 Received observation #139 | Avg FPS: 18.63 | Target: 30.00 | One-way latency: -55.84ms
DEBUG 2026-09-03 09:50:49 y_server.py:201 Server timestamp: 1788396649.316279 | Client timestamp: 1788396649.372116 | Deserialization time: 0.005942s
DEBUG 2026-09-03 09:50:49 y_server.py:278 Skipping observation #139 - Observation too similar to last obs predicted!
DEBUG 2026-09-03 09:50:49 y_server.py:210 Observation #139 has been filtered out
DEBUG 2026-09-03 09:50:49 y_server.py:176 Receiving observations from ipv4:192.168.100.50:43068
INFO 2026-09-03 09:50:49 ort/utils.py:78 <Logger policy_server (NOTSET)> Starting receiver
DEBUG 2026-09-03 09:50:49 ort/utils.py:80 <Logger policy_server (NOTSET)> Received item
DEBUG 2026-09-03 09:50:49 ort/utils.py:89 <Logger policy_server (NOTSET)> Received data at step 0
DEBUG 2026-09-03 09:50:49 ort/utils.py:80 <Logger policy_server (NOTSET)> Received item
DEBUG 2026-09-03 09:50:49 ort/utils.py:97 <Logger policy_server (NOTSET)> Received data at step end size 2766007
DEBUG 2026-09-03 09:50:49 y_server.py:186 Received observation #140
DEBUG 2026-09-03 09:50:49 y_server.py:194 Received observation #140 | Avg FPS: 18.68 | Target: 30.00 | One-way latency: -56.58ms
DEBUG 2026-09-03 09:50:49 y_server.py:201 Server timestamp: 1788396649.348959 | Client timestamp: 1788396649.405537 | Deserialization time: 0.006411s
DEBUG 2026-09-03 09:50:49 y_server.py:278 Skipping observation #140 - Observation too similar to last obs predicted!
DEBUG 2026-09-03 09:50:49 y_server.py:210 Observation #140 has been filtered out
DEBUG 2026-09-03 09:50:49 y_server.py:176 Receiving observations from ipv4:192.168.100.50:43068
INFO 2026-09-03 09:50:49 ort/utils.py:78 <Logger policy_server (NOTSET)> Starting receiver
DEBUG 2026-09-03 09:50:49 ort/utils.py:80 <Logger policy_server (NOTSET)> Received item
DEBUG 2026-09-03 09:50:49 ort/utils.py:89 <Logger policy_server (NOTSET)> Received data at step 0
DEBUG 2026-09-03 09:50:49 ort/utils.py:80 <Logger policy_server (NOTSET)> Received item
DEBUG 2026-09-03 09:50:49 ort/utils.py:97 <Logger policy_server (NOTSET)> Received data at step end size 2766007
DEBUG 2026-09-03 09:50:49 y_server.py:186 Received observation #141
DEBUG 2026-09-03 09:50:49 y_server.py:194 Received observation #141 | Avg FPS: 18.72 | Target: 30.00 | One-way latency: -55.95ms
DEBUG 2026-09-03 09:50:49 y_server.py:201 Server timestamp: 1788396649.385313 | Client timestamp: 1788396649.441259 | Deserialization time: 0.006886s
DEBUG 2026-09-03 09:50:49 y_server.py:278 Skipping observation #141 - Observation too similar to last obs predicted!
DEBUG 2026-09-03 09:50:49 y_server.py:210 Observation #141 has been filtered out
DEBUG 2026-09-03 09:50:49 y_server.py:176 Receiving observations from ipv4:192.168.100.50:43068
INFO 2026-09-03 09:50:49 ort/utils.py:78 <Logger policy_server (NOTSET)> Starting receiver
DEBUG 2026-09-03 09:50:49 ort/utils.py:80 <Logger policy_server (NOTSET)> Received item
DEBUG 2026-09-03 09:50:49 ort/utils.py:89 <Logger policy_server (NOTSET)> Received data at step 0
DEBUG 2026-09-03 09:50:49 ort/utils.py:80 <Logger policy_server (NOTSET)> Received item
DEBUG 2026-09-03 09:50:49 ort/utils.py:97 <Logger policy_server (NOTSET)> Received data at step end size 2766007
DEBUG 2026-09-03 09:50:49 y_server.py:186 Received observation #142
DEBUG 2026-09-03 09:50:49 y_server.py:194 Received observation #142 | Avg FPS: 18.75 | Target: 30.00 | One-way latency: -56.33ms
DEBUG 2026-09-03 09:50:49 y_server.py:201 Server timestamp: 1788396649.425167 | Client timestamp: 1788396649.481494 | Deserialization time: 0.006559s
DEBUG 2026-09-03 09:50:49 y_server.py:278 Skipping observation #142 - Observation too similar to last obs predicted!
DEBUG 2026-09-03 09:50:49 y_server.py:210 Observation #142 has been filtered out
DEBUG 2026-09-03 09:50:49 y_server.py:176 Receiving observations from ipv4:192.168.100.50:43068
INFO 2026-09-03 09:50:49 ort/utils.py:78 <Logger policy_server (NOTSET)> Starting receiver
DEBUG 2026-09-03 09:50:49 ort/utils.py:80 <Logger policy_server (NOTSET)> Received item
DEBUG 2026-09-03 09:50:49 ort/utils.py:89 <Logger policy_server (NOTSET)> Received data at step 0
DEBUG 2026-09-03 09:50:49 ort/utils.py:80 <Logger policy_server (NOTSET)> Received item
DEBUG 2026-09-03 09:50:49 ort/utils.py:97 <Logger policy_server (NOTSET)> Received data at step end size 2766007
DEBUG 2026-09-03 09:50:49 y_server.py:186 Received observation #143
DEBUG 2026-09-03 09:50:49 y_server.py:194 Received observation #143 | Avg FPS: 18.80 | Target: 30.00 | One-way latency: -56.72ms
DEBUG 2026-09-03 09:50:49 y_server.py:201 Server timestamp: 1788396649.456885 | Client timestamp: 1788396649.513602 | Deserialization time: 0.006316s
DEBUG 2026-09-03 09:50:49 y_server.py:278 Skipping observation #143 - Observation too similar to last obs predicted!
DEBUG 2026-09-03 09:50:49 y_server.py:210 Observation #143 has been filtered out
DEBUG 2026-09-03 09:50:49 y_server.py:176 Receiving observations from ipv4:192.168.100.50:43068
INFO 2026-09-03 09:50:49 ort/utils.py:78 <Logger policy_server (NOTSET)> Starting receiver
DEBUG 2026-09-03 09:50:49 ort/utils.py:80 <Logger policy_server (NOTSET)> Received item
DEBUG 2026-09-03 09:50:49 ort/utils.py:89 <Logger policy_server (NOTSET)> Received data at step 0
DEBUG 2026-09-03 09:50:49 ort/utils.py:80 <Logger policy_server (NOTSET)> Received item
DEBUG 2026-09-03 09:50:49 ort/utils.py:97 <Logger policy_server (NOTSET)> Received data at step end size 2766007
DEBUG 2026-09-03 09:50:49 y_server.py:186 Received observation #144
DEBUG 2026-09-03 09:50:49 y_server.py:194 Received observation #144 | Avg FPS: 18.84 | Target: 30.00 | One-way latency: -56.15ms
DEBUG 2026-09-03 09:50:49 y_server.py:201 Server timestamp: 1788396649.495841 | Client timestamp: 1788396649.551987 | Deserialization time: 0.008535s
DEBUG 2026-09-03 09:50:49 y_server.py:278 Skipping observation #144 - Observation too similar to last obs predicted!
DEBUG 2026-09-03 09:50:49 y_server.py:210 Observation #144 has been filtered out
DEBUG 2026-09-03 09:50:49 y_server.py:176 Receiving observations from ipv4:192.168.100.50:43068
INFO 2026-09-03 09:50:49 ort/utils.py:78 <Logger policy_server (NOTSET)> Starting receiver
DEBUG 2026-09-03 09:50:49 ort/utils.py:80 <Logger policy_server (NOTSET)> Received item
DEBUG 2026-09-03 09:50:49 ort/utils.py:89 <Logger policy_server (NOTSET)> Received data at step 0
DEBUG 2026-09-03 09:50:49 ort/utils.py:80 <Logger policy_server (NOTSET)> Received item
DEBUG 2026-09-03 09:50:49 ort/utils.py:97 <Logger policy_server (NOTSET)> Received data at step end size 2766007
DEBUG 2026-09-03 09:50:49 y_server.py:186 Received observation #145
DEBUG 2026-09-03 09:50:49 y_server.py:194 Received observation #145 | Avg FPS: 18.89 | Target: 30.00 | One-way latency: -56.25ms
DEBUG 2026-09-03 09:50:49 y_server.py:201 Server timestamp: 1788396649.527964 | Client timestamp: 1788396649.584213 | Deserialization time: 0.006054s
DEBUG 2026-09-03 09:50:49 y_server.py:278 Skipping observation #145 - Observation too similar to last obs predicted!
DEBUG 2026-09-03 09:50:49 y_server.py:210 Observation #145 has been filtered out
DEBUG 2026-09-03 09:50:49 y_server.py:176 Receiving observations from ipv4:192.168.100.50:43068
INFO 2026-09-03 09:50:49 ort/utils.py:78 <Logger policy_server (NOTSET)> Starting receiver
DEBUG 2026-09-03 09:50:49 ort/utils.py:80 <Logger policy_server (NOTSET)> Received item
DEBUG 2026-09-03 09:50:49 ort/utils.py:89 <Logger policy_server (NOTSET)> Received data at step 0
DEBUG 2026-09-03 09:50:49 ort/utils.py:80 <Logger policy_server (NOTSET)> Received item
DEBUG 2026-09-03 09:50:49 ort/utils.py:97 <Logger policy_server (NOTSET)> Received data at step end size 2766007
DEBUG 2026-09-03 09:50:49 y_server.py:186 Received observation #146
DEBUG 2026-09-03 09:50:49 y_server.py:194 Received observation #146 | Avg FPS: 18.94 | Target: 30.00 | One-way latency: -56.53ms
DEBUG 2026-09-03 09:50:49 y_server.py:201 Server timestamp: 1788396649.560739 | Client timestamp: 1788396649.617267 | Deserialization time: 0.006576s
DEBUG 2026-09-03 09:50:49 y_server.py:278 Skipping observation #146 - Observation too similar to last obs predicted!
DEBUG 2026-09-03 09:50:49 y_server.py:210 Observation #146 has been filtered out
DEBUG 2026-09-03 09:50:49 y_server.py:176 Receiving observations from ipv4:192.168.100.50:43068
INFO 2026-09-03 09:50:49 ort/utils.py:78 <Logger policy_server (NOTSET)> Starting receiver
DEBUG 2026-09-03 09:50:49 ort/utils.py:80 <Logger policy_server (NOTSET)> Received item
DEBUG 2026-09-03 09:50:49 ort/utils.py:89 <Logger policy_server (NOTSET)> Received data at step 0
DEBUG 2026-09-03 09:50:49 ort/utils.py:80 <Logger policy_server (NOTSET)> Received item
DEBUG 2026-09-03 09:50:49 ort/utils.py:97 <Logger policy_server (NOTSET)> Received data at step end size 2766007
DEBUG 2026-09-03 09:50:49 y_server.py:186 Received observation #147
DEBUG 2026-09-03 09:50:49 y_server.py:194 Received observation #147 | Avg FPS: 18.96 | Target: 30.00 | One-way latency: -55.76ms
DEBUG 2026-09-03 09:50:49 y_server.py:201 Server timestamp: 1788396649.603085 | Client timestamp: 1788396649.658844 | Deserialization time: 0.007265s
DEBUG 2026-09-03 09:50:49 y_server.py:296 Enqueuing observation. Must go: True | Last processed obs: 98
INFO 2026-09-03 09:50:49 y_server.py:224 Running inference for observation #147 (must_go: True)
DEBUG 2026-09-03 09:50:49 y_server.py:176 Receiving observations from ipv4:192.168.100.50:43068
INFO 2026-09-03 09:50:49 ort/utils.py:78 <Logger policy_server (NOTSET)> Starting receiver
DEBUG 2026-09-03 09:50:49 ort/utils.py:80 <Logger policy_server (NOTSET)> Received item
DEBUG 2026-09-03 09:50:49 ort/utils.py:89 <Logger policy_server (NOTSET)> Received data at step 0
DEBUG 2026-09-03 09:50:49 ort/utils.py:80 <Logger policy_server (NOTSET)> Received item
DEBUG 2026-09-03 09:50:49 ort/utils.py:97 <Logger policy_server (NOTSET)> Received data at step end size 2766007
DEBUG 2026-09-03 09:50:49 y_server.py:186 Received observation #147
DEBUG 2026-09-03 09:50:49 y_server.py:194 Received observation #147 | Avg FPS: 19.03 | Target: 30.00 | One-way latency: -55.99ms
DEBUG 2026-09-03 09:50:49 y_server.py:201 Server timestamp: 1788396649.628600 | Client timestamp: 1788396649.684591 | Deserialization time: 0.007127s
DEBUG 2026-09-03 09:50:49 y_server.py:274 Skipping observation #147 - Timestep predicted already!
DEBUG 2026-09-03 09:50:49 y_server.py:210 Observation #147 has been filtered out
DEBUG 2026-09-03 09:50:49 y_server.py:176 Receiving observations from ipv4:192.168.100.50:43068
INFO 2026-09-03 09:50:49 ort/utils.py:78 <Logger policy_server (NOTSET)> Starting receiver
DEBUG 2026-09-03 09:50:49 ort/utils.py:80 <Logger policy_server (NOTSET)> Received item
DEBUG 2026-09-03 09:50:49 ort/utils.py:89 <Logger policy_server (NOTSET)> Received data at step 0
DEBUG 2026-09-03 09:50:49 ort/utils.py:80 <Logger policy_server (NOTSET)> Received item
DEBUG 2026-09-03 09:50:49 ort/utils.py:97 <Logger policy_server (NOTSET)> Received data at step end size 2766007
DEBUG 2026-09-03 09:50:49 y_server.py:186 Received observation #147
DEBUG 2026-09-03 09:50:49 y_server.py:194 Received observation #147 | Avg FPS: 19.07 | Target: 30.00 | One-way latency: -56.21ms
DEBUG 2026-09-03 09:50:49 y_server.py:201 Server timestamp: 1788396649.661772 | Client timestamp: 1788396649.717979 | Deserialization time: 0.015647s
DEBUG 2026-09-03 09:50:49 y_server.py:274 Skipping observation #147 - Timestep predicted already!
DEBUG 2026-09-03 09:50:49 y_server.py:210 Observation #147 has been filtered out
DEBUG 2026-09-03 09:50:49 y_server.py:176 Receiving observations from ipv4:192.168.100.50:43068
INFO 2026-09-03 09:50:49 ort/utils.py:78 <Logger policy_server (NOTSET)> Starting receiver
DEBUG 2026-09-03 09:50:49 ort/utils.py:80 <Logger policy_server (NOTSET)> Received item
DEBUG 2026-09-03 09:50:49 ort/utils.py:89 <Logger policy_server (NOTSET)> Received data at step 0
DEBUG 2026-09-03 09:50:49 ort/utils.py:80 <Logger policy_server (NOTSET)> Received item
DEBUG 2026-09-03 09:50:49 ort/utils.py:97 <Logger policy_server (NOTSET)> Received data at step end size 2766007
DEBUG 2026-09-03 09:50:49 y_server.py:186 Received observation #147
DEBUG 2026-09-03 09:50:49 y_server.py:194 Received observation #147 | Avg FPS: 19.11 | Target: 30.00 | One-way latency: -55.70ms
DEBUG 2026-09-03 09:50:49 y_server.py:201 Server timestamp: 1788396649.697309 | Client timestamp: 1788396649.753007 | Deserialization time: 0.006217s
DEBUG 2026-09-03 09:50:49 y_server.py:274 Skipping observation #147 - Timestep predicted already!
DEBUG 2026-09-03 09:50:49 y_server.py:210 Observation #147 has been filtered out
DEBUG 2026-09-03 09:50:49 y_server.py:176 Receiving observations from ipv4:192.168.100.50:43068
INFO 2026-09-03 09:50:49 ort/utils.py:78 <Logger policy_server (NOTSET)> Starting receiver
DEBUG 2026-09-03 09:50:49 ort/utils.py:80 <Logger policy_server (NOTSET)> Received item
DEBUG 2026-09-03 09:50:49 ort/utils.py:89 <Logger policy_server (NOTSET)> Received data at step 0
DEBUG 2026-09-03 09:50:49 ort/utils.py:80 <Logger policy_server (NOTSET)> Received item
DEBUG 2026-09-03 09:50:49 ort/utils.py:97 <Logger policy_server (NOTSET)> Received data at step end size 2766007
DEBUG 2026-09-03 09:50:49 y_server.py:186 Received observation #147
DEBUG 2026-09-03 09:50:49 y_server.py:194 Received observation #147 | Avg FPS: 19.15 | Target: 30.00 | One-way latency: -55.56ms
DEBUG 2026-09-03 09:50:49 y_server.py:201 Server timestamp: 1788396649.732965 | Client timestamp: 1788396649.788528 | Deserialization time: 0.005893s
DEBUG 2026-09-03 09:50:49 y_server.py:274 Skipping observation #147 - Timestep predicted already!
DEBUG 2026-09-03 09:50:49 y_server.py:210 Observation #147 has been filtered out
DEBUG 2026-09-03 09:50:49 y_server.py:176 Receiving observations from ipv4:192.168.100.50:43068
INFO 2026-09-03 09:50:49 ort/utils.py:78 <Logger policy_server (NOTSET)> Starting receiver
DEBUG 2026-09-03 09:50:49 ort/utils.py:80 <Logger policy_server (NOTSET)> Received item
DEBUG 2026-09-03 09:50:49 ort/utils.py:89 <Logger policy_server (NOTSET)> Received data at step 0
DEBUG 2026-09-03 09:50:49 ort/utils.py:80 <Logger policy_server (NOTSET)> Received item
DEBUG 2026-09-03 09:50:49 ort/utils.py:97 <Logger policy_server (NOTSET)> Received data at step end size 2766007
DEBUG 2026-09-03 09:50:49 y_server.py:186 Received observation #147
DEBUG 2026-09-03 09:50:49 y_server.py:194 Received observation #147 | Avg FPS: 19.19 | Target: 30.00 | One-way latency: -54.07ms
DEBUG 2026-09-03 09:50:49 y_server.py:201 Server timestamp: 1788396649.771105 | Client timestamp: 1788396649.825172 | Deserialization time: 0.012898s
DEBUG 2026-09-03 09:50:49 y_server.py:274 Skipping observation #147 - Timestep predicted already!
DEBUG 2026-09-03 09:50:49 y_server.py:210 Observation #147 has been filtered out
DEBUG 2026-09-03 09:50:49 y_server.py:176 Receiving observations from ipv4:192.168.100.50:43068
INFO 2026-09-03 09:50:49 ort/utils.py:78 <Logger policy_server (NOTSET)> Starting receiver
DEBUG 2026-09-03 09:50:49 ort/utils.py:80 <Logger policy_server (NOTSET)> Received item
DEBUG 2026-09-03 09:50:49 ort/utils.py:89 <Logger policy_server (NOTSET)> Received data at step 0
DEBUG 2026-09-03 09:50:49 ort/utils.py:80 <Logger policy_server (NOTSET)> Received item
DEBUG 2026-09-03 09:50:49 ort/utils.py:97 <Logger policy_server (NOTSET)> Received data at step end size 2766007
DEBUG 2026-09-03 09:50:49 y_server.py:186 Received observation #147
DEBUG 2026-09-03 09:50:49 y_server.py:194 Received observation #147 | Avg FPS: 19.23 | Target: 30.00 | One-way latency: -55.96ms
DEBUG 2026-09-03 09:50:49 y_server.py:201 Server timestamp: 1788396649.803318 | Client timestamp: 1788396649.859276 | Deserialization time: 0.006184s
DEBUG 2026-09-03 09:50:49 y_server.py:274 Skipping observation #147 - Timestep predicted already!
DEBUG 2026-09-03 09:50:49 y_server.py:210 Observation #147 has been filtered out
DEBUG 2026-09-03 09:50:49 y_server.py:176 Receiving observations from ipv4:192.168.100.50:43068
INFO 2026-09-03 09:50:49 ort/utils.py:78 <Logger policy_server (NOTSET)> Starting receiver
DEBUG 2026-09-03 09:50:49 ort/utils.py:80 <Logger policy_server (NOTSET)> Received item
DEBUG 2026-09-03 09:50:49 ort/utils.py:89 <Logger policy_server (NOTSET)> Received data at step 0
DEBUG 2026-09-03 09:50:49 ort/utils.py:80 <Logger policy_server (NOTSET)> Received item
DEBUG 2026-09-03 09:50:49 ort/utils.py:97 <Logger policy_server (NOTSET)> Received data at step end size 2766007
DEBUG 2026-09-03 09:50:49 y_server.py:186 Received observation #147
DEBUG 2026-09-03 09:50:49 y_server.py:194 Received observation #147 | Avg FPS: 19.27 | Target: 30.00 | One-way latency: -56.20ms
DEBUG 2026-09-03 09:50:49 y_server.py:201 Server timestamp: 1788396649.837779 | Client timestamp: 1788396649.893978 | Deserialization time: 0.006920s
DEBUG 2026-09-03 09:50:49 y_server.py:274 Skipping observation #147 - Timestep predicted already!
DEBUG 2026-09-03 09:50:49 y_server.py:210 Observation #147 has been filtered out
DEBUG 2026-09-03 09:50:49 y_server.py:176 Receiving observations from ipv4:192.168.100.50:43068
INFO 2026-09-03 09:50:49 ort/utils.py:78 <Logger policy_server (NOTSET)> Starting receiver
DEBUG 2026-09-03 09:50:49 ort/utils.py:80 <Logger policy_server (NOTSET)> Received item
DEBUG 2026-09-03 09:50:49 ort/utils.py:89 <Logger policy_server (NOTSET)> Received data at step 0
DEBUG 2026-09-03 09:50:49 ort/utils.py:80 <Logger policy_server (NOTSET)> Received item
DEBUG 2026-09-03 09:50:49 ort/utils.py:97 <Logger policy_server (NOTSET)> Received data at step end size 2766007
DEBUG 2026-09-03 09:50:49 y_server.py:186 Received observation #147
DEBUG 2026-09-03 09:50:49 y_server.py:194 Received observation #147 | Avg FPS: 19.32 | Target: 30.00 | One-way latency: -56.31ms
DEBUG 2026-09-03 09:50:49 y_server.py:201 Server timestamp: 1788396649.871392 | Client timestamp: 1788396649.927706 | Deserialization time: 0.012592s
DEBUG 2026-09-03 09:50:49 y_server.py:274 Skipping observation #147 - Timestep predicted already!
DEBUG 2026-09-03 09:50:49 y_server.py:210 Observation #147 has been filtered out
DEBUG 2026-09-03 09:50:49 y_server.py:176 Receiving observations from ipv4:192.168.100.50:43068
INFO 2026-09-03 09:50:49 ort/utils.py:78 <Logger policy_server (NOTSET)> Starting receiver
DEBUG 2026-09-03 09:50:49 ort/utils.py:80 <Logger policy_server (NOTSET)> Received item
DEBUG 2026-09-03 09:50:49 ort/utils.py:89 <Logger policy_server (NOTSET)> Received data at step 0
DEBUG 2026-09-03 09:50:49 ort/utils.py:80 <Logger policy_server (NOTSET)> Received item
DEBUG 2026-09-03 09:50:49 ort/utils.py:97 <Logger policy_server (NOTSET)> Received data at step end size 2766007
DEBUG 2026-09-03 09:50:49 y_server.py:186 Received observation #147
DEBUG 2026-09-03 09:50:49 y_server.py:194 Received observation #147 | Avg FPS: 19.35 | Target: 30.00 | One-way latency: -56.23ms
DEBUG 2026-09-03 09:50:49 y_server.py:201 Server timestamp: 1788396649.907535 | Client timestamp: 1788396649.963766 | Deserialization time: 0.005990s
DEBUG 2026-09-03 09:50:49 y_server.py:274 Skipping observation #147 - Timestep predicted already!
DEBUG 2026-09-03 09:50:49 y_server.py:210 Observation #147 has been filtered out
DEBUG 2026-09-03 09:50:49 y_server.py:176 Receiving observations from ipv4:192.168.100.50:43068
INFO 2026-09-03 09:50:49 ort/utils.py:78 <Logger policy_server (NOTSET)> Starting receiver
DEBUG 2026-09-03 09:50:49 ort/utils.py:80 <Logger policy_server (NOTSET)> Received item
DEBUG 2026-09-03 09:50:49 ort/utils.py:89 <Logger policy_server (NOTSET)> Received data at step 0
DEBUG 2026-09-03 09:50:49 ort/utils.py:80 <Logger policy_server (NOTSET)> Received item
DEBUG 2026-09-03 09:50:49 ort/utils.py:97 <Logger policy_server (NOTSET)> Received data at step end size 2766007
DEBUG 2026-09-03 09:50:49 y_server.py:186 Received observation #147
DEBUG 2026-09-03 09:50:49 y_server.py:194 Received observation #147 | Avg FPS: 19.38 | Target: 30.00 | One-way latency: -56.00ms
DEBUG 2026-09-03 09:50:49 y_server.py:201 Server timestamp: 1788396649.946353 | Client timestamp: 1788396650.002352 | Deserialization time: 0.006663s
DEBUG 2026-09-03 09:50:49 y_server.py:274 Skipping observation #147 - Timestep predicted already!
DEBUG 2026-09-03 09:50:49 y_server.py:210 Observation #147 has been filtered out
DEBUG 2026-09-03 09:50:49 y_server.py:176 Receiving observations from ipv4:192.168.100.50:43068
INFO 2026-09-03 09:50:49 ort/utils.py:78 <Logger policy_server (NOTSET)> Starting receiver
DEBUG 2026-09-03 09:50:49 ort/utils.py:80 <Logger policy_server (NOTSET)> Received item
DEBUG 2026-09-03 09:50:49 ort/utils.py:89 <Logger policy_server (NOTSET)> Received data at step 0
DEBUG 2026-09-03 09:50:49 ort/utils.py:80 <Logger policy_server (NOTSET)> Received item
DEBUG 2026-09-03 09:50:49 ort/utils.py:97 <Logger policy_server (NOTSET)> Received data at step end size 2766007
DEBUG 2026-09-03 09:50:49 y_server.py:186 Received observation #147
DEBUG 2026-09-03 09:50:49 y_server.py:194 Received observation #147 | Avg FPS: 19.42 | Target: 30.00 | One-way latency: -56.31ms
DEBUG 2026-09-03 09:50:49 y_server.py:201 Server timestamp: 1788396649.982882 | Client timestamp: 1788396650.039196 | Deserialization time: 0.007563s
DEBUG 2026-09-03 09:50:49 y_server.py:274 Skipping observation #147 - Timestep predicted already!
DEBUG 2026-09-03 09:50:49 y_server.py:210 Observation #147 has been filtered out
DEBUG 2026-09-03 09:50:50 y_server.py:176 Receiving observations from ipv4:192.168.100.50:43068
INFO 2026-09-03 09:50:50 ort/utils.py:78 <Logger policy_server (NOTSET)> Starting receiver
DEBUG 2026-09-03 09:50:50 ort/utils.py:80 <Logger policy_server (NOTSET)> Received item
DEBUG 2026-09-03 09:50:50 ort/utils.py:89 <Logger policy_server (NOTSET)> Received data at step 0
DEBUG 2026-09-03 09:50:50 ort/utils.py:80 <Logger policy_server (NOTSET)> Received item
DEBUG 2026-09-03 09:50:50 ort/utils.py:97 <Logger policy_server (NOTSET)> Received data at step end size 2766007
DEBUG 2026-09-03 09:50:50 y_server.py:186 Received observation #147
DEBUG 2026-09-03 09:50:50 y_server.py:194 Received observation #147 | Avg FPS: 19.44 | Target: 30.00 | One-way latency: -53.80ms
DEBUG 2026-09-03 09:50:50 y_server.py:201 Server timestamp: 1788396650.026262 | Client timestamp: 1788396650.080062 | Deserialization time: 0.010420s
DEBUG 2026-09-03 09:50:50 y_server.py:274 Skipping observation #147 - Timestep predicted already!
DEBUG 2026-09-03 09:50:50 y_server.py:210 Observation #147 has been filtered out
DEBUG 2026-09-03 09:50:50 y_server.py:176 Receiving observations from ipv4:192.168.100.50:43068
INFO 2026-09-03 09:50:50 ort/utils.py:78 <Logger policy_server (NOTSET)> Starting receiver
DEBUG 2026-09-03 09:50:50 ort/utils.py:80 <Logger policy_server (NOTSET)> Received item
DEBUG 2026-09-03 09:50:50 ort/utils.py:89 <Logger policy_server (NOTSET)> Received data at step 0
DEBUG 2026-09-03 09:50:50 ort/utils.py:80 <Logger policy_server (NOTSET)> Received item
DEBUG 2026-09-03 09:50:50 ort/utils.py:97 <Logger policy_server (NOTSET)> Received data at step end size 2766007
DEBUG 2026-09-03 09:50:50 y_server.py:186 Received observation #147
DEBUG 2026-09-03 09:50:50 y_server.py:194 Received observation #147 | Avg FPS: 19.48 | Target: 30.00 | One-way latency: -55.72ms
DEBUG 2026-09-03 09:50:50 y_server.py:201 Server timestamp: 1788396650.057891 | Client timestamp: 1788396650.113612 | Deserialization time: 0.006996s
DEBUG 2026-09-03 09:50:50 y_server.py:274 Skipping observation #147 - Timestep predicted already!
DEBUG 2026-09-03 09:50:50 y_server.py:210 Observation #147 has been filtered out
DEBUG 2026-09-03 09:50:50 y_server.py:176 Receiving observations from ipv4:192.168.100.50:43068
INFO 2026-09-03 09:50:50 ort/utils.py:78 <Logger policy_server (NOTSET)> Starting receiver
DEBUG 2026-09-03 09:50:50 ort/utils.py:80 <Logger policy_server (NOTSET)> Received item
DEBUG 2026-09-03 09:50:50 ort/utils.py:89 <Logger policy_server (NOTSET)> Received data at step 0
DEBUG 2026-09-03 09:50:50 ort/utils.py:80 <Logger policy_server (NOTSET)> Received item
DEBUG 2026-09-03 09:50:50 ort/utils.py:97 <Logger policy_server (NOTSET)> Received data at step end size 2766007
DEBUG 2026-09-03 09:50:50 y_server.py:186 Received observation #147
DEBUG 2026-09-03 09:50:50 y_server.py:194 Received observation #147 | Avg FPS: 19.52 | Target: 30.00 | One-way latency: -54.49ms
DEBUG 2026-09-03 09:50:50 y_server.py:201 Server timestamp: 1788396650.092718 | Client timestamp: 1788396650.147210 | Deserialization time: 0.006703s
DEBUG 2026-09-03 09:50:50 y_server.py:274 Skipping observation #147 - Timestep predicted already!
DEBUG 2026-09-03 09:50:50 y_server.py:210 Observation #147 has been filtered out
DEBUG 2026-09-03 09:50:50 y_server.py:176 Receiving observations from ipv4:192.168.100.50:43068
INFO 2026-09-03 09:50:50 ort/utils.py:78 <Logger policy_server (NOTSET)> Starting receiver
DEBUG 2026-09-03 09:50:50 ort/utils.py:80 <Logger policy_server (NOTSET)> Received item
DEBUG 2026-09-03 09:50:50 ort/utils.py:89 <Logger policy_server (NOTSET)> Received data at step 0
DEBUG 2026-09-03 09:50:50 ort/utils.py:80 <Logger policy_server (NOTSET)> Received item
DEBUG 2026-09-03 09:50:50 ort/utils.py:97 <Logger policy_server (NOTSET)> Received data at step end size 2766007
DEBUG 2026-09-03 09:50:50 y_server.py:186 Received observation #147
DEBUG 2026-09-03 09:50:50 y_server.py:194 Received observation #147 | Avg FPS: 19.57 | Target: 30.00 | One-way latency: -55.64ms
DEBUG 2026-09-03 09:50:50 y_server.py:201 Server timestamp: 1788396650.124967 | Client timestamp: 1788396650.180611 | Deserialization time: 0.008324s
DEBUG 2026-09-03 09:50:50 y_server.py:274 Skipping observation #147 - Timestep predicted already!
DEBUG 2026-09-03 09:50:50 y_server.py:210 Observation #147 has been filtered out
DEBUG 2026-09-03 09:50:50 y_server.py:176 Receiving observations from ipv4:192.168.100.50:43068
INFO 2026-09-03 09:50:50 ort/utils.py:78 <Logger policy_server (NOTSET)> Starting receiver
DEBUG 2026-09-03 09:50:50 ort/utils.py:80 <Logger policy_server (NOTSET)> Received item
DEBUG 2026-09-03 09:50:50 ort/utils.py:89 <Logger policy_server (NOTSET)> Received data at step 0
DEBUG 2026-09-03 09:50:50 ort/utils.py:80 <Logger policy_server (NOTSET)> Received item
DEBUG 2026-09-03 09:50:50 ort/utils.py:97 <Logger policy_server (NOTSET)> Received data at step end size 2766007
DEBUG 2026-09-03 09:50:50 y_server.py:186 Received observation #147
DEBUG 2026-09-03 09:50:50 y_server.py:194 Received observation #147 | Avg FPS: 19.59 | Target: 30.00 | One-way latency: -55.01ms
DEBUG 2026-09-03 09:50:50 y_server.py:201 Server timestamp: 1788396650.165629 | Client timestamp: 1788396650.220636 | Deserialization time: 0.009124s
DEBUG 2026-09-03 09:50:50 y_server.py:274 Skipping observation #147 - Timestep predicted already!
DEBUG 2026-09-03 09:50:50 y_server.py:210 Observation #147 has been filtered out
DEBUG 2026-09-03 09:50:50 y_server.py:176 Receiving observations from ipv4:192.168.100.50:43068
INFO 2026-09-03 09:50:50 ort/utils.py:78 <Logger policy_server (NOTSET)> Starting receiver
DEBUG 2026-09-03 09:50:50 ort/utils.py:80 <Logger policy_server (NOTSET)> Received item
DEBUG 2026-09-03 09:50:50 ort/utils.py:89 <Logger policy_server (NOTSET)> Received data at step 0
DEBUG 2026-09-03 09:50:50 ort/utils.py:80 <Logger policy_server (NOTSET)> Received item
DEBUG 2026-09-03 09:50:50 ort/utils.py:97 <Logger policy_server (NOTSET)> Received data at step end size 2766007
DEBUG 2026-09-03 09:50:50 y_server.py:186 Received observation #147
DEBUG 2026-09-03 09:50:50 y_server.py:194 Received observation #147 | Avg FPS: 19.63 | Target: 30.00 | One-way latency: -55.70ms
DEBUG 2026-09-03 09:50:50 y_server.py:201 Server timestamp: 1788396650.199157 | Client timestamp: 1788396650.254861 | Deserialization time: 0.006810s
DEBUG 2026-09-03 09:50:50 y_server.py:274 Skipping observation #147 - Timestep predicted already!
DEBUG 2026-09-03 09:50:50 y_server.py:210 Observation #147 has been filtered out
INFO 2026-09-03 09:50:50 y_server.py:359 Preprocessing and inference took 0.6031s, action shape: torch.Size([1, 50, 24])
DEBUG 2026-09-03 09:50:50 y_server.py:380 Postprocessed action shape: torch.Size([50, 24])
INFO 2026-09-03 09:50:50 y_server.py:391 Observation 147 | Total time: 613.33ms
DEBUG 2026-09-03 09:50:50 y_server.py:396 Observation 147 | Prepare time: 5.99ms | Preprocessing time: 1.86ms | Inference time: 603.13ms | Postprocessing time: 2.10ms | Total time: 613.33ms
INFO 2026-09-03 09:50:50 y_server.py:242 Action chunk #147 generated | Total time: 616.40ms
DEBUG 2026-09-03 09:50:50 y_server.py:247 Action chunk #147 generated | Inference time: 0.61s |Serialize time: 0.00s |Total time: 0.62s
DEBUG 2026-09-03 09:50:50 y_server.py:176 Receiving observations from ipv4:192.168.100.50:43068
INFO 2026-09-03 09:50:50 ort/utils.py:78 <Logger policy_server (NOTSET)> Starting receiver
DEBUG 2026-09-03 09:50:50 ort/utils.py:80 <Logger policy_server (NOTSET)> Received item
DEBUG 2026-09-03 09:50:50 ort/utils.py:89 <Logger policy_server (NOTSET)> Received data at step 0
DEBUG 2026-09-03 09:50:50 ort/utils.py:80 <Logger policy_server (NOTSET)> Received item
DEBUG 2026-09-03 09:50:50 ort/utils.py:97 <Logger policy_server (NOTSET)> Received data at step end size 2766007
DEBUG 2026-09-03 09:50:50 y_server.py:186 Received observation #147
DEBUG 2026-09-03 09:50:50 y_server.py:194 Received observation #147 | Avg FPS: 19.65 | Target: 30.00 | One-way latency: -56.00ms
DEBUG 2026-09-03 09:50:50 y_server.py:201 Server timestamp: 1788396650.239240 | Client timestamp: 1788396650.295239 | Deserialization time: 0.010968s
DEBUG 2026-09-03 09:50:50 y_server.py:274 Skipping observation #147 - Timestep predicted already!
DEBUG 2026-09-03 09:50:50 y_server.py:210 Observation #147 has been filtered out
DEBUG 2026-09-03 09:50:50 y_server.py:218 Client ipv4:192.168.100.50:43068 connected for action streaming
DEBUG 2026-09-03 09:50:51 y_server.py:176 Receiving observations from ipv4:192.168.100.50:43068
INFO 2026-09-03 09:50:51 ort/utils.py:78 <Logger policy_server (NOTSET)> Starting receiver
DEBUG 2026-09-03 09:50:51 ort/utils.py:80 <Logger policy_server (NOTSET)> Received item
DEBUG 2026-09-03 09:50:51 ort/utils.py:89 <Logger policy_server (NOTSET)> Received data at step 0
DEBUG 2026-09-03 09:50:51 ort/utils.py:80 <Logger policy_server (NOTSET)> Received item
DEBUG 2026-09-03 09:50:51 ort/utils.py:97 <Logger policy_server (NOTSET)> Received data at step end size 2766007
DEBUG 2026-09-03 09:50:51 y_server.py:186 Received observation #171
DEBUG 2026-09-03 09:50:51 y_server.py:194 Received observation #171 | Avg FPS: 17.98 | Target: 30.00 | One-way latency: -56.02ms
DEBUG 2026-09-03 09:50:51 y_server.py:201 Server timestamp: 1788396651.095656 | Client timestamp: 1788396651.151677 | Deserialization time: 0.006776s
DEBUG 2026-09-03 09:50:51 y_server.py:278 Skipping observation #171 - Observation too similar to last obs predicted!
DEBUG 2026-09-03 09:50:51 y_server.py:210 Observation #171 has been filtered out
DEBUG 2026-09-03 09:50:51 y_server.py:176 Receiving observations from ipv4:192.168.100.50:43068
INFO 2026-09-03 09:50:51 ort/utils.py:78 <Logger policy_server (NOTSET)> Starting receiver
DEBUG 2026-09-03 09:50:51 ort/utils.py:80 <Logger policy_server (NOTSET)> Received item
DEBUG 2026-09-03 09:50:51 ort/utils.py:89 <Logger policy_server (NOTSET)> Received data at step 0
DEBUG 2026-09-03 09:50:51 ort/utils.py:80 <Logger policy_server (NOTSET)> Received item
DEBUG 2026-09-03 09:50:51 ort/utils.py:97 <Logger policy_server (NOTSET)> Received data at step end size 2766007
DEBUG 2026-09-03 09:50:51 y_server.py:186 Received observation #172
DEBUG 2026-09-03 09:50:51 y_server.py:194 Received observation #172 | Avg FPS: 18.02 | Target: 30.00 | One-way latency: -56.19ms
DEBUG 2026-09-03 09:50:51 y_server.py:201 Server timestamp: 1788396651.130353 | Client timestamp: 1788396651.186542 | Deserialization time: 0.006292s
DEBUG 2026-09-03 09:50:51 y_server.py:278 Skipping observation #172 - Observation too similar to last obs predicted!
DEBUG 2026-09-03 09:50:51 y_server.py:210 Observation #172 has been filtered out
DEBUG 2026-09-03 09:50:51 y_server.py:176 Receiving observations from ipv4:192.168.100.50:43068
INFO 2026-09-03 09:50:51 ort/utils.py:78 <Logger policy_server (NOTSET)> Starting receiver
DEBUG 2026-09-03 09:50:51 ort/utils.py:80 <Logger policy_server (NOTSET)> Received item
DEBUG 2026-09-03 09:50:51 ort/utils.py:89 <Logger policy_server (NOTSET)> Received data at step 0
DEBUG 2026-09-03 09:50:51 ort/utils.py:80 <Logger policy_server (NOTSET)> Received item
DEBUG 2026-09-03 09:50:51 ort/utils.py:97 <Logger policy_server (NOTSET)> Received data at step end size 2766007
DEBUG 2026-09-03 09:50:51 y_server.py:186 Received observation #173
DEBUG 2026-09-03 09:50:51 y_server.py:194 Received observation #173 | Avg FPS: 18.06 | Target: 30.00 | One-way latency: -50.60ms
DEBUG 2026-09-03 09:50:51 y_server.py:201 Server timestamp: 1788396651.168108 | Client timestamp: 1788396651.218708 | Deserialization time: 0.007276s
DEBUG 2026-09-03 09:50:51 y_server.py:278 Skipping observation #173 - Observation too similar to last obs predicted!
DEBUG 2026-09-03 09:50:51 y_server.py:210 Observation #173 has been filtered out
DEBUG 2026-09-03 09:50:51 y_server.py:176 Receiving observations from ipv4:192.168.100.50:43068
INFO 2026-09-03 09:50:51 ort/utils.py:78 <Logger policy_server (NOTSET)> Starting receiver
DEBUG 2026-09-03 09:50:51 ort/utils.py:80 <Logger policy_server (NOTSET)> Received item
DEBUG 2026-09-03 09:50:51 ort/utils.py:89 <Logger policy_server (NOTSET)> Received data at step 0
DEBUG 2026-09-03 09:50:51 ort/utils.py:80 <Logger policy_server (NOTSET)> Received item
DEBUG 2026-09-03 09:50:51 ort/utils.py:97 <Logger policy_server (NOTSET)> Received data at step end size 2766007
DEBUG 2026-09-03 09:50:51 y_server.py:186 Received observation #174
DEBUG 2026-09-03 09:50:51 y_server.py:194 Received observation #174 | Avg FPS: 18.10 | Target: 30.00 | One-way latency: -56.25ms
DEBUG 2026-09-03 09:50:51 y_server.py:201 Server timestamp: 1788396651.196343 | Client timestamp: 1788396651.252594 | Deserialization time: 0.005967s
DEBUG 2026-09-03 09:50:51 y_server.py:278 Skipping observation #174 - Observation too similar to last obs predicted!
DEBUG 2026-09-03 09:50:51 y_server.py:210 Observation #174 has been filtered out
DEBUG 2026-09-03 09:50:51 y_server.py:176 Receiving observations from ipv4:192.168.100.50:43068
INFO 2026-09-03 09:50:51 ort/utils.py:78 <Logger policy_server (NOTSET)> Starting receiver
DEBUG 2026-09-03 09:50:51 ort/utils.py:80 <Logger policy_server (NOTSET)> Received item
DEBUG 2026-09-03 09:50:51 ort/utils.py:89 <Logger policy_server (NOTSET)> Received data at step 0
DEBUG 2026-09-03 09:50:51 ort/utils.py:80 <Logger policy_server (NOTSET)> Received item
DEBUG 2026-09-03 09:50:51 ort/utils.py:97 <Logger policy_server (NOTSET)> Received data at step end size 2766007
DEBUG 2026-09-03 09:50:51 y_server.py:186 Received observation #175
DEBUG 2026-09-03 09:50:51 y_server.py:194 Received observation #175 | Avg FPS: 18.14 | Target: 30.00 | One-way latency: -30.90ms
DEBUG 2026-09-03 09:50:51 y_server.py:201 Server timestamp: 1788396651.255308 | Client timestamp: 1788396651.286208 | Deserialization time: 0.005637s
DEBUG 2026-09-03 09:50:51 y_server.py:278 Skipping observation #175 - Observation too similar to last obs predicted!
DEBUG 2026-09-03 09:50:51 y_server.py:210 Observation #175 has been filtered out
DEBUG 2026-09-03 09:50:51 y_server.py:176 Receiving observations from ipv4:192.168.100.50:43068
INFO 2026-09-03 09:50:51 ort/utils.py:78 <Logger policy_server (NOTSET)> Starting receiver
DEBUG 2026-09-03 09:50:51 ort/utils.py:80 <Logger policy_server (NOTSET)> Received item
DEBUG 2026-09-03 09:50:51 ort/utils.py:89 <Logger policy_server (NOTSET)> Received data at step 0
DEBUG 2026-09-03 09:50:51 ort/utils.py:80 <Logger policy_server (NOTSET)> Received item
DEBUG 2026-09-03 09:50:51 ort/utils.py:97 <Logger policy_server (NOTSET)> Received data at step end size 2766007
DEBUG 2026-09-03 09:50:51 y_server.py:186 Received observation #176
DEBUG 2026-09-03 09:50:51 y_server.py:194 Received observation #176 | Avg FPS: 18.18 | Target: 30.00 | One-way latency: -56.50ms
DEBUG 2026-09-03 09:50:51 y_server.py:201 Server timestamp: 1788396651.265522 | Client timestamp: 1788396651.322018 | Deserialization time: 0.006049s
DEBUG 2026-09-03 09:50:51 y_server.py:278 Skipping observation #176 - Observation too similar to last obs predicted!
DEBUG 2026-09-03 09:50:51 y_server.py:210 Observation #176 has been filtered out
DEBUG 2026-09-03 09:50:51 y_server.py:176 Receiving observations from ipv4:192.168.100.50:43068
INFO 2026-09-03 09:50:51 ort/utils.py:78 <Logger policy_server (NOTSET)> Starting receiver
DEBUG 2026-09-03 09:50:51 ort/utils.py:80 <Logger policy_server (NOTSET)> Received item
DEBUG 2026-09-03 09:50:51 ort/utils.py:89 <Logger policy_server (NOTSET)> Received data at step 0
DEBUG 2026-09-03 09:50:51 ort/utils.py:80 <Logger policy_server (NOTSET)> Received item
DEBUG 2026-09-03 09:50:51 ort/utils.py:97 <Logger policy_server (NOTSET)> Received data at step end size 2766007
DEBUG 2026-09-03 09:50:51 y_server.py:186 Received observation #177
DEBUG 2026-09-03 09:50:51 y_server.py:194 Received observation #177 | Avg FPS: 18.21 | Target: 30.00 | One-way latency: -52.88ms
DEBUG 2026-09-03 09:50:51 y_server.py:201 Server timestamp: 1788396651.306119 | Client timestamp: 1788396651.358996 | Deserialization time: 0.011352s
DEBUG 2026-09-03 09:50:51 y_server.py:278 Skipping observation #177 - Observation too similar to last obs predicted!
DEBUG 2026-09-03 09:50:51 y_server.py:210 Observation #177 has been filtered out
DEBUG 2026-09-03 09:50:51 y_server.py:176 Receiving observations from ipv4:192.168.100.50:43068
INFO 2026-09-03 09:50:51 ort/utils.py:78 <Logger policy_server (NOTSET)> Starting receiver
DEBUG 2026-09-03 09:50:51 ort/utils.py:80 <Logger policy_server (NOTSET)> Received item
DEBUG 2026-09-03 09:50:51 ort/utils.py:89 <Logger policy_server (NOTSET)> Received data at step 0
DEBUG 2026-09-03 09:50:51 ort/utils.py:80 <Logger policy_server (NOTSET)> Received item
DEBUG 2026-09-03 09:50:51 ort/utils.py:97 <Logger policy_server (NOTSET)> Received data at step end size 2766007
DEBUG 2026-09-03 09:50:51 y_server.py:186 Received observation #178
DEBUG 2026-09-03 09:50:51 y_server.py:194 Received observation #178 | Avg FPS: 18.26 | Target: 30.00 | One-way latency: -56.27ms
DEBUG 2026-09-03 09:50:51 y_server.py:201 Server timestamp: 1788396651.335189 | Client timestamp: 1788396651.391457 | Deserialization time: 0.005585s
DEBUG 2026-09-03 09:50:51 y_server.py:278 Skipping observation #178 - Observation too similar to last obs predicted!
DEBUG 2026-09-03 09:50:51 y_server.py:210 Observation #178 has been filtered out
DEBUG 2026-09-03 09:50:51 y_server.py:176 Receiving observations from ipv4:192.168.100.50:43068
INFO 2026-09-03 09:50:51 ort/utils.py:78 <Logger policy_server (NOTSET)> Starting receiver
DEBUG 2026-09-03 09:50:51 ort/utils.py:80 <Logger policy_server (NOTSET)> Received item
DEBUG 2026-09-03 09:50:51 ort/utils.py:89 <Logger policy_server (NOTSET)> Received data at step 0
DEBUG 2026-09-03 09:50:51 ort/utils.py:80 <Logger policy_server (NOTSET)> Received item
DEBUG 2026-09-03 09:50:51 ort/utils.py:97 <Logger policy_server (NOTSET)> Received data at step end size 2766007
DEBUG 2026-09-03 09:50:51 y_server.py:186 Received observation #179
DEBUG 2026-09-03 09:50:51 y_server.py:194 Received observation #179 | Avg FPS: 18.28 | Target: 30.00 | One-way latency: -56.30ms
DEBUG 2026-09-03 09:50:51 y_server.py:201 Server timestamp: 1788396651.377753 | Client timestamp: 1788396651.434056 | Deserialization time: 0.009064s
DEBUG 2026-09-03 09:50:51 y_server.py:278 Skipping observation #179 - Observation too similar to last obs predicted!
DEBUG 2026-09-03 09:50:51 y_server.py:210 Observation #179 has been filtered out
DEBUG 2026-09-03 09:50:51 y_server.py:176 Receiving observations from ipv4:192.168.100.50:43068
INFO 2026-09-03 09:50:51 ort/utils.py:78 <Logger policy_server (NOTSET)> Starting receiver
DEBUG 2026-09-03 09:50:51 ort/utils.py:80 <Logger policy_server (NOTSET)> Received item
DEBUG 2026-09-03 09:50:51 ort/utils.py:89 <Logger policy_server (NOTSET)> Received data at step 0
DEBUG 2026-09-03 09:50:51 ort/utils.py:80 <Logger policy_server (NOTSET)> Received item
DEBUG 2026-09-03 09:50:51 ort/utils.py:97 <Logger policy_server (NOTSET)> Received data at step end size 2766007
DEBUG 2026-09-03 09:50:51 y_server.py:186 Received observation #180
DEBUG 2026-09-03 09:50:51 y_server.py:194 Received observation #180 | Avg FPS: 18.32 | Target: 30.00 | One-way latency: -56.11ms
DEBUG 2026-09-03 09:50:51 y_server.py:201 Server timestamp: 1788396651.412578 | Client timestamp: 1788396651.468684 | Deserialization time: 0.025303s
DEBUG 2026-09-03 09:50:51 y_server.py:278 Skipping observation #180 - Observation too similar to last obs predicted!
DEBUG 2026-09-03 09:50:51 y_server.py:210 Observation #180 has been filtered out
DEBUG 2026-09-03 09:50:51 y_server.py:176 Receiving observations from ipv4:192.168.100.50:43068
INFO 2026-09-03 09:50:51 ort/utils.py:78 <Logger policy_server (NOTSET)> Starting receiver
DEBUG 2026-09-03 09:50:51 ort/utils.py:80 <Logger policy_server (NOTSET)> Received item
DEBUG 2026-09-03 09:50:51 ort/utils.py:89 <Logger policy_server (NOTSET)> Received data at step 0
DEBUG 2026-09-03 09:50:51 ort/utils.py:80 <Logger policy_server (NOTSET)> Received item
DEBUG 2026-09-03 09:50:51 ort/utils.py:97 <Logger policy_server (NOTSET)> Received data at step end size 2766007
DEBUG 2026-09-03 09:50:51 y_server.py:186 Received observation #181
DEBUG 2026-09-03 09:50:51 y_server.py:194 Received observation #181 | Avg FPS: 18.35 | Target: 30.00 | One-way latency: -56.38ms
DEBUG 2026-09-03 09:50:51 y_server.py:201 Server timestamp: 1788396651.448075 | Client timestamp: 1788396651.504452 | Deserialization time: 0.008785s
DEBUG 2026-09-03 09:50:51 y_server.py:278 Skipping observation #181 - Observation too similar to last obs predicted!
DEBUG 2026-09-03 09:50:51 y_server.py:210 Observation #181 has been filtered out
DEBUG 2026-09-03 09:50:51 y_server.py:176 Receiving observations from ipv4:192.168.100.50:43068
INFO 2026-09-03 09:50:51 ort/utils.py:78 <Logger policy_server (NOTSET)> Starting receiver
DEBUG 2026-09-03 09:50:51 ort/utils.py:80 <Logger policy_server (NOTSET)> Received item
DEBUG 2026-09-03 09:50:51 ort/utils.py:89 <Logger policy_server (NOTSET)> Received data at step 0
DEBUG 2026-09-03 09:50:51 ort/utils.py:80 <Logger policy_server (NOTSET)> Received item
DEBUG 2026-09-03 09:50:51 ort/utils.py:97 <Logger policy_server (NOTSET)> Received data at step end size 2766007
DEBUG 2026-09-03 09:50:51 y_server.py:186 Received observation #182
DEBUG 2026-09-03 09:50:51 y_server.py:194 Received observation #182 | Avg FPS: 18.39 | Target: 30.00 | One-way latency: -55.56ms
DEBUG 2026-09-03 09:50:51 y_server.py:201 Server timestamp: 1788396651.481239 | Client timestamp: 1788396651.536795 | Deserialization time: 0.008907s
DEBUG 2026-09-03 09:50:51 y_server.py:278 Skipping observation #182 - Observation too similar to last obs predicted!
DEBUG 2026-09-03 09:50:51 y_server.py:210 Observation #182 has been filtered out
DEBUG 2026-09-03 09:50:51 y_server.py:176 Receiving observations from ipv4:192.168.100.50:43068
INFO 2026-09-03 09:50:51 ort/utils.py:78 <Logger policy_server (NOTSET)> Starting receiver
DEBUG 2026-09-03 09:50:51 ort/utils.py:80 <Logger policy_server (NOTSET)> Received item
DEBUG 2026-09-03 09:50:51 ort/utils.py:89 <Logger policy_server (NOTSET)> Received data at step 0
DEBUG 2026-09-03 09:50:51 ort/utils.py:80 <Logger policy_server (NOTSET)> Received item
DEBUG 2026-09-03 09:50:51 ort/utils.py:97 <Logger policy_server (NOTSET)> Received data at step end size 2766007
DEBUG 2026-09-03 09:50:51 y_server.py:186 Received observation #183
DEBUG 2026-09-03 09:50:51 y_server.py:194 Received observation #183 | Avg FPS: 18.44 | Target: 30.00 | One-way latency: -55.81ms
DEBUG 2026-09-03 09:50:51 y_server.py:201 Server timestamp: 1788396651.511618 | Client timestamp: 1788396651.567429 | Deserialization time: 0.009104s
DEBUG 2026-09-03 09:50:51 y_server.py:278 Skipping observation #183 - Observation too similar to last obs predicted!
DEBUG 2026-09-03 09:50:51 y_server.py:210 Observation #183 has been filtered out
DEBUG 2026-09-03 09:50:51 y_server.py:176 Receiving observations from ipv4:192.168.100.50:43068
INFO 2026-09-03 09:50:51 ort/utils.py:78 <Logger policy_server (NOTSET)> Starting receiver
DEBUG 2026-09-03 09:50:51 ort/utils.py:80 <Logger policy_server (NOTSET)> Received item
DEBUG 2026-09-03 09:50:51 ort/utils.py:89 <Logger policy_server (NOTSET)> Received data at step 0
DEBUG 2026-09-03 09:50:51 ort/utils.py:80 <Logger policy_server (NOTSET)> Received item
DEBUG 2026-09-03 09:50:51 ort/utils.py:97 <Logger policy_server (NOTSET)> Received data at step end size 2766007
DEBUG 2026-09-03 09:50:51 y_server.py:186 Received observation #184
DEBUG 2026-09-03 09:50:51 y_server.py:194 Received observation #184 | Avg FPS: 18.47 | Target: 30.00 | One-way latency: -56.18ms
DEBUG 2026-09-03 09:50:51 y_server.py:201 Server timestamp: 1788396651.546902 | Client timestamp: 1788396651.603081 | Deserialization time: 0.007581s
DEBUG 2026-09-03 09:50:51 y_server.py:278 Skipping observation #184 - Observation too similar to last obs predicted!
DEBUG 2026-09-03 09:50:51 y_server.py:210 Observation #184 has been filtered out
DEBUG 2026-09-03 09:50:51 y_server.py:176 Receiving observations from ipv4:192.168.100.50:43068
INFO 2026-09-03 09:50:51 ort/utils.py:78 <Logger policy_server (NOTSET)> Starting receiver
DEBUG 2026-09-03 09:50:51 ort/utils.py:80 <Logger policy_server (NOTSET)> Received item
DEBUG 2026-09-03 09:50:51 ort/utils.py:89 <Logger policy_server (NOTSET)> Received data at step 0
DEBUG 2026-09-03 09:50:51 ort/utils.py:80 <Logger policy_server (NOTSET)> Received item
DEBUG 2026-09-03 09:50:51 ort/utils.py:97 <Logger policy_server (NOTSET)> Received data at step end size 2766007
DEBUG 2026-09-03 09:50:51 y_server.py:186 Received observation #185
DEBUG 2026-09-03 09:50:51 y_server.py:194 Received observation #185 | Avg FPS: 18.51 | Target: 30.00 | One-way latency: -55.25ms
DEBUG 2026-09-03 09:50:51 y_server.py:201 Server timestamp: 1788396651.580859 | Client timestamp: 1788396651.636110 | Deserialization time: 0.013688s
DEBUG 2026-09-03 09:50:51 y_server.py:278 Skipping observation #185 - Observation too similar to last obs predicted!
DEBUG 2026-09-03 09:50:51 y_server.py:210 Observation #185 has been filtered out
DEBUG 2026-09-03 09:50:51 y_server.py:176 Receiving observations from ipv4:192.168.100.50:43068
INFO 2026-09-03 09:50:51 ort/utils.py:78 <Logger policy_server (NOTSET)> Starting receiver
DEBUG 2026-09-03 09:50:51 ort/utils.py:80 <Logger policy_server (NOTSET)> Received item
DEBUG 2026-09-03 09:50:51 ort/utils.py:89 <Logger policy_server (NOTSET)> Received data at step 0
DEBUG 2026-09-03 09:50:51 ort/utils.py:80 <Logger policy_server (NOTSET)> Received item
DEBUG 2026-09-03 09:50:51 ort/utils.py:97 <Logger policy_server (NOTSET)> Received data at step end size 2766007
DEBUG 2026-09-03 09:50:51 y_server.py:186 Received observation #186
DEBUG 2026-09-03 09:50:51 y_server.py:194 Received observation #186 | Avg FPS: 18.54 | Target: 30.00 | One-way latency: -56.55ms
DEBUG 2026-09-03 09:50:51 y_server.py:201 Server timestamp: 1788396651.616843 | Client timestamp: 1788396651.673391 | Deserialization time: 0.009776s
DEBUG 2026-09-03 09:50:51 y_server.py:278 Skipping observation #186 - Observation too similar to last obs predicted!
DEBUG 2026-09-03 09:50:51 y_server.py:210 Observation #186 has been filtered out
DEBUG 2026-09-03 09:50:51 y_server.py:176 Receiving observations from ipv4:192.168.100.50:43068
INFO 2026-09-03 09:50:51 ort/utils.py:78 <Logger policy_server (NOTSET)> Starting receiver
DEBUG 2026-09-03 09:50:51 ort/utils.py:80 <Logger policy_server (NOTSET)> Received item
DEBUG 2026-09-03 09:50:51 ort/utils.py:89 <Logger policy_server (NOTSET)> Received data at step 0
DEBUG 2026-09-03 09:50:51 ort/utils.py:80 <Logger policy_server (NOTSET)> Received item
DEBUG 2026-09-03 09:50:51 ort/utils.py:97 <Logger policy_server (NOTSET)> Received data at step end size 2766007
DEBUG 2026-09-03 09:50:51 y_server.py:186 Received observation #187
DEBUG 2026-09-03 09:50:51 y_server.py:194 Received observation #187 | Avg FPS: 18.59 | Target: 30.00 | One-way latency: -56.11ms
DEBUG 2026-09-03 09:50:51 y_server.py:201 Server timestamp: 1788396651.648325 | Client timestamp: 1788396651.704433 | Deserialization time: 0.029377s
DEBUG 2026-09-03 09:50:51 y_server.py:278 Skipping observation #187 - Observation too similar to last obs predicted!
DEBUG 2026-09-03 09:50:51 y_server.py:210 Observation #187 has been filtered out
DEBUG 2026-09-03 09:50:51 y_server.py:176 Receiving observations from ipv4:192.168.100.50:43068
INFO 2026-09-03 09:50:51 ort/utils.py:78 <Logger policy_server (NOTSET)> Starting receiver
DEBUG 2026-09-03 09:50:51 ort/utils.py:80 <Logger policy_server (NOTSET)> Received item
DEBUG 2026-09-03 09:50:51 ort/utils.py:89 <Logger policy_server (NOTSET)> Received data at step 0
DEBUG 2026-09-03 09:50:51 ort/utils.py:80 <Logger policy_server (NOTSET)> Received item
DEBUG 2026-09-03 09:50:51 ort/utils.py:97 <Logger policy_server (NOTSET)> Received data at step end size 2766007
DEBUG 2026-09-03 09:50:51 y_server.py:186 Received observation #188
DEBUG 2026-09-03 09:50:51 y_server.py:194 Received observation #188 | Avg FPS: 18.57 | Target: 30.00 | One-way latency: -56.09ms
DEBUG 2026-09-03 09:50:51 y_server.py:201 Server timestamp: 1788396651.709431 | Client timestamp: 1788396651.765518 | Deserialization time: 0.016208s
DEBUG 2026-09-03 09:50:51 y_server.py:278 Skipping observation #188 - Observation too similar to last obs predicted!
DEBUG 2026-09-03 09:50:51 y_server.py:210 Observation #188 has been filtered out
DEBUG 2026-09-03 09:50:51 y_server.py:176 Receiving observations from ipv4:192.168.100.50:43068
INFO 2026-09-03 09:50:51 ort/utils.py:78 <Logger policy_server (NOTSET)> Starting receiver
DEBUG 2026-09-03 09:50:51 ort/utils.py:80 <Logger policy_server (NOTSET)> Received item
DEBUG 2026-09-03 09:50:51 ort/utils.py:89 <Logger policy_server (NOTSET)> Received data at step 0
DEBUG 2026-09-03 09:50:51 ort/utils.py:80 <Logger policy_server (NOTSET)> Received item
DEBUG 2026-09-03 09:50:51 ort/utils.py:97 <Logger policy_server (NOTSET)> Received data at step end size 2766007
DEBUG 2026-09-03 09:50:51 y_server.py:186 Received observation #189
DEBUG 2026-09-03 09:50:51 y_server.py:194 Received observation #189 | Avg FPS: 18.61 | Target: 30.00 | One-way latency: -56.39ms
DEBUG 2026-09-03 09:50:51 y_server.py:201 Server timestamp: 1788396651.742997 | Client timestamp: 1788396651.799386 | Deserialization time: 0.006872s
DEBUG 2026-09-03 09:50:51 y_server.py:278 Skipping observation #189 - Observation too similar to last obs predicted!
DEBUG 2026-09-03 09:50:51 y_server.py:210 Observation #189 has been filtered out
DEBUG 2026-09-03 09:50:51 y_server.py:176 Receiving observations from ipv4:192.168.100.50:43068
INFO 2026-09-03 09:50:51 ort/utils.py:78 <Logger policy_server (NOTSET)> Starting receiver
DEBUG 2026-09-03 09:50:51 ort/utils.py:80 <Logger policy_server (NOTSET)> Received item
DEBUG 2026-09-03 09:50:51 ort/utils.py:89 <Logger policy_server (NOTSET)> Received data at step 0
DEBUG 2026-09-03 09:50:51 ort/utils.py:80 <Logger policy_server (NOTSET)> Received item
DEBUG 2026-09-03 09:50:51 ort/utils.py:97 <Logger policy_server (NOTSET)> Received data at step end size 2766007
DEBUG 2026-09-03 09:50:51 y_server.py:186 Received observation #190
DEBUG 2026-09-03 09:50:51 y_server.py:194 Received observation #190 | Avg FPS: 18.64 | Target: 30.00 | One-way latency: -56.94ms
DEBUG 2026-09-03 09:50:51 y_server.py:201 Server timestamp: 1788396651.777046 | Client timestamp: 1788396651.833982 | Deserialization time: 0.008225s
DEBUG 2026-09-03 09:50:51 y_server.py:278 Skipping observation #190 - Observation too similar to last obs predicted!
DEBUG 2026-09-03 09:50:51 y_server.py:210 Observation #190 has been filtered out
DEBUG 2026-09-03 09:50:51 y_server.py:176 Receiving observations from ipv4:192.168.100.50:43068
INFO 2026-09-03 09:50:51 ort/utils.py:78 <Logger policy_server (NOTSET)> Starting receiver
DEBUG 2026-09-03 09:50:51 ort/utils.py:80 <Logger policy_server (NOTSET)> Received item
DEBUG 2026-09-03 09:50:51 ort/utils.py:89 <Logger policy_server (NOTSET)> Received data at step 0
DEBUG 2026-09-03 09:50:51 ort/utils.py:80 <Logger policy_server (NOTSET)> Received item
DEBUG 2026-09-03 09:50:51 ort/utils.py:97 <Logger policy_server (NOTSET)> Received data at step end size 2766007
DEBUG 2026-09-03 09:50:51 y_server.py:186 Received observation #191
DEBUG 2026-09-03 09:50:51 y_server.py:194 Received observation #191 | Avg FPS: 18.67 | Target: 30.00 | One-way latency: -53.44ms
DEBUG 2026-09-03 09:50:51 y_server.py:201 Server timestamp: 1788396651.818363 | Client timestamp: 1788396651.871801 | Deserialization time: 0.008590s
DEBUG 2026-09-03 09:50:51 y_server.py:278 Skipping observation #191 - Observation too similar to last obs predicted!
DEBUG 2026-09-03 09:50:51 y_server.py:210 Observation #191 has been filtered out
DEBUG 2026-09-03 09:50:51 y_server.py:176 Receiving observations from ipv4:192.168.100.50:43068
INFO 2026-09-03 09:50:51 ort/utils.py:78 <Logger policy_server (NOTSET)> Starting receiver
DEBUG 2026-09-03 09:50:51 ort/utils.py:80 <Logger policy_server (NOTSET)> Received item
DEBUG 2026-09-03 09:50:51 ort/utils.py:89 <Logger policy_server (NOTSET)> Received data at step 0
DEBUG 2026-09-03 09:50:51 ort/utils.py:80 <Logger policy_server (NOTSET)> Received item
DEBUG 2026-09-03 09:50:51 ort/utils.py:97 <Logger policy_server (NOTSET)> Received data at step end size 2766007
DEBUG 2026-09-03 09:50:51 y_server.py:186 Received observation #192
DEBUG 2026-09-03 09:50:51 y_server.py:194 Received observation #192 | Avg FPS: 18.69 | Target: 30.00 | One-way latency: -56.62ms
DEBUG 2026-09-03 09:50:51 y_server.py:201 Server timestamp: 1788396651.858435 | Client timestamp: 1788396651.915055 | Deserialization time: 0.006792s
DEBUG 2026-09-03 09:50:51 y_server.py:278 Skipping observation #192 - Observation too similar to last obs predicted!
DEBUG 2026-09-03 09:50:51 y_server.py:210 Observation #192 has been filtered out
DEBUG 2026-09-03 09:50:51 y_server.py:176 Receiving observations from ipv4:192.168.100.50:43068
INFO 2026-09-03 09:50:51 ort/utils.py:78 <Logger policy_server (NOTSET)> Starting receiver
DEBUG 2026-09-03 09:50:51 ort/utils.py:80 <Logger policy_server (NOTSET)> Received item
DEBUG 2026-09-03 09:50:51 ort/utils.py:89 <Logger policy_server (NOTSET)> Received data at step 0
DEBUG 2026-09-03 09:50:51 ort/utils.py:80 <Logger policy_server (NOTSET)> Received item
DEBUG 2026-09-03 09:50:51 ort/utils.py:97 <Logger policy_server (NOTSET)> Received data at step end size 2766007
DEBUG 2026-09-03 09:50:51 y_server.py:186 Received observation #193
DEBUG 2026-09-03 09:50:51 y_server.py:194 Received observation #193 | Avg FPS: 18.74 | Target: 30.00 | One-way latency: -55.86ms
DEBUG 2026-09-03 09:50:51 y_server.py:201 Server timestamp: 1788396651.887698 | Client timestamp: 1788396651.943556 | Deserialization time: 0.006915s
DEBUG 2026-09-03 09:50:51 y_server.py:278 Skipping observation #193 - Observation too similar to last obs predicted!
DEBUG 2026-09-03 09:50:51 y_server.py:210 Observation #193 has been filtered out
DEBUG 2026-09-03 09:50:51 y_server.py:176 Receiving observations from ipv4:192.168.100.50:43068
INFO 2026-09-03 09:50:51 ort/utils.py:78 <Logger policy_server (NOTSET)> Starting receiver
DEBUG 2026-09-03 09:50:51 ort/utils.py:80 <Logger policy_server (NOTSET)> Received item
DEBUG 2026-09-03 09:50:51 ort/utils.py:89 <Logger policy_server (NOTSET)> Received data at step 0
DEBUG 2026-09-03 09:50:51 ort/utils.py:80 <Logger policy_server (NOTSET)> Received item
DEBUG 2026-09-03 09:50:51 ort/utils.py:97 <Logger policy_server (NOTSET)> Received data at step end size 2766007
DEBUG 2026-09-03 09:50:51 y_server.py:186 Received observation #194
DEBUG 2026-09-03 09:50:51 y_server.py:194 Received observation #194 | Avg FPS: 18.77 | Target: 30.00 | One-way latency: -56.68ms
DEBUG 2026-09-03 09:50:51 y_server.py:201 Server timestamp: 1788396651.924500 | Client timestamp: 1788396651.981180 | Deserialization time: 0.010556s
DEBUG 2026-09-03 09:50:51 y_server.py:278 Skipping observation #194 - Observation too similar to last obs predicted!
DEBUG 2026-09-03 09:50:51 y_server.py:210 Observation #194 has been filtered out
DEBUG 2026-09-03 09:50:51 y_server.py:176 Receiving observations from ipv4:192.168.100.50:43068
INFO 2026-09-03 09:50:51 ort/utils.py:78 <Logger policy_server (NOTSET)> Starting receiver
DEBUG 2026-09-03 09:50:51 ort/utils.py:80 <Logger policy_server (NOTSET)> Received item
DEBUG 2026-09-03 09:50:51 ort/utils.py:89 <Logger policy_server (NOTSET)> Received data at step 0
DEBUG 2026-09-03 09:50:51 ort/utils.py:80 <Logger policy_server (NOTSET)> Received item
DEBUG 2026-09-03 09:50:51 ort/utils.py:97 <Logger policy_server (NOTSET)> Received data at step end size 2766007
DEBUG 2026-09-03 09:50:51 y_server.py:186 Received observation #195
DEBUG 2026-09-03 09:50:51 y_server.py:194 Received observation #195 | Avg FPS: 18.79 | Target: 30.00 | One-way latency: -55.55ms
DEBUG 2026-09-03 09:50:51 y_server.py:201 Server timestamp: 1788396651.966135 | Client timestamp: 1788396652.021690 | Deserialization time: 0.013026s
DEBUG 2026-09-03 09:50:51 y_server.py:278 Skipping observation #195 - Observation too similar to last obs predicted!
DEBUG 2026-09-03 09:50:51 y_server.py:210 Observation #195 has been filtered out
DEBUG 2026-09-03 09:50:52 y_server.py:176 Receiving observations from ipv4:192.168.100.50:43068
INFO 2026-09-03 09:50:52 ort/utils.py:78 <Logger policy_server (NOTSET)> Starting receiver
DEBUG 2026-09-03 09:50:52 ort/utils.py:80 <Logger policy_server (NOTSET)> Received item
DEBUG 2026-09-03 09:50:52 ort/utils.py:89 <Logger policy_server (NOTSET)> Received data at step 0
DEBUG 2026-09-03 09:50:52 ort/utils.py:80 <Logger policy_server (NOTSET)> Received item
DEBUG 2026-09-03 09:50:52 ort/utils.py:97 <Logger policy_server (NOTSET)> Received data at step end size 2766007
DEBUG 2026-09-03 09:50:52 y_server.py:186 Received observation #196
DEBUG 2026-09-03 09:50:52 y_server.py:194 Received observation #196 | Avg FPS: 18.82 | Target: 30.00 | One-way latency: -54.89ms
DEBUG 2026-09-03 09:50:52 y_server.py:201 Server timestamp: 1788396652.000289 | Client timestamp: 1788396652.055176 | Deserialization time: 0.008324s
DEBUG 2026-09-03 09:50:52 y_server.py:296 Enqueuing observation. Must go: True | Last processed obs: 147
INFO 2026-09-03 09:50:52 y_server.py:224 Running inference for observation #196 (must_go: True)
DEBUG 2026-09-03 09:50:52 y_server.py:176 Receiving observations from ipv4:192.168.100.50:43068
INFO 2026-09-03 09:50:52 ort/utils.py:78 <Logger policy_server (NOTSET)> Starting receiver
DEBUG 2026-09-03 09:50:52 ort/utils.py:80 <Logger policy_server (NOTSET)> Received item
DEBUG 2026-09-03 09:50:52 ort/utils.py:89 <Logger policy_server (NOTSET)> Received data at step 0
DEBUG 2026-09-03 09:50:52 ort/utils.py:80 <Logger policy_server (NOTSET)> Received item
DEBUG 2026-09-03 09:50:52 ort/utils.py:97 <Logger policy_server (NOTSET)> Received data at step end size 2766007
DEBUG 2026-09-03 09:50:52 y_server.py:186 Received observation #196
DEBUG 2026-09-03 09:50:52 y_server.py:194 Received observation #196 | Avg FPS: 18.85 | Target: 30.00 | One-way latency: -55.04ms
DEBUG 2026-09-03 09:50:52 y_server.py:201 Server timestamp: 1788396652.040629 | Client timestamp: 1788396652.095667 | Deserialization time: 0.009062s
DEBUG 2026-09-03 09:50:52 y_server.py:274 Skipping observation #196 - Timestep predicted already!
DEBUG 2026-09-03 09:50:52 y_server.py:210 Observation #196 has been filtered out
DEBUG 2026-09-03 09:50:52 y_server.py:176 Receiving observations from ipv4:192.168.100.50:43068
INFO 2026-09-03 09:50:52 ort/utils.py:78 <Logger policy_server (NOTSET)> Starting receiver
DEBUG 2026-09-03 09:50:52 ort/utils.py:80 <Logger policy_server (NOTSET)> Received item
DEBUG 2026-09-03 09:50:52 ort/utils.py:89 <Logger policy_server (NOTSET)> Received data at step 0
DEBUG 2026-09-03 09:50:52 ort/utils.py:80 <Logger policy_server (NOTSET)> Received item
DEBUG 2026-09-03 09:50:52 ort/utils.py:97 <Logger policy_server (NOTSET)> Received data at step end size 2766007
DEBUG 2026-09-03 09:50:52 y_server.py:186 Received observation #196
DEBUG 2026-09-03 09:50:52 y_server.py:194 Received observation #196 | Avg FPS: 18.86 | Target: 30.00 | One-way latency: -55.49ms
DEBUG 2026-09-03 09:50:52 y_server.py:201 Server timestamp: 1788396652.084204 | Client timestamp: 1788396652.139689 | Deserialization time: 0.006920s
DEBUG 2026-09-03 09:50:52 y_server.py:274 Skipping observation #196 - Timestep predicted already!
DEBUG 2026-09-03 09:50:52 y_server.py:210 Observation #196 has been filtered out
DEBUG 2026-09-03 09:50:52 y_server.py:176 Receiving observations from ipv4:192.168.100.50:43068
INFO 2026-09-03 09:50:52 ort/utils.py:78 <Logger policy_server (NOTSET)> Starting receiver
DEBUG 2026-09-03 09:50:52 ort/utils.py:80 <Logger policy_server (NOTSET)> Received item
DEBUG 2026-09-03 09:50:52 ort/utils.py:89 <Logger policy_server (NOTSET)> Received data at step 0
DEBUG 2026-09-03 09:50:52 ort/utils.py:80 <Logger policy_server (NOTSET)> Received item
DEBUG 2026-09-03 09:50:52 ort/utils.py:97 <Logger policy_server (NOTSET)> Received data at step end size 2766007
DEBUG 2026-09-03 09:50:52 y_server.py:186 Received observation #196
DEBUG 2026-09-03 09:50:52 y_server.py:194 Received observation #196 | Avg FPS: 18.90 | Target: 30.00 | One-way latency: -54.39ms
DEBUG 2026-09-03 09:50:52 y_server.py:201 Server timestamp: 1788396652.118999 | Client timestamp: 1788396652.173393 | Deserialization time: 0.007531s
DEBUG 2026-09-03 09:50:52 y_server.py:274 Skipping observation #196 - Timestep predicted already!
DEBUG 2026-09-03 09:50:52 y_server.py:210 Observation #196 has been filtered out
DEBUG 2026-09-03 09:50:52 y_server.py:176 Receiving observations from ipv4:192.168.100.50:43068
INFO 2026-09-03 09:50:52 ort/utils.py:78 <Logger policy_server (NOTSET)> Starting receiver
DEBUG 2026-09-03 09:50:52 ort/utils.py:80 <Logger policy_server (NOTSET)> Received item
DEBUG 2026-09-03 09:50:52 ort/utils.py:89 <Logger policy_server (NOTSET)> Received data at step 0
DEBUG 2026-09-03 09:50:52 ort/utils.py:80 <Logger policy_server (NOTSET)> Received item
DEBUG 2026-09-03 09:50:52 ort/utils.py:97 <Logger policy_server (NOTSET)> Received data at step end size 2766007
DEBUG 2026-09-03 09:50:52 y_server.py:186 Received observation #196
DEBUG 2026-09-03 09:50:52 y_server.py:194 Received observation #196 | Avg FPS: 18.92 | Target: 30.00 | One-way latency: -55.42ms
DEBUG 2026-09-03 09:50:52 y_server.py:201 Server timestamp: 1788396652.160698 | Client timestamp: 1788396652.216116 | Deserialization time: 0.015450s
DEBUG 2026-09-03 09:50:52 y_server.py:274 Skipping observation #196 - Timestep predicted already!
DEBUG 2026-09-03 09:50:52 y_server.py:210 Observation #196 has been filtered out
DEBUG 2026-09-03 09:50:52 y_server.py:176 Receiving observations from ipv4:192.168.100.50:43068
INFO 2026-09-03 09:50:52 ort/utils.py:78 <Logger policy_server (NOTSET)> Starting receiver
DEBUG 2026-09-03 09:50:52 ort/utils.py:80 <Logger policy_server (NOTSET)> Received item
DEBUG 2026-09-03 09:50:52 ort/utils.py:89 <Logger policy_server (NOTSET)> Received data at step 0
DEBUG 2026-09-03 09:50:52 ort/utils.py:80 <Logger policy_server (NOTSET)> Received item
DEBUG 2026-09-03 09:50:52 ort/utils.py:97 <Logger policy_server (NOTSET)> Received data at step end size 2766007
DEBUG 2026-09-03 09:50:52 y_server.py:186 Received observation #196
DEBUG 2026-09-03 09:50:52 y_server.py:194 Received observation #196 | Avg FPS: 18.95 | Target: 30.00 | One-way latency: -53.85ms
DEBUG 2026-09-03 09:50:52 y_server.py:201 Server timestamp: 1788396652.196521 | Client timestamp: 1788396652.250371 | Deserialization time: 0.007021s
DEBUG 2026-09-03 09:50:52 y_server.py:274 Skipping observation #196 - Timestep predicted already!
DEBUG 2026-09-03 09:50:52 y_server.py:210 Observation #196 has been filtered out
DEBUG 2026-09-03 09:50:52 y_server.py:176 Receiving observations from ipv4:192.168.100.50:43068
INFO 2026-09-03 09:50:52 ort/utils.py:78 <Logger policy_server (NOTSET)> Starting receiver
DEBUG 2026-09-03 09:50:52 ort/utils.py:80 <Logger policy_server (NOTSET)> Received item
DEBUG 2026-09-03 09:50:52 ort/utils.py:89 <Logger policy_server (NOTSET)> Received data at step 0
DEBUG 2026-09-03 09:50:52 ort/utils.py:80 <Logger policy_server (NOTSET)> Received item
DEBUG 2026-09-03 09:50:52 ort/utils.py:97 <Logger policy_server (NOTSET)> Received data at step end size 2766007
DEBUG 2026-09-03 09:50:52 y_server.py:186 Received observation #196
DEBUG 2026-09-03 09:50:52 y_server.py:194 Received observation #196 | Avg FPS: 18.98 | Target: 30.00 | One-way latency: -56.31ms
DEBUG 2026-09-03 09:50:52 y_server.py:201 Server timestamp: 1788396652.227483 | Client timestamp: 1788396652.283795 | Deserialization time: 0.006619s
DEBUG 2026-09-03 09:50:52 y_server.py:274 Skipping observation #196 - Timestep predicted already!
DEBUG 2026-09-03 09:50:52 y_server.py:210 Observation #196 has been filtered out
DEBUG 2026-09-03 09:50:52 y_server.py:176 Receiving observations from ipv4:192.168.100.50:43068
INFO 2026-09-03 09:50:52 ort/utils.py:78 <Logger policy_server (NOTSET)> Starting receiver
DEBUG 2026-09-03 09:50:52 ort/utils.py:80 <Logger policy_server (NOTSET)> Received item
DEBUG 2026-09-03 09:50:52 ort/utils.py:89 <Logger policy_server (NOTSET)> Received data at step 0
DEBUG 2026-09-03 09:50:52 ort/utils.py:80 <Logger policy_server (NOTSET)> Received item
DEBUG 2026-09-03 09:50:52 ort/utils.py:97 <Logger policy_server (NOTSET)> Received data at step end size 2766007
DEBUG 2026-09-03 09:50:52 y_server.py:186 Received observation #196
DEBUG 2026-09-03 09:50:52 y_server.py:194 Received observation #196 | Avg FPS: 19.02 | Target: 30.00 | One-way latency: -56.24ms
DEBUG 2026-09-03 09:50:52 y_server.py:201 Server timestamp: 1788396652.260956 | Client timestamp: 1788396652.317199 | Deserialization time: 0.006001s
DEBUG 2026-09-03 09:50:52 y_server.py:274 Skipping observation #196 - Timestep predicted already!
DEBUG 2026-09-03 09:50:52 y_server.py:210 Observation #196 has been filtered out
DEBUG 2026-09-03 09:50:52 y_server.py:176 Receiving observations from ipv4:192.168.100.50:43068
INFO 2026-09-03 09:50:52 ort/utils.py:78 <Logger policy_server (NOTSET)> Starting receiver
DEBUG 2026-09-03 09:50:52 ort/utils.py:80 <Logger policy_server (NOTSET)> Received item
DEBUG 2026-09-03 09:50:52 ort/utils.py:89 <Logger policy_server (NOTSET)> Received data at step 0
DEBUG 2026-09-03 09:50:52 ort/utils.py:80 <Logger policy_server (NOTSET)> Received item
DEBUG 2026-09-03 09:50:52 ort/utils.py:97 <Logger policy_server (NOTSET)> Received data at step end size 2766007
DEBUG 2026-09-03 09:50:52 y_server.py:186 Received observation #196
DEBUG 2026-09-03 09:50:52 y_server.py:194 Received observation #196 | Avg FPS: 19.04 | Target: 30.00 | One-way latency: -55.73ms
DEBUG 2026-09-03 09:50:52 y_server.py:201 Server timestamp: 1788396652.300105 | Client timestamp: 1788396652.355835 | Deserialization time: 0.014557s
DEBUG 2026-09-03 09:50:52 y_server.py:274 Skipping observation #196 - Timestep predicted already!
DEBUG 2026-09-03 09:50:52 y_server.py:210 Observation #196 has been filtered out
DEBUG 2026-09-03 09:50:52 y_server.py:176 Receiving observations from ipv4:192.168.100.50:43068
INFO 2026-09-03 09:50:52 ort/utils.py:78 <Logger policy_server (NOTSET)> Starting receiver
DEBUG 2026-09-03 09:50:52 ort/utils.py:80 <Logger policy_server (NOTSET)> Received item
DEBUG 2026-09-03 09:50:52 ort/utils.py:89 <Logger policy_server (NOTSET)> Received data at step 0
DEBUG 2026-09-03 09:50:52 ort/utils.py:80 <Logger policy_server (NOTSET)> Received item
DEBUG 2026-09-03 09:50:52 ort/utils.py:97 <Logger policy_server (NOTSET)> Received data at step end size 2766007
DEBUG 2026-09-03 09:50:52 y_server.py:186 Received observation #196
DEBUG 2026-09-03 09:50:52 y_server.py:194 Received observation #196 | Avg FPS: 19.08 | Target: 30.00 | One-way latency: -55.46ms
DEBUG 2026-09-03 09:50:52 y_server.py:201 Server timestamp: 1788396652.335396 | Client timestamp: 1788396652.390854 | Deserialization time: 0.008116s
DEBUG 2026-09-03 09:50:52 y_server.py:274 Skipping observation #196 - Timestep predicted already!
DEBUG 2026-09-03 09:50:52 y_server.py:210 Observation #196 has been filtered out
DEBUG 2026-09-03 09:50:52 y_server.py:176 Receiving observations from ipv4:192.168.100.50:43068
INFO 2026-09-03 09:50:52 ort/utils.py:78 <Logger policy_server (NOTSET)> Starting receiver
DEBUG 2026-09-03 09:50:52 ort/utils.py:80 <Logger policy_server (NOTSET)> Received item
DEBUG 2026-09-03 09:50:52 ort/utils.py:89 <Logger policy_server (NOTSET)> Received data at step 0
DEBUG 2026-09-03 09:50:52 ort/utils.py:80 <Logger policy_server (NOTSET)> Received item
DEBUG 2026-09-03 09:50:52 ort/utils.py:97 <Logger policy_server (NOTSET)> Received data at step end size 2766007
DEBUG 2026-09-03 09:50:52 y_server.py:186 Received observation #196
DEBUG 2026-09-03 09:50:52 y_server.py:194 Received observation #196 | Avg FPS: 19.11 | Target: 30.00 | One-way latency: -56.29ms
DEBUG 2026-09-03 09:50:52 y_server.py:201 Server timestamp: 1788396652.367984 | Client timestamp: 1788396652.424270 | Deserialization time: 0.006252s
DEBUG 2026-09-03 09:50:52 y_server.py:274 Skipping observation #196 - Timestep predicted already!
DEBUG 2026-09-03 09:50:52 y_server.py:210 Observation #196 has been filtered out
DEBUG 2026-09-03 09:50:52 y_server.py:176 Receiving observations from ipv4:192.168.100.50:43068
INFO 2026-09-03 09:50:52 ort/utils.py:78 <Logger policy_server (NOTSET)> Starting receiver
DEBUG 2026-09-03 09:50:52 ort/utils.py:80 <Logger policy_server (NOTSET)> Received item
DEBUG 2026-09-03 09:50:52 ort/utils.py:89 <Logger policy_server (NOTSET)> Received data at step 0
DEBUG 2026-09-03 09:50:52 ort/utils.py:80 <Logger policy_server (NOTSET)> Received item
DEBUG 2026-09-03 09:50:52 ort/utils.py:97 <Logger policy_server (NOTSET)> Received data at step end size 2766007
DEBUG 2026-09-03 09:50:52 y_server.py:186 Received observation #196
DEBUG 2026-09-03 09:50:52 y_server.py:194 Received observation #196 | Avg FPS: 19.14 | Target: 30.00 | One-way latency: -56.06ms
DEBUG 2026-09-03 09:50:52 y_server.py:201 Server timestamp: 1788396652.405004 | Client timestamp: 1788396652.461065 | Deserialization time: 0.021379s
DEBUG 2026-09-03 09:50:52 y_server.py:274 Skipping observation #196 - Timestep predicted already!
DEBUG 2026-09-03 09:50:52 y_server.py:210 Observation #196 has been filtered out
DEBUG 2026-09-03 09:50:52 y_server.py:176 Receiving observations from ipv4:192.168.100.50:43068
INFO 2026-09-03 09:50:52 ort/utils.py:78 <Logger policy_server (NOTSET)> Starting receiver
DEBUG 2026-09-03 09:50:52 ort/utils.py:80 <Logger policy_server (NOTSET)> Received item
DEBUG 2026-09-03 09:50:52 ort/utils.py:89 <Logger policy_server (NOTSET)> Received data at step 0
DEBUG 2026-09-03 09:50:52 ort/utils.py:80 <Logger policy_server (NOTSET)> Received item
DEBUG 2026-09-03 09:50:52 ort/utils.py:97 <Logger policy_server (NOTSET)> Received data at step end size 2766007
DEBUG 2026-09-03 09:50:52 y_server.py:186 Received observation #196
DEBUG 2026-09-03 09:50:52 y_server.py:194 Received observation #196 | Avg FPS: 19.17 | Target: 30.00 | One-way latency: -56.24ms
DEBUG 2026-09-03 09:50:52 y_server.py:201 Server timestamp: 1788396652.438459 | Client timestamp: 1788396652.494704 | Deserialization time: 0.006612s
DEBUG 2026-09-03 09:50:52 y_server.py:274 Skipping observation #196 - Timestep predicted already!
DEBUG 2026-09-03 09:50:52 y_server.py:210 Observation #196 has been filtered out
DEBUG 2026-09-03 09:50:52 y_server.py:176 Receiving observations from ipv4:192.168.100.50:43068
INFO 2026-09-03 09:50:52 ort/utils.py:78 <Logger policy_server (NOTSET)> Starting receiver
DEBUG 2026-09-03 09:50:52 ort/utils.py:80 <Logger policy_server (NOTSET)> Received item
DEBUG 2026-09-03 09:50:52 ort/utils.py:89 <Logger policy_server (NOTSET)> Received data at step 0
DEBUG 2026-09-03 09:50:52 ort/utils.py:80 <Logger policy_server (NOTSET)> Received item
DEBUG 2026-09-03 09:50:52 ort/utils.py:97 <Logger policy_server (NOTSET)> Received data at step end size 2766007
DEBUG 2026-09-03 09:50:52 y_server.py:186 Received observation #196
DEBUG 2026-09-03 09:50:52 y_server.py:194 Received observation #196 | Avg FPS: 19.20 | Target: 30.00 | One-way latency: -55.94ms
DEBUG 2026-09-03 09:50:52 y_server.py:201 Server timestamp: 1788396652.473552 | Client timestamp: 1788396652.529488 | Deserialization time: 0.009860s
DEBUG 2026-09-03 09:50:52 y_server.py:274 Skipping observation #196 - Timestep predicted already!
DEBUG 2026-09-03 09:50:52 y_server.py:210 Observation #196 has been filtered out
DEBUG 2026-09-03 09:50:52 y_server.py:176 Receiving observations from ipv4:192.168.100.50:43068
INFO 2026-09-03 09:50:52 ort/utils.py:78 <Logger policy_server (NOTSET)> Starting receiver
DEBUG 2026-09-03 09:50:52 ort/utils.py:80 <Logger policy_server (NOTSET)> Received item
DEBUG 2026-09-03 09:50:52 ort/utils.py:89 <Logger policy_server (NOTSET)> Received data at step 0
DEBUG 2026-09-03 09:50:52 ort/utils.py:80 <Logger policy_server (NOTSET)> Received item
DEBUG 2026-09-03 09:50:52 ort/utils.py:97 <Logger policy_server (NOTSET)> Received data at step end size 2766007
DEBUG 2026-09-03 09:50:52 y_server.py:186 Received observation #196
DEBUG 2026-09-03 09:50:52 y_server.py:194 Received observation #196 | Avg FPS: 19.23 | Target: 30.00 | One-way latency: -55.63ms
DEBUG 2026-09-03 09:50:52 y_server.py:201 Server timestamp: 1788396652.507420 | Client timestamp: 1788396652.563050 | Deserialization time: 0.008189s
DEBUG 2026-09-03 09:50:52 y_server.py:274 Skipping observation #196 - Timestep predicted already!
DEBUG 2026-09-03 09:50:52 y_server.py:210 Observation #196 has been filtered out
DEBUG 2026-09-03 09:50:52 y_server.py:176 Receiving observations from ipv4:192.168.100.50:43068
INFO 2026-09-03 09:50:52 ort/utils.py:78 <Logger policy_server (NOTSET)> Starting receiver
DEBUG 2026-09-03 09:50:52 ort/utils.py:80 <Logger policy_server (NOTSET)> Received item
DEBUG 2026-09-03 09:50:52 ort/utils.py:89 <Logger policy_server (NOTSET)> Received data at step 0
DEBUG 2026-09-03 09:50:52 ort/utils.py:80 <Logger policy_server (NOTSET)> Received item
DEBUG 2026-09-03 09:50:52 ort/utils.py:97 <Logger policy_server (NOTSET)> Received data at step end size 2766007
DEBUG 2026-09-03 09:50:52 y_server.py:186 Received observation #196
DEBUG 2026-09-03 09:50:52 y_server.py:194 Received observation #196 | Avg FPS: 19.25 | Target: 30.00 | One-way latency: -56.55ms
DEBUG 2026-09-03 09:50:52 y_server.py:201 Server timestamp: 1788396652.546850 | Client timestamp: 1788396652.603403 | Deserialization time: 0.011917s
DEBUG 2026-09-03 09:50:52 y_server.py:274 Skipping observation #196 - Timestep predicted already!
DEBUG 2026-09-03 09:50:52 y_server.py:210 Observation #196 has been filtered out
DEBUG 2026-09-03 09:50:52 y_server.py:176 Receiving observations from ipv4:192.168.100.50:43068
INFO 2026-09-03 09:50:52 ort/utils.py:78 <Logger policy_server (NOTSET)> Starting receiver
DEBUG 2026-09-03 09:50:52 ort/utils.py:80 <Logger policy_server (NOTSET)> Received item
DEBUG 2026-09-03 09:50:52 ort/utils.py:89 <Logger policy_server (NOTSET)> Received data at step 0
DEBUG 2026-09-03 09:50:52 ort/utils.py:80 <Logger policy_server (NOTSET)> Received item
DEBUG 2026-09-03 09:50:52 ort/utils.py:97 <Logger policy_server (NOTSET)> Received data at step end size 2766007
DEBUG 2026-09-03 09:50:52 y_server.py:186 Received observation #196
DEBUG 2026-09-03 09:50:52 y_server.py:194 Received observation #196 | Avg FPS: 19.28 | Target: 30.00 | One-way latency: -56.42ms
DEBUG 2026-09-03 09:50:52 y_server.py:201 Server timestamp: 1788396652.581678 | Client timestamp: 1788396652.638101 | Deserialization time: 0.008179s
DEBUG 2026-09-03 09:50:52 y_server.py:274 Skipping observation #196 - Timestep predicted already!
DEBUG 2026-09-03 09:50:52 y_server.py:210 Observation #196 has been filtered out
INFO 2026-09-03 09:50:52 y_server.py:359 Preprocessing and inference took 0.5949s, action shape: torch.Size([1, 50, 24])
DEBUG 2026-09-03 09:50:52 y_server.py:380 Postprocessed action shape: torch.Size([50, 24])
INFO 2026-09-03 09:50:52 y_server.py:391 Observation 196 | Total time: 604.25ms
DEBUG 2026-09-03 09:50:52 y_server.py:396 Observation 196 | Prepare time: 5.27ms | Preprocessing time: 1.79ms | Inference time: 594.87ms | Postprocessing time: 2.08ms | Total time: 604.25ms
INFO 2026-09-03 09:50:52 y_server.py:242 Action chunk #196 generated | Total time: 607.45ms
DEBUG 2026-09-03 09:50:52 y_server.py:247 Action chunk #196 generated | Inference time: 0.60s |Serialize time: 0.00s |Total time: 0.61s
DEBUG 2026-09-03 09:50:52 y_server.py:176 Receiving observations from ipv4:192.168.100.50:43068
INFO 2026-09-03 09:50:52 ort/utils.py:78 <Logger policy_server (NOTSET)> Starting receiver
DEBUG 2026-09-03 09:50:52 ort/utils.py:80 <Logger policy_server (NOTSET)> Received item
DEBUG 2026-09-03 09:50:52 ort/utils.py:89 <Logger policy_server (NOTSET)> Received data at step 0
DEBUG 2026-09-03 09:50:52 ort/utils.py:80 <Logger policy_server (NOTSET)> Received item
DEBUG 2026-09-03 09:50:52 ort/utils.py:97 <Logger policy_server (NOTSET)> Received data at step end size 2766007
DEBUG 2026-09-03 09:50:52 y_server.py:186 Received observation #196
DEBUG 2026-09-03 09:50:52 y_server.py:194 Received observation #196 | Avg FPS: 19.32 | Target: 30.00 | One-way latency: -54.13ms
DEBUG 2026-09-03 09:50:52 y_server.py:201 Server timestamp: 1788396652.617340 | Client timestamp: 1788396652.671474 | Deserialization time: 0.003275s
DEBUG 2026-09-03 09:50:52 y_server.py:274 Skipping observation #196 - Timestep predicted already!
DEBUG 2026-09-03 09:50:52 y_server.py:210 Observation #196 has been filtered out
DEBUG 2026-09-03 09:50:52 y_server.py:218 Client ipv4:192.168.100.50:43068 connected for action streaming
DEBUG 2026-09-03 09:50:53 y_server.py:176 Receiving observations from ipv4:192.168.100.50:43068
INFO 2026-09-03 09:50:53 ort/utils.py:78 <Logger policy_server (NOTSET)> Starting receiver
DEBUG 2026-09-03 09:50:53 ort/utils.py:80 <Logger policy_server (NOTSET)> Received item
DEBUG 2026-09-03 09:50:53 ort/utils.py:89 <Logger policy_server (NOTSET)> Received data at step 0
DEBUG 2026-09-03 09:50:53 ort/utils.py:80 <Logger policy_server (NOTSET)> Received item
DEBUG 2026-09-03 09:50:53 ort/utils.py:97 <Logger policy_server (NOTSET)> Received data at step end size 2766007
DEBUG 2026-09-03 09:50:53 y_server.py:186 Received observation #220
DEBUG 2026-09-03 09:50:53 y_server.py:194 Received observation #220 | Avg FPS: 18.01 | Target: 30.00 | One-way latency: -56.24ms
DEBUG 2026-09-03 09:50:53 y_server.py:201 Server timestamp: 1788396653.468281 | Client timestamp: 1788396653.524518 | Deserialization time: 0.010479s
DEBUG 2026-09-03 09:50:53 y_server.py:278 Skipping observation #220 - Observation too similar to last obs predicted!
DEBUG 2026-09-03 09:50:53 y_server.py:210 Observation #220 has been filtered out
DEBUG 2026-09-03 09:50:53 y_server.py:176 Receiving observations from ipv4:192.168.100.50:43068
INFO 2026-09-03 09:50:53 ort/utils.py:78 <Logger policy_server (NOTSET)> Starting receiver
DEBUG 2026-09-03 09:50:53 ort/utils.py:80 <Logger policy_server (NOTSET)> Received item
DEBUG 2026-09-03 09:50:53 ort/utils.py:89 <Logger policy_server (NOTSET)> Received data at step 0
DEBUG 2026-09-03 09:50:53 ort/utils.py:80 <Logger policy_server (NOTSET)> Received item
DEBUG 2026-09-03 09:50:53 ort/utils.py:97 <Logger policy_server (NOTSET)> Received data at step end size 2766007
DEBUG 2026-09-03 09:50:53 y_server.py:186 Received observation #221
DEBUG 2026-09-03 09:50:53 y_server.py:194 Received observation #221 | Avg FPS: 18.03 | Target: 30.00 | One-way latency: -55.80ms
DEBUG 2026-09-03 09:50:53 y_server.py:201 Server timestamp: 1788396653.507154 | Client timestamp: 1788396653.562957 | Deserialization time: 0.006779s
DEBUG 2026-09-03 09:50:53 y_server.py:278 Skipping observation #221 - Observation too similar to last obs predicted!
DEBUG 2026-09-03 09:50:53 y_server.py:210 Observation #221 has been filtered out
DEBUG 2026-09-03 09:50:53 y_server.py:176 Receiving observations from ipv4:192.168.100.50:43068
INFO 2026-09-03 09:50:53 ort/utils.py:78 <Logger policy_server (NOTSET)> Starting receiver
DEBUG 2026-09-03 09:50:53 ort/utils.py:80 <Logger policy_server (NOTSET)> Received item
DEBUG 2026-09-03 09:50:53 ort/utils.py:89 <Logger policy_server (NOTSET)> Received data at step 0
DEBUG 2026-09-03 09:50:53 ort/utils.py:80 <Logger policy_server (NOTSET)> Received item
DEBUG 2026-09-03 09:50:53 ort/utils.py:97 <Logger policy_server (NOTSET)> Received data at step end size 2766007
DEBUG 2026-09-03 09:50:53 y_server.py:186 Received observation #222
DEBUG 2026-09-03 09:50:53 y_server.py:194 Received observation #222 | Avg FPS: 18.07 | Target: 30.00 | One-way latency: -57.00ms
DEBUG 2026-09-03 09:50:53 y_server.py:201 Server timestamp: 1788396653.540899 | Client timestamp: 1788396653.597894 | Deserialization time: 0.006837s
DEBUG 2026-09-03 09:50:53 y_server.py:278 Skipping observation #222 - Observation too similar to last obs predicted!
DEBUG 2026-09-03 09:50:53 y_server.py:210 Observation #222 has been filtered out
DEBUG 2026-09-03 09:50:53 y_server.py:176 Receiving observations from ipv4:192.168.100.50:43068
INFO 2026-09-03 09:50:53 ort/utils.py:78 <Logger policy_server (NOTSET)> Starting receiver
DEBUG 2026-09-03 09:50:53 ort/utils.py:80 <Logger policy_server (NOTSET)> Received item
DEBUG 2026-09-03 09:50:53 ort/utils.py:89 <Logger policy_server (NOTSET)> Received data at step 0
DEBUG 2026-09-03 09:50:53 ort/utils.py:80 <Logger policy_server (NOTSET)> Received item
DEBUG 2026-09-03 09:50:53 ort/utils.py:97 <Logger policy_server (NOTSET)> Received data at step end size 2766007
DEBUG 2026-09-03 09:50:53 y_server.py:186 Received observation #223
DEBUG 2026-09-03 09:50:53 y_server.py:194 Received observation #223 | Avg FPS: 18.09 | Target: 30.00 | One-way latency: -55.89ms
DEBUG 2026-09-03 09:50:53 y_server.py:201 Server timestamp: 1788396653.583456 | Client timestamp: 1788396653.639346 | Deserialization time: 0.008751s
DEBUG 2026-09-03 09:50:53 y_server.py:278 Skipping observation #223 - Observation too similar to last obs predicted!
DEBUG 2026-09-03 09:50:53 y_server.py:210 Observation #223 has been filtered out
DEBUG 2026-09-03 09:50:53 y_server.py:176 Receiving observations from ipv4:192.168.100.50:43068
INFO 2026-09-03 09:50:53 ort/utils.py:78 <Logger policy_server (NOTSET)> Starting receiver
DEBUG 2026-09-03 09:50:53 ort/utils.py:80 <Logger policy_server (NOTSET)> Received item
DEBUG 2026-09-03 09:50:53 ort/utils.py:89 <Logger policy_server (NOTSET)> Received data at step 0
DEBUG 2026-09-03 09:50:53 ort/utils.py:80 <Logger policy_server (NOTSET)> Received item
DEBUG 2026-09-03 09:50:53 ort/utils.py:97 <Logger policy_server (NOTSET)> Received data at step end size 2766007
DEBUG 2026-09-03 09:50:53 y_server.py:186 Received observation #224
DEBUG 2026-09-03 09:50:53 y_server.py:194 Received observation #224 | Avg FPS: 18.13 | Target: 30.00 | One-way latency: -56.90ms
DEBUG 2026-09-03 09:50:53 y_server.py:201 Server timestamp: 1788396653.609830 | Client timestamp: 1788396653.666735 | Deserialization time: 0.008505s
DEBUG 2026-09-03 09:50:53 y_server.py:278 Skipping observation #224 - Observation too similar to last obs predicted!
DEBUG 2026-09-03 09:50:53 y_server.py:210 Observation #224 has been filtered out
DEBUG 2026-09-03 09:50:53 y_server.py:176 Receiving observations from ipv4:192.168.100.50:43068
INFO 2026-09-03 09:50:53 ort/utils.py:78 <Logger policy_server (NOTSET)> Starting receiver
DEBUG 2026-09-03 09:50:53 ort/utils.py:80 <Logger policy_server (NOTSET)> Received item
DEBUG 2026-09-03 09:50:53 ort/utils.py:89 <Logger policy_server (NOTSET)> Received data at step 0
DEBUG 2026-09-03 09:50:53 ort/utils.py:80 <Logger policy_server (NOTSET)> Received item
DEBUG 2026-09-03 09:50:53 ort/utils.py:97 <Logger policy_server (NOTSET)> Received data at step end size 2766007
DEBUG 2026-09-03 09:50:53 y_server.py:186 Received observation #225
DEBUG 2026-09-03 09:50:53 y_server.py:194 Received observation #225 | Avg FPS: 18.16 | Target: 30.00 | One-way latency: -56.33ms
DEBUG 2026-09-03 09:50:53 y_server.py:201 Server timestamp: 1788396653.644139 | Client timestamp: 1788396653.700472 | Deserialization time: 0.007255s
DEBUG 2026-09-03 09:50:53 y_server.py:278 Skipping observation #225 - Observation too similar to last obs predicted!
DEBUG 2026-09-03 09:50:53 y_server.py:210 Observation #225 has been filtered out
DEBUG 2026-09-03 09:50:53 y_server.py:176 Receiving observations from ipv4:192.168.100.50:43068
INFO 2026-09-03 09:50:53 ort/utils.py:78 <Logger policy_server (NOTSET)> Starting receiver
DEBUG 2026-09-03 09:50:53 ort/utils.py:80 <Logger policy_server (NOTSET)> Received item
DEBUG 2026-09-03 09:50:53 ort/utils.py:89 <Logger policy_server (NOTSET)> Received data at step 0
DEBUG 2026-09-03 09:50:53 ort/utils.py:80 <Logger policy_server (NOTSET)> Received item
DEBUG 2026-09-03 09:50:53 ort/utils.py:97 <Logger policy_server (NOTSET)> Received data at step end size 2766007
DEBUG 2026-09-03 09:50:53 y_server.py:186 Received observation #226
DEBUG 2026-09-03 09:50:53 y_server.py:194 Received observation #226 | Avg FPS: 18.19 | Target: 30.00 | One-way latency: -56.65ms
DEBUG 2026-09-03 09:50:53 y_server.py:201 Server timestamp: 1788396653.680735 | Client timestamp: 1788396653.737383 | Deserialization time: 0.007785s
DEBUG 2026-09-03 09:50:53 y_server.py:278 Skipping observation #226 - Observation too similar to last obs predicted!
DEBUG 2026-09-03 09:50:53 y_server.py:210 Observation #226 has been filtered out
DEBUG 2026-09-03 09:50:53 y_server.py:176 Receiving observations from ipv4:192.168.100.50:43068
INFO 2026-09-03 09:50:53 ort/utils.py:78 <Logger policy_server (NOTSET)> Starting receiver
DEBUG 2026-09-03 09:50:53 ort/utils.py:80 <Logger policy_server (NOTSET)> Received item
DEBUG 2026-09-03 09:50:53 ort/utils.py:89 <Logger policy_server (NOTSET)> Received data at step 0
DEBUG 2026-09-03 09:50:53 ort/utils.py:80 <Logger policy_server (NOTSET)> Received item
DEBUG 2026-09-03 09:50:53 ort/utils.py:97 <Logger policy_server (NOTSET)> Received data at step end size 2766007
DEBUG 2026-09-03 09:50:53 y_server.py:186 Received observation #227
DEBUG 2026-09-03 09:50:53 y_server.py:194 Received observation #227 | Avg FPS: 18.22 | Target: 30.00 | One-way latency: -56.86ms
DEBUG 2026-09-03 09:50:53 y_server.py:201 Server timestamp: 1788396653.713367 | Client timestamp: 1788396653.770230 | Deserialization time: 0.005886s
DEBUG 2026-09-03 09:50:53 y_server.py:278 Skipping observation #227 - Observation too similar to last obs predicted!
DEBUG 2026-09-03 09:50:53 y_server.py:210 Observation #227 has been filtered out
DEBUG 2026-09-03 09:50:53 y_server.py:176 Receiving observations from ipv4:192.168.100.50:43068
INFO 2026-09-03 09:50:53 ort/utils.py:78 <Logger policy_server (NOTSET)> Starting receiver
DEBUG 2026-09-03 09:50:53 ort/utils.py:80 <Logger policy_server (NOTSET)> Received item
DEBUG 2026-09-03 09:50:53 ort/utils.py:89 <Logger policy_server (NOTSET)> Received data at step 0
DEBUG 2026-09-03 09:50:53 ort/utils.py:80 <Logger policy_server (NOTSET)> Received item
DEBUG 2026-09-03 09:50:53 ort/utils.py:97 <Logger policy_server (NOTSET)> Received data at step end size 2766007
DEBUG 2026-09-03 09:50:53 y_server.py:186 Received observation #228
DEBUG 2026-09-03 09:50:53 y_server.py:194 Received observation #228 | Avg FPS: 18.25 | Target: 30.00 | One-way latency: -56.35ms
DEBUG 2026-09-03 09:50:53 y_server.py:201 Server timestamp: 1788396653.748032 | Client timestamp: 1788396653.804384 | Deserialization time: 0.006129s
DEBUG 2026-09-03 09:50:53 y_server.py:278 Skipping observation #228 - Observation too similar to last obs predicted!
DEBUG 2026-09-03 09:50:53 y_server.py:210 Observation #228 has been filtered out
DEBUG 2026-09-03 09:50:53 y_server.py:176 Receiving observations from ipv4:192.168.100.50:43068
INFO 2026-09-03 09:50:53 ort/utils.py:78 <Logger policy_server (NOTSET)> Starting receiver
DEBUG 2026-09-03 09:50:53 ort/utils.py:80 <Logger policy_server (NOTSET)> Received item
DEBUG 2026-09-03 09:50:53 ort/utils.py:89 <Logger policy_server (NOTSET)> Received data at step 0
DEBUG 2026-09-03 09:50:53 ort/utils.py:80 <Logger policy_server (NOTSET)> Received item
DEBUG 2026-09-03 09:50:53 ort/utils.py:97 <Logger policy_server (NOTSET)> Received data at step end size 2766007
DEBUG 2026-09-03 09:50:53 y_server.py:186 Received observation #229
DEBUG 2026-09-03 09:50:53 y_server.py:194 Received observation #229 | Avg FPS: 18.27 | Target: 30.00 | One-way latency: -56.31ms
DEBUG 2026-09-03 09:50:53 y_server.py:201 Server timestamp: 1788396653.792538 | Client timestamp: 1788396653.848845 | Deserialization time: 0.012216s
DEBUG 2026-09-03 09:50:53 y_server.py:278 Skipping observation #229 - Observation too similar to last obs predicted!
DEBUG 2026-09-03 09:50:53 y_server.py:210 Observation #229 has been filtered out
DEBUG 2026-09-03 09:50:53 y_server.py:176 Receiving observations from ipv4:192.168.100.50:43068
INFO 2026-09-03 09:50:53 ort/utils.py:78 <Logger policy_server (NOTSET)> Starting receiver
DEBUG 2026-09-03 09:50:53 ort/utils.py:80 <Logger policy_server (NOTSET)> Received item
DEBUG 2026-09-03 09:50:53 ort/utils.py:89 <Logger policy_server (NOTSET)> Received data at step 0
DEBUG 2026-09-03 09:50:53 ort/utils.py:80 <Logger policy_server (NOTSET)> Received item
DEBUG 2026-09-03 09:50:53 ort/utils.py:97 <Logger policy_server (NOTSET)> Received data at step end size 2766007
DEBUG 2026-09-03 09:50:53 y_server.py:186 Received observation #230
DEBUG 2026-09-03 09:50:53 y_server.py:194 Received observation #230 | Avg FPS: 18.31 | Target: 30.00 | One-way latency: -57.03ms
DEBUG 2026-09-03 09:50:53 y_server.py:201 Server timestamp: 1788396653.819255 | Client timestamp: 1788396653.876288 | Deserialization time: 0.005978s
DEBUG 2026-09-03 09:50:53 y_server.py:278 Skipping observation #230 - Observation too similar to last obs predicted!
DEBUG 2026-09-03 09:50:53 y_server.py:210 Observation #230 has been filtered out
DEBUG 2026-09-03 09:50:53 y_server.py:176 Receiving observations from ipv4:192.168.100.50:43068
INFO 2026-09-03 09:50:53 ort/utils.py:78 <Logger policy_server (NOTSET)> Starting receiver
DEBUG 2026-09-03 09:50:53 ort/utils.py:80 <Logger policy_server (NOTSET)> Received item
DEBUG 2026-09-03 09:50:53 ort/utils.py:89 <Logger policy_server (NOTSET)> Received data at step 0
DEBUG 2026-09-03 09:50:53 ort/utils.py:80 <Logger policy_server (NOTSET)> Received item
DEBUG 2026-09-03 09:50:53 ort/utils.py:97 <Logger policy_server (NOTSET)> Received data at step end size 2766007
DEBUG 2026-09-03 09:50:53 y_server.py:186 Received observation #231
DEBUG 2026-09-03 09:50:53 y_server.py:194 Received observation #231 | Avg FPS: 18.34 | Target: 30.00 | One-way latency: -56.71ms
DEBUG 2026-09-03 09:50:53 y_server.py:201 Server timestamp: 1788396653.855749 | Client timestamp: 1788396653.912462 | Deserialization time: 0.011002s
DEBUG 2026-09-03 09:50:53 y_server.py:278 Skipping observation #231 - Observation too similar to last obs predicted!
DEBUG 2026-09-03 09:50:53 y_server.py:210 Observation #231 has been filtered out
DEBUG 2026-09-03 09:50:53 y_server.py:176 Receiving observations from ipv4:192.168.100.50:43068
INFO 2026-09-03 09:50:53 ort/utils.py:78 <Logger policy_server (NOTSET)> Starting receiver
DEBUG 2026-09-03 09:50:53 ort/utils.py:80 <Logger policy_server (NOTSET)> Received item
DEBUG 2026-09-03 09:50:53 ort/utils.py:89 <Logger policy_server (NOTSET)> Received data at step 0
DEBUG 2026-09-03 09:50:53 ort/utils.py:80 <Logger policy_server (NOTSET)> Received item
DEBUG 2026-09-03 09:50:53 ort/utils.py:97 <Logger policy_server (NOTSET)> Received data at step end size 2766007
DEBUG 2026-09-03 09:50:53 y_server.py:186 Received observation #232
DEBUG 2026-09-03 09:50:53 y_server.py:194 Received observation #232 | Avg FPS: 18.37 | Target: 30.00 | One-way latency: -56.62ms
DEBUG 2026-09-03 09:50:53 y_server.py:201 Server timestamp: 1788396653.887294 | Client timestamp: 1788396653.943919 | Deserialization time: 0.012417s
DEBUG 2026-09-03 09:50:53 y_server.py:278 Skipping observation #232 - Observation too similar to last obs predicted!
DEBUG 2026-09-03 09:50:53 y_server.py:210 Observation #232 has been filtered out
DEBUG 2026-09-03 09:50:53 y_server.py:176 Receiving observations from ipv4:192.168.100.50:43068
INFO 2026-09-03 09:50:53 ort/utils.py:78 <Logger policy_server (NOTSET)> Starting receiver
DEBUG 2026-09-03 09:50:53 ort/utils.py:80 <Logger policy_server (NOTSET)> Received item
DEBUG 2026-09-03 09:50:53 ort/utils.py:89 <Logger policy_server (NOTSET)> Received data at step 0
DEBUG 2026-09-03 09:50:53 ort/utils.py:80 <Logger policy_server (NOTSET)> Received item
DEBUG 2026-09-03 09:50:53 ort/utils.py:97 <Logger policy_server (NOTSET)> Received data at step end size 2766007
DEBUG 2026-09-03 09:50:53 y_server.py:186 Received observation #233
DEBUG 2026-09-03 09:50:53 y_server.py:194 Received observation #233 | Avg FPS: 18.40 | Target: 30.00 | One-way latency: -56.84ms
DEBUG 2026-09-03 09:50:53 y_server.py:201 Server timestamp: 1788396653.920202 | Client timestamp: 1788396653.977044 | Deserialization time: 0.013391s
DEBUG 2026-09-03 09:50:53 y_server.py:278 Skipping observation #233 - Observation too similar to last obs predicted!
DEBUG 2026-09-03 09:50:53 y_server.py:210 Observation #233 has been filtered out
DEBUG 2026-09-03 09:50:53 y_server.py:176 Receiving observations from ipv4:192.168.100.50:43068
INFO 2026-09-03 09:50:53 ort/utils.py:78 <Logger policy_server (NOTSET)> Starting receiver
DEBUG 2026-09-03 09:50:53 ort/utils.py:80 <Logger policy_server (NOTSET)> Received item
DEBUG 2026-09-03 09:50:53 ort/utils.py:89 <Logger policy_server (NOTSET)> Received data at step 0
DEBUG 2026-09-03 09:50:53 ort/utils.py:80 <Logger policy_server (NOTSET)> Received item
DEBUG 2026-09-03 09:50:53 ort/utils.py:97 <Logger policy_server (NOTSET)> Received data at step end size 2766007
DEBUG 2026-09-03 09:50:53 y_server.py:186 Received observation #234
DEBUG 2026-09-03 09:50:53 y_server.py:194 Received observation #234 | Avg FPS: 18.42 | Target: 30.00 | One-way latency: -56.52ms
DEBUG 2026-09-03 09:50:53 y_server.py:201 Server timestamp: 1788396653.960145 | Client timestamp: 1788396654.016668 | Deserialization time: 0.010457s
DEBUG 2026-09-03 09:50:53 y_server.py:278 Skipping observation #234 - Observation too similar to last obs predicted!
DEBUG 2026-09-03 09:50:53 y_server.py:210 Observation #234 has been filtered out
DEBUG 2026-09-03 09:50:53 y_server.py:176 Receiving observations from ipv4:192.168.100.50:43068
INFO 2026-09-03 09:50:53 ort/utils.py:78 <Logger policy_server (NOTSET)> Starting receiver
DEBUG 2026-09-03 09:50:53 ort/utils.py:80 <Logger policy_server (NOTSET)> Received item
DEBUG 2026-09-03 09:50:53 ort/utils.py:89 <Logger policy_server (NOTSET)> Received data at step 0
DEBUG 2026-09-03 09:50:54 ort/utils.py:80 <Logger policy_server (NOTSET)> Received item
DEBUG 2026-09-03 09:50:54 ort/utils.py:97 <Logger policy_server (NOTSET)> Received data at step end size 2766007
DEBUG 2026-09-03 09:50:54 y_server.py:186 Received observation #235
DEBUG 2026-09-03 09:50:54 y_server.py:194 Received observation #235 | Avg FPS: 18.46 | Target: 30.00 | One-way latency: -56.53ms
DEBUG 2026-09-03 09:50:54 y_server.py:201 Server timestamp: 1788396653.992940 | Client timestamp: 1788396654.049468 | Deserialization time: 0.007671s
DEBUG 2026-09-03 09:50:54 y_server.py:278 Skipping observation #235 - Observation too similar to last obs predicted!
DEBUG 2026-09-03 09:50:54 y_server.py:210 Observation #235 has been filtered out
DEBUG 2026-09-03 09:50:54 y_server.py:176 Receiving observations from ipv4:192.168.100.50:43068
INFO 2026-09-03 09:50:54 ort/utils.py:78 <Logger policy_server (NOTSET)> Starting receiver
DEBUG 2026-09-03 09:50:54 ort/utils.py:80 <Logger policy_server (NOTSET)> Received item
DEBUG 2026-09-03 09:50:54 ort/utils.py:89 <Logger policy_server (NOTSET)> Received data at step 0
DEBUG 2026-09-03 09:50:54 ort/utils.py:80 <Logger policy_server (NOTSET)> Received item
DEBUG 2026-09-03 09:50:54 ort/utils.py:97 <Logger policy_server (NOTSET)> Received data at step end size 2766007
DEBUG 2026-09-03 09:50:54 y_server.py:186 Received observation #236
DEBUG 2026-09-03 09:50:54 y_server.py:194 Received observation #236 | Avg FPS: 18.48 | Target: 30.00 | One-way latency: -52.32ms
DEBUG 2026-09-03 09:50:54 y_server.py:201 Server timestamp: 1788396654.036508 | Client timestamp: 1788396654.088831 | Deserialization time: 0.011461s
DEBUG 2026-09-03 09:50:54 y_server.py:278 Skipping observation #236 - Observation too similar to last obs predicted!
DEBUG 2026-09-03 09:50:54 y_server.py:210 Observation #236 has been filtered out
DEBUG 2026-09-03 09:50:54 y_server.py:176 Receiving observations from ipv4:192.168.100.50:43068
INFO 2026-09-03 09:50:54 ort/utils.py:78 <Logger policy_server (NOTSET)> Starting receiver
DEBUG 2026-09-03 09:50:54 ort/utils.py:80 <Logger policy_server (NOTSET)> Received item
DEBUG 2026-09-03 09:50:54 ort/utils.py:89 <Logger policy_server (NOTSET)> Received data at step 0
DEBUG 2026-09-03 09:50:54 ort/utils.py:80 <Logger policy_server (NOTSET)> Received item
DEBUG 2026-09-03 09:50:54 ort/utils.py:97 <Logger policy_server (NOTSET)> Received data at step end size 2766007
DEBUG 2026-09-03 09:50:54 y_server.py:186 Received observation #237
DEBUG 2026-09-03 09:50:54 y_server.py:194 Received observation #237 | Avg FPS: 18.50 | Target: 30.00 | One-way latency: -56.36ms
DEBUG 2026-09-03 09:50:54 y_server.py:201 Server timestamp: 1788396654.070375 | Client timestamp: 1788396654.126733 | Deserialization time: 0.014648s
DEBUG 2026-09-03 09:50:54 y_server.py:278 Skipping observation #237 - Observation too similar to last obs predicted!
DEBUG 2026-09-03 09:50:54 y_server.py:210 Observation #237 has been filtered out
DEBUG 2026-09-03 09:50:54 y_server.py:176 Receiving observations from ipv4:192.168.100.50:43068
INFO 2026-09-03 09:50:54 ort/utils.py:78 <Logger policy_server (NOTSET)> Starting receiver
DEBUG 2026-09-03 09:50:54 ort/utils.py:80 <Logger policy_server (NOTSET)> Received item
DEBUG 2026-09-03 09:50:54 ort/utils.py:89 <Logger policy_server (NOTSET)> Received data at step 0
DEBUG 2026-09-03 09:50:54 ort/utils.py:80 <Logger policy_server (NOTSET)> Received item
DEBUG 2026-09-03 09:50:54 ort/utils.py:97 <Logger policy_server (NOTSET)> Received data at step end size 2766007
DEBUG 2026-09-03 09:50:54 y_server.py:186 Received observation #238
DEBUG 2026-09-03 09:50:54 y_server.py:194 Received observation #238 | Avg FPS: 18.53 | Target: 30.00 | One-way latency: -56.70ms
DEBUG 2026-09-03 09:50:54 y_server.py:201 Server timestamp: 1788396654.102693 | Client timestamp: 1788396654.159395 | Deserialization time: 0.007073s
DEBUG 2026-09-03 09:50:54 y_server.py:278 Skipping observation #238 - Observation too similar to last obs predicted!
DEBUG 2026-09-03 09:50:54 y_server.py:210 Observation #238 has been filtered out
DEBUG 2026-09-03 09:50:54 y_server.py:176 Receiving observations from ipv4:192.168.100.50:43068
INFO 2026-09-03 09:50:54 ort/utils.py:78 <Logger policy_server (NOTSET)> Starting receiver
DEBUG 2026-09-03 09:50:54 ort/utils.py:80 <Logger policy_server (NOTSET)> Received item
DEBUG 2026-09-03 09:50:54 ort/utils.py:89 <Logger policy_server (NOTSET)> Received data at step 0
DEBUG 2026-09-03 09:50:54 ort/utils.py:80 <Logger policy_server (NOTSET)> Received item
DEBUG 2026-09-03 09:50:54 ort/utils.py:97 <Logger policy_server (NOTSET)> Received data at step end size 2766007
DEBUG 2026-09-03 09:50:54 y_server.py:186 Received observation #239
DEBUG 2026-09-03 09:50:54 y_server.py:194 Received observation #239 | Avg FPS: 18.55 | Target: 30.00 | One-way latency: -57.21ms
DEBUG 2026-09-03 09:50:54 y_server.py:201 Server timestamp: 1788396654.145712 | Client timestamp: 1788396654.202919 | Deserialization time: 0.007441s
DEBUG 2026-09-03 09:50:54 y_server.py:278 Skipping observation #239 - Observation too similar to last obs predicted!
DEBUG 2026-09-03 09:50:54 y_server.py:210 Observation #239 has been filtered out
DEBUG 2026-09-03 09:50:54 y_server.py:176 Receiving observations from ipv4:192.168.100.50:43068
INFO 2026-09-03 09:50:54 ort/utils.py:78 <Logger policy_server (NOTSET)> Starting receiver
DEBUG 2026-09-03 09:50:54 ort/utils.py:80 <Logger policy_server (NOTSET)> Received item
DEBUG 2026-09-03 09:50:54 ort/utils.py:89 <Logger policy_server (NOTSET)> Received data at step 0
DEBUG 2026-09-03 09:50:54 ort/utils.py:80 <Logger policy_server (NOTSET)> Received item
DEBUG 2026-09-03 09:50:54 ort/utils.py:97 <Logger policy_server (NOTSET)> Received data at step end size 2766007
DEBUG 2026-09-03 09:50:54 y_server.py:186 Received observation #240
DEBUG 2026-09-03 09:50:54 y_server.py:194 Received observation #240 | Avg FPS: 18.58 | Target: 30.00 | One-way latency: -56.41ms
DEBUG 2026-09-03 09:50:54 y_server.py:201 Server timestamp: 1788396654.177725 | Client timestamp: 1788396654.234136 | Deserialization time: 0.006125s
DEBUG 2026-09-03 09:50:54 y_server.py:278 Skipping observation #240 - Observation too similar to last obs predicted!
DEBUG 2026-09-03 09:50:54 y_server.py:210 Observation #240 has been filtered out
DEBUG 2026-09-03 09:50:54 y_server.py:176 Receiving observations from ipv4:192.168.100.50:43068
INFO 2026-09-03 09:50:54 ort/utils.py:78 <Logger policy_server (NOTSET)> Starting receiver
DEBUG 2026-09-03 09:50:54 ort/utils.py:80 <Logger policy_server (NOTSET)> Received item
DEBUG 2026-09-03 09:50:54 ort/utils.py:89 <Logger policy_server (NOTSET)> Received data at step 0
DEBUG 2026-09-03 09:50:54 ort/utils.py:80 <Logger policy_server (NOTSET)> Received item
DEBUG 2026-09-03 09:50:54 ort/utils.py:97 <Logger policy_server (NOTSET)> Received data at step end size 2766007
DEBUG 2026-09-03 09:50:54 y_server.py:186 Received observation #241
DEBUG 2026-09-03 09:50:54 y_server.py:194 Received observation #241 | Avg FPS: 18.61 | Target: 30.00 | One-way latency: -51.66ms
DEBUG 2026-09-03 09:50:54 y_server.py:201 Server timestamp: 1788396654.217558 | Client timestamp: 1788396654.269214 | Deserialization time: 0.006780s
DEBUG 2026-09-03 09:50:54 y_server.py:278 Skipping observation #241 - Observation too similar to last obs predicted!
DEBUG 2026-09-03 09:50:54 y_server.py:210 Observation #241 has been filtered out
DEBUG 2026-09-03 09:50:54 y_server.py:176 Receiving observations from ipv4:192.168.100.50:43068
INFO 2026-09-03 09:50:54 ort/utils.py:78 <Logger policy_server (NOTSET)> Starting receiver
DEBUG 2026-09-03 09:50:54 ort/utils.py:80 <Logger policy_server (NOTSET)> Received item
DEBUG 2026-09-03 09:50:54 ort/utils.py:89 <Logger policy_server (NOTSET)> Received data at step 0
DEBUG 2026-09-03 09:50:54 ort/utils.py:80 <Logger policy_server (NOTSET)> Received item
DEBUG 2026-09-03 09:50:54 ort/utils.py:97 <Logger policy_server (NOTSET)> Received data at step end size 2766007
DEBUG 2026-09-03 09:50:54 y_server.py:186 Received observation #242
DEBUG 2026-09-03 09:50:54 y_server.py:194 Received observation #242 | Avg FPS: 18.64 | Target: 30.00 | One-way latency: -56.79ms
DEBUG 2026-09-03 09:50:54 y_server.py:201 Server timestamp: 1788396654.244492 | Client timestamp: 1788396654.301284 | Deserialization time: 0.005819s
DEBUG 2026-09-03 09:50:54 y_server.py:278 Skipping observation #242 - Observation too similar to last obs predicted!
DEBUG 2026-09-03 09:50:54 y_server.py:210 Observation #242 has been filtered out
DEBUG 2026-09-03 09:50:54 y_server.py:176 Receiving observations from ipv4:192.168.100.50:43068
INFO 2026-09-03 09:50:54 ort/utils.py:78 <Logger policy_server (NOTSET)> Starting receiver
DEBUG 2026-09-03 09:50:54 ort/utils.py:80 <Logger policy_server (NOTSET)> Received item
DEBUG 2026-09-03 09:50:54 ort/utils.py:89 <Logger policy_server (NOTSET)> Received data at step 0
DEBUG 2026-09-03 09:50:54 ort/utils.py:80 <Logger policy_server (NOTSET)> Received item
DEBUG 2026-09-03 09:50:54 ort/utils.py:97 <Logger policy_server (NOTSET)> Received data at step end size 2766007
DEBUG 2026-09-03 09:50:54 y_server.py:186 Received observation #243
DEBUG 2026-09-03 09:50:54 y_server.py:194 Received observation #243 | Avg FPS: 18.67 | Target: 30.00 | One-way latency: -56.81ms
DEBUG 2026-09-03 09:50:54 y_server.py:201 Server timestamp: 1788396654.277302 | Client timestamp: 1788396654.334107 | Deserialization time: 0.007700s
DEBUG 2026-09-03 09:50:54 y_server.py:278 Skipping observation #243 - Observation too similar to last obs predicted!
DEBUG 2026-09-03 09:50:54 y_server.py:210 Observation #243 has been filtered out
DEBUG 2026-09-03 09:50:54 y_server.py:176 Receiving observations from ipv4:192.168.100.50:43068
INFO 2026-09-03 09:50:54 ort/utils.py:78 <Logger policy_server (NOTSET)> Starting receiver
DEBUG 2026-09-03 09:50:54 ort/utils.py:80 <Logger policy_server (NOTSET)> Received item
DEBUG 2026-09-03 09:50:54 ort/utils.py:89 <Logger policy_server (NOTSET)> Received data at step 0
DEBUG 2026-09-03 09:50:54 ort/utils.py:80 <Logger policy_server (NOTSET)> Received item
DEBUG 2026-09-03 09:50:54 ort/utils.py:97 <Logger policy_server (NOTSET)> Received data at step end size 2766007
DEBUG 2026-09-03 09:50:54 y_server.py:186 Received observation #244
DEBUG 2026-09-03 09:50:54 y_server.py:194 Received observation #244 | Avg FPS: 18.70 | Target: 30.00 | One-way latency: -55.00ms
DEBUG 2026-09-03 09:50:54 y_server.py:201 Server timestamp: 1788396654.316247 | Client timestamp: 1788396654.371242 | Deserialization time: 0.011113s
DEBUG 2026-09-03 09:50:54 y_server.py:278 Skipping observation #244 - Observation too similar to last obs predicted!
DEBUG 2026-09-03 09:50:54 y_server.py:210 Observation #244 has been filtered out
DEBUG 2026-09-03 09:50:54 y_server.py:176 Receiving observations from ipv4:192.168.100.50:43068
INFO 2026-09-03 09:50:54 ort/utils.py:78 <Logger policy_server (NOTSET)> Starting receiver
DEBUG 2026-09-03 09:50:54 ort/utils.py:80 <Logger policy_server (NOTSET)> Received item
DEBUG 2026-09-03 09:50:54 ort/utils.py:89 <Logger policy_server (NOTSET)> Received data at step 0
DEBUG 2026-09-03 09:50:54 ort/utils.py:80 <Logger policy_server (NOTSET)> Received item
DEBUG 2026-09-03 09:50:54 ort/utils.py:97 <Logger policy_server (NOTSET)> Received data at step end size 2766007
DEBUG 2026-09-03 09:50:54 y_server.py:186 Received observation #245
DEBUG 2026-09-03 09:50:54 y_server.py:194 Received observation #245 | Avg FPS: 18.73 | Target: 30.00 | One-way latency: -56.68ms
DEBUG 2026-09-03 09:50:54 y_server.py:201 Server timestamp: 1788396654.345235 | Client timestamp: 1788396654.401918 | Deserialization time: 0.008016s
DEBUG 2026-09-03 09:50:54 y_server.py:296 Enqueuing observation. Must go: True | Last processed obs: 196
INFO 2026-09-03 09:50:54 y_server.py:224 Running inference for observation #245 (must_go: True)
DEBUG 2026-09-03 09:50:54 y_server.py:176 Receiving observations from ipv4:192.168.100.50:43068
INFO 2026-09-03 09:50:54 ort/utils.py:78 <Logger policy_server (NOTSET)> Starting receiver
DEBUG 2026-09-03 09:50:54 ort/utils.py:80 <Logger policy_server (NOTSET)> Received item
DEBUG 2026-09-03 09:50:54 ort/utils.py:89 <Logger policy_server (NOTSET)> Received data at step 0
DEBUG 2026-09-03 09:50:54 ort/utils.py:80 <Logger policy_server (NOTSET)> Received item
DEBUG 2026-09-03 09:50:54 ort/utils.py:97 <Logger policy_server (NOTSET)> Received data at step end size 2766007
DEBUG 2026-09-03 09:50:54 y_server.py:186 Received observation #245
DEBUG 2026-09-03 09:50:54 y_server.py:194 Received observation #245 | Avg FPS: 18.76 | Target: 30.00 | One-way latency: -56.67ms
DEBUG 2026-09-03 09:50:54 y_server.py:201 Server timestamp: 1788396654.379339 | Client timestamp: 1788396654.436012 | Deserialization time: 0.006967s
DEBUG 2026-09-03 09:50:54 y_server.py:274 Skipping observation #245 - Timestep predicted already!
DEBUG 2026-09-03 09:50:54 y_server.py:210 Observation #245 has been filtered out
DEBUG 2026-09-03 09:50:54 y_server.py:176 Receiving observations from ipv4:192.168.100.50:43068
INFO 2026-09-03 09:50:54 ort/utils.py:78 <Logger policy_server (NOTSET)> Starting receiver
DEBUG 2026-09-03 09:50:54 ort/utils.py:80 <Logger policy_server (NOTSET)> Received item
DEBUG 2026-09-03 09:50:54 ort/utils.py:89 <Logger policy_server (NOTSET)> Received data at step 0
DEBUG 2026-09-03 09:50:54 ort/utils.py:80 <Logger policy_server (NOTSET)> Received item
DEBUG 2026-09-03 09:50:54 ort/utils.py:97 <Logger policy_server (NOTSET)> Received data at step end size 2766007
DEBUG 2026-09-03 09:50:54 y_server.py:186 Received observation #245
DEBUG 2026-09-03 09:50:54 y_server.py:194 Received observation #245 | Avg FPS: 18.78 | Target: 30.00 | One-way latency: -57.21ms
DEBUG 2026-09-03 09:50:54 y_server.py:201 Server timestamp: 1788396654.417685 | Client timestamp: 1788396654.474894 | Deserialization time: 0.027907s
DEBUG 2026-09-03 09:50:54 y_server.py:274 Skipping observation #245 - Timestep predicted already!
DEBUG 2026-09-03 09:50:54 y_server.py:210 Observation #245 has been filtered out
DEBUG 2026-09-03 09:50:54 y_server.py:176 Receiving observations from ipv4:192.168.100.50:43068
INFO 2026-09-03 09:50:54 ort/utils.py:78 <Logger policy_server (NOTSET)> Starting receiver
DEBUG 2026-09-03 09:50:54 ort/utils.py:80 <Logger policy_server (NOTSET)> Received item
DEBUG 2026-09-03 09:50:54 ort/utils.py:89 <Logger policy_server (NOTSET)> Received data at step 0
DEBUG 2026-09-03 09:50:54 ort/utils.py:80 <Logger policy_server (NOTSET)> Received item
DEBUG 2026-09-03 09:50:54 ort/utils.py:97 <Logger policy_server (NOTSET)> Received data at step end size 2766007
DEBUG 2026-09-03 09:50:54 y_server.py:186 Received observation #245
DEBUG 2026-09-03 09:50:54 y_server.py:194 Received observation #245 | Avg FPS: 18.81 | Target: 30.00 | One-way latency: -57.12ms
DEBUG 2026-09-03 09:50:54 y_server.py:201 Server timestamp: 1788396654.454387 | Client timestamp: 1788396654.511509 | Deserialization time: 0.006440s
DEBUG 2026-09-03 09:50:54 y_server.py:274 Skipping observation #245 - Timestep predicted already!
DEBUG 2026-09-03 09:50:54 y_server.py:210 Observation #245 has been filtered out
DEBUG 2026-09-03 09:50:54 y_server.py:176 Receiving observations from ipv4:192.168.100.50:43068
INFO 2026-09-03 09:50:54 ort/utils.py:78 <Logger policy_server (NOTSET)> Starting receiver
DEBUG 2026-09-03 09:50:54 ort/utils.py:80 <Logger policy_server (NOTSET)> Received item
DEBUG 2026-09-03 09:50:54 ort/utils.py:89 <Logger policy_server (NOTSET)> Received data at step 0
DEBUG 2026-09-03 09:50:54 ort/utils.py:80 <Logger policy_server (NOTSET)> Received item
DEBUG 2026-09-03 09:50:54 ort/utils.py:97 <Logger policy_server (NOTSET)> Received data at step end size 2766007
DEBUG 2026-09-03 09:50:54 y_server.py:186 Received observation #245
DEBUG 2026-09-03 09:50:54 y_server.py:194 Received observation #245 | Avg FPS: 18.83 | Target: 30.00 | One-way latency: -55.43ms
DEBUG 2026-09-03 09:50:54 y_server.py:201 Server timestamp: 1788396654.493266 | Client timestamp: 1788396654.548698 | Deserialization time: 0.020379s
DEBUG 2026-09-03 09:50:54 y_server.py:274 Skipping observation #245 - Timestep predicted already!
DEBUG 2026-09-03 09:50:54 y_server.py:210 Observation #245 has been filtered out
DEBUG 2026-09-03 09:50:54 y_server.py:176 Receiving observations from ipv4:192.168.100.50:43068
INFO 2026-09-03 09:50:54 ort/utils.py:78 <Logger policy_server (NOTSET)> Starting receiver
DEBUG 2026-09-03 09:50:54 ort/utils.py:80 <Logger policy_server (NOTSET)> Received item
DEBUG 2026-09-03 09:50:54 ort/utils.py:89 <Logger policy_server (NOTSET)> Received data at step 0
DEBUG 2026-09-03 09:50:54 ort/utils.py:80 <Logger policy_server (NOTSET)> Received item
DEBUG 2026-09-03 09:50:54 ort/utils.py:97 <Logger policy_server (NOTSET)> Received data at step end size 2766007
DEBUG 2026-09-03 09:50:54 y_server.py:186 Received observation #245
DEBUG 2026-09-03 09:50:54 y_server.py:194 Received observation #245 | Avg FPS: 18.81 | Target: 30.00 | One-way latency: -56.22ms
DEBUG 2026-09-03 09:50:54 y_server.py:201 Server timestamp: 1788396654.557213 | Client timestamp: 1788396654.613437 | Deserialization time: 0.007092s
DEBUG 2026-09-03 09:50:54 y_server.py:274 Skipping observation #245 - Timestep predicted already!
DEBUG 2026-09-03 09:50:54 y_server.py:210 Observation #245 has been filtered out
DEBUG 2026-09-03 09:50:54 y_server.py:176 Receiving observations from ipv4:192.168.100.50:43068
INFO 2026-09-03 09:50:54 ort/utils.py:78 <Logger policy_server (NOTSET)> Starting receiver
DEBUG 2026-09-03 09:50:54 ort/utils.py:80 <Logger policy_server (NOTSET)> Received item
DEBUG 2026-09-03 09:50:54 ort/utils.py:89 <Logger policy_server (NOTSET)> Received data at step 0
DEBUG 2026-09-03 09:50:54 ort/utils.py:80 <Logger policy_server (NOTSET)> Received item
DEBUG 2026-09-03 09:50:54 ort/utils.py:97 <Logger policy_server (NOTSET)> Received data at step end size 2766007
DEBUG 2026-09-03 09:50:54 y_server.py:186 Received observation #245
DEBUG 2026-09-03 09:50:54 y_server.py:194 Received observation #245 | Avg FPS: 18.84 | Target: 30.00 | One-way latency: -56.76ms
DEBUG 2026-09-03 09:50:54 y_server.py:201 Server timestamp: 1788396654.590090 | Client timestamp: 1788396654.646847 | Deserialization time: 0.006209s
DEBUG 2026-09-03 09:50:54 y_server.py:274 Skipping observation #245 - Timestep predicted already!
DEBUG 2026-09-03 09:50:54 y_server.py:210 Observation #245 has been filtered out
DEBUG 2026-09-03 09:50:54 y_server.py:176 Receiving observations from ipv4:192.168.100.50:43068
INFO 2026-09-03 09:50:54 ort/utils.py:78 <Logger policy_server (NOTSET)> Starting receiver
DEBUG 2026-09-03 09:50:54 ort/utils.py:80 <Logger policy_server (NOTSET)> Received item
DEBUG 2026-09-03 09:50:54 ort/utils.py:89 <Logger policy_server (NOTSET)> Received data at step 0
DEBUG 2026-09-03 09:50:54 ort/utils.py:80 <Logger policy_server (NOTSET)> Received item
DEBUG 2026-09-03 09:50:54 ort/utils.py:97 <Logger policy_server (NOTSET)> Received data at step end size 2766007
DEBUG 2026-09-03 09:50:54 y_server.py:186 Received observation #245
DEBUG 2026-09-03 09:50:54 y_server.py:194 Received observation #245 | Avg FPS: 18.87 | Target: 30.00 | One-way latency: -56.61ms
DEBUG 2026-09-03 09:50:54 y_server.py:201 Server timestamp: 1788396654.623671 | Client timestamp: 1788396654.680278 | Deserialization time: 0.006293s
DEBUG 2026-09-03 09:50:54 y_server.py:274 Skipping observation #245 - Timestep predicted already!
DEBUG 2026-09-03 09:50:54 y_server.py:210 Observation #245 has been filtered out
DEBUG 2026-09-03 09:50:54 y_server.py:176 Receiving observations from ipv4:192.168.100.50:43068
INFO 2026-09-03 09:50:54 ort/utils.py:78 <Logger policy_server (NOTSET)> Starting receiver
DEBUG 2026-09-03 09:50:54 ort/utils.py:80 <Logger policy_server (NOTSET)> Received item
DEBUG 2026-09-03 09:50:54 ort/utils.py:89 <Logger policy_server (NOTSET)> Received data at step 0
DEBUG 2026-09-03 09:50:54 ort/utils.py:80 <Logger policy_server (NOTSET)> Received item
DEBUG 2026-09-03 09:50:54 ort/utils.py:97 <Logger policy_server (NOTSET)> Received data at step end size 2766007
DEBUG 2026-09-03 09:50:54 y_server.py:186 Received observation #245
DEBUG 2026-09-03 09:50:54 y_server.py:194 Received observation #245 | Avg FPS: 18.90 | Target: 30.00 | One-way latency: -57.31ms
DEBUG 2026-09-03 09:50:54 y_server.py:201 Server timestamp: 1788396654.657563 | Client timestamp: 1788396654.714869 | Deserialization time: 0.007014s
DEBUG 2026-09-03 09:50:54 y_server.py:274 Skipping observation #245 - Timestep predicted already!
DEBUG 2026-09-03 09:50:54 y_server.py:210 Observation #245 has been filtered out
DEBUG 2026-09-03 09:50:54 y_server.py:176 Receiving observations from ipv4:192.168.100.50:43068
INFO 2026-09-03 09:50:54 ort/utils.py:78 <Logger policy_server (NOTSET)> Starting receiver
DEBUG 2026-09-03 09:50:54 ort/utils.py:80 <Logger policy_server (NOTSET)> Received item
DEBUG 2026-09-03 09:50:54 ort/utils.py:89 <Logger policy_server (NOTSET)> Received data at step 0
DEBUG 2026-09-03 09:50:54 ort/utils.py:80 <Logger policy_server (NOTSET)> Received item
DEBUG 2026-09-03 09:50:54 ort/utils.py:97 <Logger policy_server (NOTSET)> Received data at step end size 2766007
DEBUG 2026-09-03 09:50:54 y_server.py:186 Received observation #245
DEBUG 2026-09-03 09:50:54 y_server.py:194 Received observation #245 | Avg FPS: 18.92 | Target: 30.00 | One-way latency: -56.53ms
DEBUG 2026-09-03 09:50:54 y_server.py:201 Server timestamp: 1788396654.693728 | Client timestamp: 1788396654.750254 | Deserialization time: 0.015746s
DEBUG 2026-09-03 09:50:54 y_server.py:274 Skipping observation #245 - Timestep predicted already!
DEBUG 2026-09-03 09:50:54 y_server.py:210 Observation #245 has been filtered out
DEBUG 2026-09-03 09:50:54 y_server.py:176 Receiving observations from ipv4:192.168.100.50:43068
INFO 2026-09-03 09:50:54 ort/utils.py:78 <Logger policy_server (NOTSET)> Starting receiver
DEBUG 2026-09-03 09:50:54 ort/utils.py:80 <Logger policy_server (NOTSET)> Received item
DEBUG 2026-09-03 09:50:54 ort/utils.py:89 <Logger policy_server (NOTSET)> Received data at step 0
DEBUG 2026-09-03 09:50:54 ort/utils.py:80 <Logger policy_server (NOTSET)> Received item
DEBUG 2026-09-03 09:50:54 ort/utils.py:97 <Logger policy_server (NOTSET)> Received data at step end size 2766007
DEBUG 2026-09-03 09:50:54 y_server.py:186 Received observation #245
DEBUG 2026-09-03 09:50:54 y_server.py:194 Received observation #245 | Avg FPS: 18.95 | Target: 30.00 | One-way latency: -56.99ms
DEBUG 2026-09-03 09:50:54 y_server.py:201 Server timestamp: 1788396654.726696 | Client timestamp: 1788396654.783683 | Deserialization time: 0.005675s
DEBUG 2026-09-03 09:50:54 y_server.py:274 Skipping observation #245 - Timestep predicted already!
DEBUG 2026-09-03 09:50:54 y_server.py:210 Observation #245 has been filtered out
DEBUG 2026-09-03 09:50:54 y_server.py:176 Receiving observations from ipv4:192.168.100.50:43068
INFO 2026-09-03 09:50:54 ort/utils.py:78 <Logger policy_server (NOTSET)> Starting receiver
DEBUG 2026-09-03 09:50:54 ort/utils.py:80 <Logger policy_server (NOTSET)> Received item
DEBUG 2026-09-03 09:50:54 ort/utils.py:89 <Logger policy_server (NOTSET)> Received data at step 0
DEBUG 2026-09-03 09:50:54 ort/utils.py:80 <Logger policy_server (NOTSET)> Received item
DEBUG 2026-09-03 09:50:54 ort/utils.py:97 <Logger policy_server (NOTSET)> Received data at step end size 2766007
DEBUG 2026-09-03 09:50:54 y_server.py:186 Received observation #245
DEBUG 2026-09-03 09:50:54 y_server.py:194 Received observation #245 | Avg FPS: 18.98 | Target: 30.00 | One-way latency: -57.40ms
DEBUG 2026-09-03 09:50:54 y_server.py:201 Server timestamp: 1788396654.759634 | Client timestamp: 1788396654.817039 | Deserialization time: 0.007232s
DEBUG 2026-09-03 09:50:54 y_server.py:274 Skipping observation #245 - Timestep predicted already!
DEBUG 2026-09-03 09:50:54 y_server.py:210 Observation #245 has been filtered out
DEBUG 2026-09-03 09:50:54 y_server.py:176 Receiving observations from ipv4:192.168.100.50:43068
INFO 2026-09-03 09:50:54 ort/utils.py:78 <Logger policy_server (NOTSET)> Starting receiver
DEBUG 2026-09-03 09:50:54 ort/utils.py:80 <Logger policy_server (NOTSET)> Received item
DEBUG 2026-09-03 09:50:54 ort/utils.py:89 <Logger policy_server (NOTSET)> Received data at step 0
DEBUG 2026-09-03 09:50:54 ort/utils.py:80 <Logger policy_server (NOTSET)> Received item
DEBUG 2026-09-03 09:50:54 ort/utils.py:97 <Logger policy_server (NOTSET)> Received data at step end size 2766007
DEBUG 2026-09-03 09:50:54 y_server.py:186 Received observation #245
DEBUG 2026-09-03 09:50:54 y_server.py:194 Received observation #245 | Avg FPS: 19.00 | Target: 30.00 | One-way latency: -56.64ms
DEBUG 2026-09-03 09:50:54 y_server.py:201 Server timestamp: 1788396654.796138 | Client timestamp: 1788396654.852774 | Deserialization time: 0.014377s
DEBUG 2026-09-03 09:50:54 y_server.py:274 Skipping observation #245 - Timestep predicted already!
DEBUG 2026-09-03 09:50:54 y_server.py:210 Observation #245 has been filtered out
DEBUG 2026-09-03 09:50:54 y_server.py:176 Receiving observations from ipv4:192.168.100.50:43068
INFO 2026-09-03 09:50:54 ort/utils.py:78 <Logger policy_server (NOTSET)> Starting receiver
DEBUG 2026-09-03 09:50:54 ort/utils.py:80 <Logger policy_server (NOTSET)> Received item
DEBUG 2026-09-03 09:50:54 ort/utils.py:89 <Logger policy_server (NOTSET)> Received data at step 0
DEBUG 2026-09-03 09:50:54 ort/utils.py:80 <Logger policy_server (NOTSET)> Received item
DEBUG 2026-09-03 09:50:54 ort/utils.py:97 <Logger policy_server (NOTSET)> Received data at step end size 2766007
DEBUG 2026-09-03 09:50:54 y_server.py:186 Received observation #245
DEBUG 2026-09-03 09:50:54 y_server.py:194 Received observation #245 | Avg FPS: 19.02 | Target: 30.00 | One-way latency: -56.24ms
DEBUG 2026-09-03 09:50:54 y_server.py:201 Server timestamp: 1788396654.836013 | Client timestamp: 1788396654.892251 | Deserialization time: 0.008393s
DEBUG 2026-09-03 09:50:54 y_server.py:274 Skipping observation #245 - Timestep predicted already!
DEBUG 2026-09-03 09:50:54 y_server.py:210 Observation #245 has been filtered out
DEBUG 2026-09-03 09:50:54 y_server.py:176 Receiving observations from ipv4:192.168.100.50:43068
INFO 2026-09-03 09:50:54 ort/utils.py:78 <Logger policy_server (NOTSET)> Starting receiver
DEBUG 2026-09-03 09:50:54 ort/utils.py:80 <Logger policy_server (NOTSET)> Received item
DEBUG 2026-09-03 09:50:54 ort/utils.py:89 <Logger policy_server (NOTSET)> Received data at step 0
DEBUG 2026-09-03 09:50:54 ort/utils.py:80 <Logger policy_server (NOTSET)> Received item
DEBUG 2026-09-03 09:50:54 ort/utils.py:97 <Logger policy_server (NOTSET)> Received data at step end size 2766007
DEBUG 2026-09-03 09:50:54 y_server.py:186 Received observation #245
DEBUG 2026-09-03 09:50:54 y_server.py:194 Received observation #245 | Avg FPS: 19.05 | Target: 30.00 | One-way latency: -56.93ms
DEBUG 2026-09-03 09:50:54 y_server.py:201 Server timestamp: 1788396654.869563 | Client timestamp: 1788396654.926490 | Deserialization time: 0.006290s
DEBUG 2026-09-03 09:50:54 y_server.py:274 Skipping observation #245 - Timestep predicted already!
DEBUG 2026-09-03 09:50:54 y_server.py:210 Observation #245 has been filtered out
DEBUG 2026-09-03 09:50:54 y_server.py:176 Receiving observations from ipv4:192.168.100.50:43068
INFO 2026-09-03 09:50:54 ort/utils.py:78 <Logger policy_server (NOTSET)> Starting receiver
DEBUG 2026-09-03 09:50:54 ort/utils.py:80 <Logger policy_server (NOTSET)> Received item
DEBUG 2026-09-03 09:50:54 ort/utils.py:89 <Logger policy_server (NOTSET)> Received data at step 0
DEBUG 2026-09-03 09:50:54 ort/utils.py:80 <Logger policy_server (NOTSET)> Received item
DEBUG 2026-09-03 09:50:54 ort/utils.py:97 <Logger policy_server (NOTSET)> Received data at step end size 2766007
DEBUG 2026-09-03 09:50:54 y_server.py:186 Received observation #245
DEBUG 2026-09-03 09:50:54 y_server.py:194 Received observation #245 | Avg FPS: 19.07 | Target: 30.00 | One-way latency: -55.98ms
DEBUG 2026-09-03 09:50:54 y_server.py:201 Server timestamp: 1788396654.904226 | Client timestamp: 1788396654.960206 | Deserialization time: 0.016832s
DEBUG 2026-09-03 09:50:54 y_server.py:274 Skipping observation #245 - Timestep predicted already!
DEBUG 2026-09-03 09:50:54 y_server.py:210 Observation #245 has been filtered out
DEBUG 2026-09-03 09:50:54 y_server.py:176 Receiving observations from ipv4:192.168.100.50:43068
INFO 2026-09-03 09:50:54 ort/utils.py:78 <Logger policy_server (NOTSET)> Starting receiver
DEBUG 2026-09-03 09:50:54 ort/utils.py:80 <Logger policy_server (NOTSET)> Received item
DEBUG 2026-09-03 09:50:54 ort/utils.py:89 <Logger policy_server (NOTSET)> Received data at step 0
DEBUG 2026-09-03 09:50:54 ort/utils.py:80 <Logger policy_server (NOTSET)> Received item
DEBUG 2026-09-03 09:50:54 ort/utils.py:97 <Logger policy_server (NOTSET)> Received data at step end size 2766007
DEBUG 2026-09-03 09:50:54 y_server.py:186 Received observation #245
DEBUG 2026-09-03 09:50:54 y_server.py:194 Received observation #245 | Avg FPS: 19.10 | Target: 30.00 | One-way latency: -57.06ms
DEBUG 2026-09-03 09:50:54 y_server.py:201 Server timestamp: 1788396654.937913 | Client timestamp: 1788396654.994972 | Deserialization time: 0.006124s
DEBUG 2026-09-03 09:50:54 y_server.py:274 Skipping observation #245 - Timestep predicted already!
DEBUG 2026-09-03 09:50:54 y_server.py:210 Observation #245 has been filtered out
INFO 2026-09-03 09:50:54 y_server.py:359 Preprocessing and inference took 0.6076s, action shape: torch.Size([1, 50, 24])
DEBUG 2026-09-03 09:50:54 y_server.py:380 Postprocessed action shape: torch.Size([50, 24])
INFO 2026-09-03 09:50:54 y_server.py:391 Observation 245 | Total time: 614.74ms
DEBUG 2026-09-03 09:50:54 y_server.py:396 Observation 245 | Prepare time: 3.12ms | Preprocessing time: 1.76ms | Inference time: 607.65ms | Postprocessing time: 2.00ms | Total time: 614.74ms
INFO 2026-09-03 09:50:54 y_server.py:242 Action chunk #245 generated | Total time: 617.41ms
DEBUG 2026-09-03 09:50:54 y_server.py:247 Action chunk #245 generated | Inference time: 0.61s |Serialize time: 0.00s |Total time: 0.62s
DEBUG 2026-09-03 09:50:54 y_server.py:176 Receiving observations from ipv4:192.168.100.50:43068
INFO 2026-09-03 09:50:54 ort/utils.py:78 <Logger policy_server (NOTSET)> Starting receiver
DEBUG 2026-09-03 09:50:54 ort/utils.py:80 <Logger policy_server (NOTSET)> Received item
DEBUG 2026-09-03 09:50:54 ort/utils.py:89 <Logger policy_server (NOTSET)> Received data at step 0
DEBUG 2026-09-03 09:50:54 ort/utils.py:80 <Logger policy_server (NOTSET)> Received item
DEBUG 2026-09-03 09:50:54 ort/utils.py:97 <Logger policy_server (NOTSET)> Received data at step end size 2766007
DEBUG 2026-09-03 09:50:54 y_server.py:186 Received observation #245
DEBUG 2026-09-03 09:50:54 y_server.py:194 Received observation #245 | Avg FPS: 19.13 | Target: 30.00 | One-way latency: -56.45ms
DEBUG 2026-09-03 09:50:54 y_server.py:201 Server timestamp: 1788396654.972842 | Client timestamp: 1788396655.029292 | Deserialization time: 0.006841s
DEBUG 2026-09-03 09:50:54 y_server.py:274 Skipping observation #245 - Timestep predicted already!
DEBUG 2026-09-03 09:50:54 y_server.py:210 Observation #245 has been filtered out
DEBUG 2026-09-03 09:50:55 y_server.py:176 Receiving observations from ipv4:192.168.100.50:43068
INFO 2026-09-03 09:50:55 ort/utils.py:78 <Logger policy_server (NOTSET)> Starting receiver
DEBUG 2026-09-03 09:50:55 ort/utils.py:80 <Logger policy_server (NOTSET)> Received item
DEBUG 2026-09-03 09:50:55 ort/utils.py:89 <Logger policy_server (NOTSET)> Received data at step 0
DEBUG 2026-09-03 09:50:55 ort/utils.py:80 <Logger policy_server (NOTSET)> Received item
DEBUG 2026-09-03 09:50:55 ort/utils.py:97 <Logger policy_server (NOTSET)> Received data at step end size 2766007
DEBUG 2026-09-03 09:50:55 y_server.py:186 Received observation #245
DEBUG 2026-09-03 09:50:55 y_server.py:194 Received observation #245 | Avg FPS: 19.13 | Target: 30.00 | One-way latency: -55.56ms
DEBUG 2026-09-03 09:50:55 y_server.py:201 Server timestamp: 1788396655.019547 | Client timestamp: 1788396655.075104 | Deserialization time: 0.008111s
DEBUG 2026-09-03 09:50:55 y_server.py:274 Skipping observation #245 - Timestep predicted already!
DEBUG 2026-09-03 09:50:55 y_server.py:210 Observation #245 has been filtered out
DEBUG 2026-09-03 09:50:55 y_server.py:218 Client ipv4:192.168.100.50:43068 connected for action streaming
DEBUG 2026-09-03 09:50:55 y_server.py:176 Receiving observations from ipv4:192.168.100.50:43068
INFO 2026-09-03 09:50:55 ort/utils.py:78 <Logger policy_server (NOTSET)> Starting receiver
DEBUG 2026-09-03 09:50:55 ort/utils.py:80 <Logger policy_server (NOTSET)> Received item
DEBUG 2026-09-03 09:50:55 ort/utils.py:89 <Logger policy_server (NOTSET)> Received data at step 0
DEBUG 2026-09-03 09:50:55 ort/utils.py:80 <Logger policy_server (NOTSET)> Received item
DEBUG 2026-09-03 09:50:55 ort/utils.py:97 <Logger policy_server (NOTSET)> Received data at step end size 2766008
DEBUG 2026-09-03 09:50:55 y_server.py:186 Received observation #269
DEBUG 2026-09-03 09:50:55 y_server.py:194 Received observation #269 | Avg FPS: 18.03 | Target: 30.00 | One-way latency: -56.89ms
DEBUG 2026-09-03 09:50:55 y_server.py:201 Server timestamp: 1788396655.892971 | Client timestamp: 1788396655.949863 | Deserialization time: 0.006032s
DEBUG 2026-09-03 09:50:55 y_server.py:278 Skipping observation #269 - Observation too similar to last obs predicted!
DEBUG 2026-09-03 09:50:55 y_server.py:210 Observation #269 has been filtered out
DEBUG 2026-09-03 09:50:55 y_server.py:176 Receiving observations from ipv4:192.168.100.50:43068
INFO 2026-09-03 09:50:55 ort/utils.py:78 <Logger policy_server (NOTSET)> Starting receiver
DEBUG 2026-09-03 09:50:55 ort/utils.py:80 <Logger policy_server (NOTSET)> Received item
DEBUG 2026-09-03 09:50:55 ort/utils.py:89 <Logger policy_server (NOTSET)> Received data at step 0
DEBUG 2026-09-03 09:50:55 ort/utils.py:80 <Logger policy_server (NOTSET)> Received item
DEBUG 2026-09-03 09:50:55 ort/utils.py:97 <Logger policy_server (NOTSET)> Received data at step end size 2766008
DEBUG 2026-09-03 09:50:55 y_server.py:186 Received observation #270
DEBUG 2026-09-03 09:50:55 y_server.py:194 Received observation #270 | Avg FPS: 18.05 | Target: 30.00 | One-way latency: -56.93ms
DEBUG 2026-09-03 09:50:55 y_server.py:201 Server timestamp: 1788396655.933238 | Client timestamp: 1788396655.990170 | Deserialization time: 0.006257s
DEBUG 2026-09-03 09:50:55 y_server.py:278 Skipping observation #270 - Observation too similar to last obs predicted!
DEBUG 2026-09-03 09:50:55 y_server.py:210 Observation #270 has been filtered out
DEBUG 2026-09-03 09:50:55 y_server.py:176 Receiving observations from ipv4:192.168.100.50:43068
INFO 2026-09-03 09:50:55 ort/utils.py:78 <Logger policy_server (NOTSET)> Starting receiver
DEBUG 2026-09-03 09:50:55 ort/utils.py:80 <Logger policy_server (NOTSET)> Received item
DEBUG 2026-09-03 09:50:55 ort/utils.py:89 <Logger policy_server (NOTSET)> Received data at step 0
DEBUG 2026-09-03 09:50:55 ort/utils.py:80 <Logger policy_server (NOTSET)> Received item
DEBUG 2026-09-03 09:50:55 ort/utils.py:97 <Logger policy_server (NOTSET)> Received data at step end size 2766008
DEBUG 2026-09-03 09:50:55 y_server.py:186 Received observation #271
DEBUG 2026-09-03 09:50:55 y_server.py:194 Received observation #271 | Avg FPS: 18.08 | Target: 30.00 | One-way latency: -56.29ms
DEBUG 2026-09-03 09:50:55 y_server.py:201 Server timestamp: 1788396655.967950 | Client timestamp: 1788396656.024237 | Deserialization time: 0.006839s
DEBUG 2026-09-03 09:50:55 y_server.py:278 Skipping observation #271 - Observation too similar to last obs predicted!
DEBUG 2026-09-03 09:50:55 y_server.py:210 Observation #271 has been filtered out
DEBUG 2026-09-03 09:50:56 y_server.py:176 Receiving observations from ipv4:192.168.100.50:43068
INFO 2026-09-03 09:50:56 ort/utils.py:78 <Logger policy_server (NOTSET)> Starting receiver
DEBUG 2026-09-03 09:50:56 ort/utils.py:80 <Logger policy_server (NOTSET)> Received item
DEBUG 2026-09-03 09:50:56 ort/utils.py:89 <Logger policy_server (NOTSET)> Received data at step 0
DEBUG 2026-09-03 09:50:56 ort/utils.py:80 <Logger policy_server (NOTSET)> Received item
DEBUG 2026-09-03 09:50:56 ort/utils.py:97 <Logger policy_server (NOTSET)> Received data at step end size 2766008
DEBUG 2026-09-03 09:50:56 y_server.py:186 Received observation #272
DEBUG 2026-09-03 09:50:56 y_server.py:194 Received observation #272 | Avg FPS: 18.10 | Target: 30.00 | One-way latency: -57.32ms
DEBUG 2026-09-03 09:50:56 y_server.py:201 Server timestamp: 1788396656.007664 | Client timestamp: 1788396656.064985 | Deserialization time: 0.010374s
DEBUG 2026-09-03 09:50:56 y_server.py:278 Skipping observation #272 - Observation too similar to last obs predicted!
DEBUG 2026-09-03 09:50:56 y_server.py:210 Observation #272 has been filtered out
DEBUG 2026-09-03 09:50:56 y_server.py:176 Receiving observations from ipv4:192.168.100.50:43068
INFO 2026-09-03 09:50:56 ort/utils.py:78 <Logger policy_server (NOTSET)> Starting receiver
DEBUG 2026-09-03 09:50:56 ort/utils.py:80 <Logger policy_server (NOTSET)> Received item
DEBUG 2026-09-03 09:50:56 ort/utils.py:89 <Logger policy_server (NOTSET)> Received data at step 0
DEBUG 2026-09-03 09:50:56 ort/utils.py:80 <Logger policy_server (NOTSET)> Received item
DEBUG 2026-09-03 09:50:56 ort/utils.py:97 <Logger policy_server (NOTSET)> Received data at step end size 2766008
DEBUG 2026-09-03 09:50:56 y_server.py:186 Received observation #273
DEBUG 2026-09-03 09:50:56 y_server.py:194 Received observation #273 | Avg FPS: 18.12 | Target: 30.00 | One-way latency: -57.37ms
DEBUG 2026-09-03 09:50:56 y_server.py:201 Server timestamp: 1788396656.042712 | Client timestamp: 1788396656.100080 | Deserialization time: 0.007841s
DEBUG 2026-09-03 09:50:56 y_server.py:278 Skipping observation #273 - Observation too similar to last obs predicted!
DEBUG 2026-09-03 09:50:56 y_server.py:210 Observation #273 has been filtered out
DEBUG 2026-09-03 09:50:56 y_server.py:176 Receiving observations from ipv4:192.168.100.50:43068
INFO 2026-09-03 09:50:56 ort/utils.py:78 <Logger policy_server (NOTSET)> Starting receiver
DEBUG 2026-09-03 09:50:56 ort/utils.py:80 <Logger policy_server (NOTSET)> Received item
DEBUG 2026-09-03 09:50:56 ort/utils.py:89 <Logger policy_server (NOTSET)> Received data at step 0
DEBUG 2026-09-03 09:50:56 ort/utils.py:80 <Logger policy_server (NOTSET)> Received item
DEBUG 2026-09-03 09:50:56 ort/utils.py:97 <Logger policy_server (NOTSET)> Received data at step end size 2766008
DEBUG 2026-09-03 09:50:56 y_server.py:186 Received observation #274
DEBUG 2026-09-03 09:50:56 y_server.py:194 Received observation #274 | Avg FPS: 18.16 | Target: 30.00 | One-way latency: -56.52ms
DEBUG 2026-09-03 09:50:56 y_server.py:201 Server timestamp: 1788396656.069916 | Client timestamp: 1788396656.126436 | Deserialization time: 0.006712s
DEBUG 2026-09-03 09:50:56 y_server.py:278 Skipping observation #274 - Observation too similar to last obs predicted!
DEBUG 2026-09-03 09:50:56 y_server.py:210 Observation #274 has been filtered out
DEBUG 2026-09-03 09:50:56 y_server.py:176 Receiving observations from ipv4:192.168.100.50:43068
INFO 2026-09-03 09:50:56 ort/utils.py:78 <Logger policy_server (NOTSET)> Starting receiver
DEBUG 2026-09-03 09:50:56 ort/utils.py:80 <Logger policy_server (NOTSET)> Received item
DEBUG 2026-09-03 09:50:56 ort/utils.py:89 <Logger policy_server (NOTSET)> Received data at step 0
DEBUG 2026-09-03 09:50:56 ort/utils.py:80 <Logger policy_server (NOTSET)> Received item
DEBUG 2026-09-03 09:50:56 ort/utils.py:97 <Logger policy_server (NOTSET)> Received data at step end size 2766008
DEBUG 2026-09-03 09:50:56 y_server.py:186 Received observation #275
DEBUG 2026-09-03 09:50:56 y_server.py:194 Received observation #275 | Avg FPS: 18.18 | Target: 30.00 | One-way latency: -57.16ms
DEBUG 2026-09-03 09:50:56 y_server.py:201 Server timestamp: 1788396656.106437 | Client timestamp: 1788396656.163600 | Deserialization time: 0.011446s
DEBUG 2026-09-03 09:50:56 y_server.py:278 Skipping observation #275 - Observation too similar to last obs predicted!
DEBUG 2026-09-03 09:50:56 y_server.py:210 Observation #275 has been filtered out
DEBUG 2026-09-03 09:50:56 y_server.py:176 Receiving observations from ipv4:192.168.100.50:43068
INFO 2026-09-03 09:50:56 ort/utils.py:78 <Logger policy_server (NOTSET)> Starting receiver
DEBUG 2026-09-03 09:50:56 ort/utils.py:80 <Logger policy_server (NOTSET)> Received item
DEBUG 2026-09-03 09:50:56 ort/utils.py:89 <Logger policy_server (NOTSET)> Received data at step 0
DEBUG 2026-09-03 09:50:56 ort/utils.py:80 <Logger policy_server (NOTSET)> Received item
DEBUG 2026-09-03 09:50:56 ort/utils.py:97 <Logger policy_server (NOTSET)> Received data at step end size 2766008
DEBUG 2026-09-03 09:50:56 y_server.py:186 Received observation #276
DEBUG 2026-09-03 09:50:56 y_server.py:194 Received observation #276 | Avg FPS: 18.20 | Target: 30.00 | One-way latency: -57.17ms
DEBUG 2026-09-03 09:50:56 y_server.py:201 Server timestamp: 1788396656.144451 | Client timestamp: 1788396656.201623 | Deserialization time: 0.011192s
DEBUG 2026-09-03 09:50:56 y_server.py:278 Skipping observation #276 - Observation too similar to last obs predicted!
DEBUG 2026-09-03 09:50:56 y_server.py:210 Observation #276 has been filtered out
DEBUG 2026-09-03 09:50:56 y_server.py:176 Receiving observations from ipv4:192.168.100.50:43068
INFO 2026-09-03 09:50:56 ort/utils.py:78 <Logger policy_server (NOTSET)> Starting receiver
DEBUG 2026-09-03 09:50:56 ort/utils.py:80 <Logger policy_server (NOTSET)> Received item
DEBUG 2026-09-03 09:50:56 ort/utils.py:89 <Logger policy_server (NOTSET)> Received data at step 0
DEBUG 2026-09-03 09:50:56 ort/utils.py:80 <Logger policy_server (NOTSET)> Received item
DEBUG 2026-09-03 09:50:56 ort/utils.py:97 <Logger policy_server (NOTSET)> Received data at step end size 2766008
DEBUG 2026-09-03 09:50:56 y_server.py:186 Received observation #277
DEBUG 2026-09-03 09:50:56 y_server.py:194 Received observation #277 | Avg FPS: 18.23 | Target: 30.00 | One-way latency: -57.36ms
DEBUG 2026-09-03 09:50:56 y_server.py:201 Server timestamp: 1788396656.179282 | Client timestamp: 1788396656.236644 | Deserialization time: 0.009744s
DEBUG 2026-09-03 09:50:56 y_server.py:278 Skipping observation #277 - Observation too similar to last obs predicted!
DEBUG 2026-09-03 09:50:56 y_server.py:210 Observation #277 has been filtered out
DEBUG 2026-09-03 09:50:56 y_server.py:176 Receiving observations from ipv4:192.168.100.50:43068
INFO 2026-09-03 09:50:56 ort/utils.py:78 <Logger policy_server (NOTSET)> Starting receiver
DEBUG 2026-09-03 09:50:56 ort/utils.py:80 <Logger policy_server (NOTSET)> Received item
DEBUG 2026-09-03 09:50:56 ort/utils.py:89 <Logger policy_server (NOTSET)> Received data at step 0
DEBUG 2026-09-03 09:50:56 ort/utils.py:80 <Logger policy_server (NOTSET)> Received item
DEBUG 2026-09-03 09:50:56 ort/utils.py:97 <Logger policy_server (NOTSET)> Received data at step end size 2766008
DEBUG 2026-09-03 09:50:56 y_server.py:186 Received observation #278
DEBUG 2026-09-03 09:50:56 y_server.py:194 Received observation #278 | Avg FPS: 18.25 | Target: 30.00 | One-way latency: -47.54ms
DEBUG 2026-09-03 09:50:56 y_server.py:201 Server timestamp: 1788396656.220779 | Client timestamp: 1788396656.268316 | Deserialization time: 0.023146s
DEBUG 2026-09-03 09:50:56 y_server.py:278 Skipping observation #278 - Observation too similar to last obs predicted!
DEBUG 2026-09-03 09:50:56 y_server.py:210 Observation #278 has been filtered out
DEBUG 2026-09-03 09:50:56 y_server.py:176 Receiving observations from ipv4:192.168.100.50:43068
INFO 2026-09-03 09:50:56 ort/utils.py:78 <Logger policy_server (NOTSET)> Starting receiver
DEBUG 2026-09-03 09:50:56 ort/utils.py:80 <Logger policy_server (NOTSET)> Received item
DEBUG 2026-09-03 09:50:56 ort/utils.py:89 <Logger policy_server (NOTSET)> Received data at step 0
DEBUG 2026-09-03 09:50:56 ort/utils.py:80 <Logger policy_server (NOTSET)> Received item
DEBUG 2026-09-03 09:50:56 ort/utils.py:97 <Logger policy_server (NOTSET)> Received data at step end size 2766008
DEBUG 2026-09-03 09:50:56 y_server.py:186 Received observation #279
DEBUG 2026-09-03 09:50:56 y_server.py:194 Received observation #279 | Avg FPS: 18.28 | Target: 30.00 | One-way latency: -57.01ms
DEBUG 2026-09-03 09:50:56 y_server.py:201 Server timestamp: 1788396656.249208 | Client timestamp: 1788396656.306217 | Deserialization time: 0.006446s
DEBUG 2026-09-03 09:50:56 y_server.py:278 Skipping observation #279 - Observation too similar to last obs predicted!
DEBUG 2026-09-03 09:50:56 y_server.py:210 Observation #279 has been filtered out
DEBUG 2026-09-03 09:50:56 y_server.py:176 Receiving observations from ipv4:192.168.100.50:43068
INFO 2026-09-03 09:50:56 ort/utils.py:78 <Logger policy_server (NOTSET)> Starting receiver
DEBUG 2026-09-03 09:50:56 ort/utils.py:80 <Logger policy_server (NOTSET)> Received item
DEBUG 2026-09-03 09:50:56 ort/utils.py:89 <Logger policy_server (NOTSET)> Received data at step 0
DEBUG 2026-09-03 09:50:56 ort/utils.py:80 <Logger policy_server (NOTSET)> Received item
DEBUG 2026-09-03 09:50:56 ort/utils.py:97 <Logger policy_server (NOTSET)> Received data at step end size 2766008
DEBUG 2026-09-03 09:50:56 y_server.py:186 Received observation #280
DEBUG 2026-09-03 09:50:56 y_server.py:194 Received observation #280 | Avg FPS: 18.30 | Target: 30.00 | One-way latency: -55.22ms
DEBUG 2026-09-03 09:50:56 y_server.py:201 Server timestamp: 1788396656.283915 | Client timestamp: 1788396656.339135 | Deserialization time: 0.007754s
DEBUG 2026-09-03 09:50:56 y_server.py:278 Skipping observation #280 - Observation too similar to last obs predicted!
DEBUG 2026-09-03 09:50:56 y_server.py:210 Observation #280 has been filtered out
DEBUG 2026-09-03 09:50:56 y_server.py:176 Receiving observations from ipv4:192.168.100.50:43068
INFO 2026-09-03 09:50:56 ort/utils.py:78 <Logger policy_server (NOTSET)> Starting receiver
DEBUG 2026-09-03 09:50:56 ort/utils.py:80 <Logger policy_server (NOTSET)> Received item
DEBUG 2026-09-03 09:50:56 ort/utils.py:89 <Logger policy_server (NOTSET)> Received data at step 0
DEBUG 2026-09-03 09:50:56 ort/utils.py:80 <Logger policy_server (NOTSET)> Received item
DEBUG 2026-09-03 09:50:56 ort/utils.py:97 <Logger policy_server (NOTSET)> Received data at step end size 2766008
DEBUG 2026-09-03 09:50:56 y_server.py:186 Received observation #281
DEBUG 2026-09-03 09:50:56 y_server.py:194 Received observation #281 | Avg FPS: 18.32 | Target: 30.00 | One-way latency: -56.91ms
DEBUG 2026-09-03 09:50:56 y_server.py:201 Server timestamp: 1788396656.319318 | Client timestamp: 1788396656.376231 | Deserialization time: 0.012221s
DEBUG 2026-09-03 09:50:56 y_server.py:278 Skipping observation #281 - Observation too similar to last obs predicted!
DEBUG 2026-09-03 09:50:56 y_server.py:210 Observation #281 has been filtered out
DEBUG 2026-09-03 09:50:56 y_server.py:176 Receiving observations from ipv4:192.168.100.50:43068
INFO 2026-09-03 09:50:56 ort/utils.py:78 <Logger policy_server (NOTSET)> Starting receiver
DEBUG 2026-09-03 09:50:56 ort/utils.py:80 <Logger policy_server (NOTSET)> Received item
DEBUG 2026-09-03 09:50:56 ort/utils.py:89 <Logger policy_server (NOTSET)> Received data at step 0
DEBUG 2026-09-03 09:50:56 ort/utils.py:80 <Logger policy_server (NOTSET)> Received item
DEBUG 2026-09-03 09:50:56 ort/utils.py:97 <Logger policy_server (NOTSET)> Received data at step end size 2766008
DEBUG 2026-09-03 09:50:56 y_server.py:186 Received observation #282
DEBUG 2026-09-03 09:50:56 y_server.py:194 Received observation #282 | Avg FPS: 18.35 | Target: 30.00 | One-way latency: -57.54ms
DEBUG 2026-09-03 09:50:56 y_server.py:201 Server timestamp: 1788396656.351805 | Client timestamp: 1788396656.409347 | Deserialization time: 0.006218s
DEBUG 2026-09-03 09:50:56 y_server.py:278 Skipping observation #282 - Observation too similar to last obs predicted!
DEBUG 2026-09-03 09:50:56 y_server.py:210 Observation #282 has been filtered out
DEBUG 2026-09-03 09:50:56 y_server.py:176 Receiving observations from ipv4:192.168.100.50:43068
INFO 2026-09-03 09:50:56 ort/utils.py:78 <Logger policy_server (NOTSET)> Starting receiver
DEBUG 2026-09-03 09:50:56 ort/utils.py:80 <Logger policy_server (NOTSET)> Received item
DEBUG 2026-09-03 09:50:56 ort/utils.py:89 <Logger policy_server (NOTSET)> Received data at step 0
DEBUG 2026-09-03 09:50:56 ort/utils.py:80 <Logger policy_server (NOTSET)> Received item
DEBUG 2026-09-03 09:50:56 ort/utils.py:97 <Logger policy_server (NOTSET)> Received data at step end size 2766008
DEBUG 2026-09-03 09:50:56 y_server.py:186 Received observation #283
DEBUG 2026-09-03 09:50:56 y_server.py:194 Received observation #283 | Avg FPS: 18.37 | Target: 30.00 | One-way latency: -56.49ms
DEBUG 2026-09-03 09:50:56 y_server.py:201 Server timestamp: 1788396656.390803 | Client timestamp: 1788396656.447289 | Deserialization time: 0.011193s
DEBUG 2026-09-03 09:50:56 y_server.py:278 Skipping observation #283 - Observation too similar to last obs predicted!
DEBUG 2026-09-03 09:50:56 y_server.py:210 Observation #283 has been filtered out
DEBUG 2026-09-03 09:50:56 y_server.py:176 Receiving observations from ipv4:192.168.100.50:43068
INFO 2026-09-03 09:50:56 ort/utils.py:78 <Logger policy_server (NOTSET)> Starting receiver
DEBUG 2026-09-03 09:50:56 ort/utils.py:80 <Logger policy_server (NOTSET)> Received item
DEBUG 2026-09-03 09:50:56 ort/utils.py:89 <Logger policy_server (NOTSET)> Received data at step 0
DEBUG 2026-09-03 09:50:56 ort/utils.py:80 <Logger policy_server (NOTSET)> Received item
DEBUG 2026-09-03 09:50:56 ort/utils.py:97 <Logger policy_server (NOTSET)> Received data at step end size 2766008
DEBUG 2026-09-03 09:50:56 y_server.py:186 Received observation #284
DEBUG 2026-09-03 09:50:56 y_server.py:194 Received observation #284 | Avg FPS: 18.40 | Target: 30.00 | One-way latency: -57.55ms
DEBUG 2026-09-03 09:50:56 y_server.py:201 Server timestamp: 1788396656.420367 | Client timestamp: 1788396656.477915 | Deserialization time: 0.008273s
DEBUG 2026-09-03 09:50:56 y_server.py:278 Skipping observation #284 - Observation too similar to last obs predicted!
DEBUG 2026-09-03 09:50:56 y_server.py:210 Observation #284 has been filtered out
DEBUG 2026-09-03 09:50:56 y_server.py:176 Receiving observations from ipv4:192.168.100.50:43068
INFO 2026-09-03 09:50:56 ort/utils.py:78 <Logger policy_server (NOTSET)> Starting receiver
DEBUG 2026-09-03 09:50:56 ort/utils.py:80 <Logger policy_server (NOTSET)> Received item
DEBUG 2026-09-03 09:50:56 ort/utils.py:89 <Logger policy_server (NOTSET)> Received data at step 0
DEBUG 2026-09-03 09:50:56 ort/utils.py:80 <Logger policy_server (NOTSET)> Received item
DEBUG 2026-09-03 09:50:56 ort/utils.py:97 <Logger policy_server (NOTSET)> Received data at step end size 2766008
DEBUG 2026-09-03 09:50:56 y_server.py:186 Received observation #285
DEBUG 2026-09-03 09:50:56 y_server.py:194 Received observation #285 | Avg FPS: 18.43 | Target: 30.00 | One-way latency: -57.65ms
DEBUG 2026-09-03 09:50:56 y_server.py:201 Server timestamp: 1788396656.453915 | Client timestamp: 1788396656.511567 | Deserialization time: 0.006798s
DEBUG 2026-09-03 09:50:56 y_server.py:278 Skipping observation #285 - Observation too similar to last obs predicted!
DEBUG 2026-09-03 09:50:56 y_server.py:210 Observation #285 has been filtered out
DEBUG 2026-09-03 09:50:56 y_server.py:176 Receiving observations from ipv4:192.168.100.50:43068
INFO 2026-09-03 09:50:56 ort/utils.py:78 <Logger policy_server (NOTSET)> Starting receiver
DEBUG 2026-09-03 09:50:56 ort/utils.py:80 <Logger policy_server (NOTSET)> Received item
DEBUG 2026-09-03 09:50:56 ort/utils.py:89 <Logger policy_server (NOTSET)> Received data at step 0
DEBUG 2026-09-03 09:50:56 ort/utils.py:80 <Logger policy_server (NOTSET)> Received item
DEBUG 2026-09-03 09:50:56 ort/utils.py:97 <Logger policy_server (NOTSET)> Received data at step end size 2766008
DEBUG 2026-09-03 09:50:56 y_server.py:186 Received observation #286
DEBUG 2026-09-03 09:50:56 y_server.py:194 Received observation #286 | Avg FPS: 18.45 | Target: 30.00 | One-way latency: -57.20ms
DEBUG 2026-09-03 09:50:56 y_server.py:201 Server timestamp: 1788396656.487955 | Client timestamp: 1788396656.545153 | Deserialization time: 0.005626s
DEBUG 2026-09-03 09:50:56 y_server.py:278 Skipping observation #286 - Observation too similar to last obs predicted!
DEBUG 2026-09-03 09:50:56 y_server.py:210 Observation #286 has been filtered out
DEBUG 2026-09-03 09:50:56 y_server.py:176 Receiving observations from ipv4:192.168.100.50:43068
INFO 2026-09-03 09:50:56 ort/utils.py:78 <Logger policy_server (NOTSET)> Starting receiver
DEBUG 2026-09-03 09:50:56 ort/utils.py:80 <Logger policy_server (NOTSET)> Received item
DEBUG 2026-09-03 09:50:56 ort/utils.py:89 <Logger policy_server (NOTSET)> Received data at step 0
DEBUG 2026-09-03 09:50:56 ort/utils.py:80 <Logger policy_server (NOTSET)> Received item
DEBUG 2026-09-03 09:50:56 ort/utils.py:97 <Logger policy_server (NOTSET)> Received data at step end size 2766008
DEBUG 2026-09-03 09:50:56 y_server.py:186 Received observation #287
DEBUG 2026-09-03 09:50:56 y_server.py:194 Received observation #287 | Avg FPS: 18.48 | Target: 30.00 | One-way latency: -52.75ms
DEBUG 2026-09-03 09:50:56 y_server.py:201 Server timestamp: 1788396656.527783 | Client timestamp: 1788396656.580537 | Deserialization time: 0.013265s
DEBUG 2026-09-03 09:50:56 y_server.py:278 Skipping observation #287 - Observation too similar to last obs predicted!
DEBUG 2026-09-03 09:50:56 y_server.py:210 Observation #287 has been filtered out
DEBUG 2026-09-03 09:50:56 y_server.py:176 Receiving observations from ipv4:192.168.100.50:43068
INFO 2026-09-03 09:50:56 ort/utils.py:78 <Logger policy_server (NOTSET)> Starting receiver
DEBUG 2026-09-03 09:50:56 ort/utils.py:80 <Logger policy_server (NOTSET)> Received item
DEBUG 2026-09-03 09:50:56 ort/utils.py:89 <Logger policy_server (NOTSET)> Received data at step 0
DEBUG 2026-09-03 09:50:56 ort/utils.py:80 <Logger policy_server (NOTSET)> Received item
DEBUG 2026-09-03 09:50:56 ort/utils.py:97 <Logger policy_server (NOTSET)> Received data at step end size 2766008
DEBUG 2026-09-03 09:50:56 y_server.py:186 Received observation #288
DEBUG 2026-09-03 09:50:56 y_server.py:194 Received observation #288 | Avg FPS: 18.50 | Target: 30.00 | One-way latency: -56.83ms
DEBUG 2026-09-03 09:50:56 y_server.py:201 Server timestamp: 1788396656.556741 | Client timestamp: 1788396656.613566 | Deserialization time: 0.007327s
DEBUG 2026-09-03 09:50:56 y_server.py:278 Skipping observation #288 - Observation too similar to last obs predicted!
DEBUG 2026-09-03 09:50:56 y_server.py:210 Observation #288 has been filtered out
DEBUG 2026-09-03 09:50:56 y_server.py:176 Receiving observations from ipv4:192.168.100.50:43068
INFO 2026-09-03 09:50:56 ort/utils.py:78 <Logger policy_server (NOTSET)> Starting receiver
DEBUG 2026-09-03 09:50:56 ort/utils.py:80 <Logger policy_server (NOTSET)> Received item
DEBUG 2026-09-03 09:50:56 ort/utils.py:89 <Logger policy_server (NOTSET)> Received data at step 0
DEBUG 2026-09-03 09:50:56 ort/utils.py:80 <Logger policy_server (NOTSET)> Received item
DEBUG 2026-09-03 09:50:56 ort/utils.py:97 <Logger policy_server (NOTSET)> Received data at step end size 2766008
DEBUG 2026-09-03 09:50:56 y_server.py:186 Received observation #289
DEBUG 2026-09-03 09:50:56 y_server.py:194 Received observation #289 | Avg FPS: 18.53 | Target: 30.00 | One-way latency: -57.53ms
DEBUG 2026-09-03 09:50:56 y_server.py:201 Server timestamp: 1788396656.589807 | Client timestamp: 1788396656.647338 | Deserialization time: 0.007929s
DEBUG 2026-09-03 09:50:56 y_server.py:278 Skipping observation #289 - Observation too similar to last obs predicted!
DEBUG 2026-09-03 09:50:56 y_server.py:210 Observation #289 has been filtered out
DEBUG 2026-09-03 09:50:56 y_server.py:176 Receiving observations from ipv4:192.168.100.50:43068
INFO 2026-09-03 09:50:56 ort/utils.py:78 <Logger policy_server (NOTSET)> Starting receiver
DEBUG 2026-09-03 09:50:56 ort/utils.py:80 <Logger policy_server (NOTSET)> Received item
DEBUG 2026-09-03 09:50:56 ort/utils.py:89 <Logger policy_server (NOTSET)> Received data at step 0
DEBUG 2026-09-03 09:50:56 ort/utils.py:80 <Logger policy_server (NOTSET)> Received item
DEBUG 2026-09-03 09:50:56 ort/utils.py:97 <Logger policy_server (NOTSET)> Received data at step end size 2766008
DEBUG 2026-09-03 09:50:56 y_server.py:186 Received observation #290
DEBUG 2026-09-03 09:50:56 y_server.py:194 Received observation #290 | Avg FPS: 18.55 | Target: 30.00 | One-way latency: -57.44ms
DEBUG 2026-09-03 09:50:56 y_server.py:201 Server timestamp: 1788396656.623840 | Client timestamp: 1788396656.681283 | Deserialization time: 0.007460s
DEBUG 2026-09-03 09:50:56 y_server.py:278 Skipping observation #290 - Observation too similar to last obs predicted!
DEBUG 2026-09-03 09:50:56 y_server.py:210 Observation #290 has been filtered out
DEBUG 2026-09-03 09:50:56 y_server.py:176 Receiving observations from ipv4:192.168.100.50:43068
INFO 2026-09-03 09:50:56 ort/utils.py:78 <Logger policy_server (NOTSET)> Starting receiver
DEBUG 2026-09-03 09:50:56 ort/utils.py:80 <Logger policy_server (NOTSET)> Received item
DEBUG 2026-09-03 09:50:56 ort/utils.py:89 <Logger policy_server (NOTSET)> Received data at step 0
DEBUG 2026-09-03 09:50:56 ort/utils.py:80 <Logger policy_server (NOTSET)> Received item
DEBUG 2026-09-03 09:50:56 ort/utils.py:97 <Logger policy_server (NOTSET)> Received data at step end size 2766008
DEBUG 2026-09-03 09:50:56 y_server.py:186 Received observation #291
DEBUG 2026-09-03 09:50:56 y_server.py:194 Received observation #291 | Avg FPS: 18.56 | Target: 30.00 | One-way latency: -56.98ms
DEBUG 2026-09-03 09:50:56 y_server.py:201 Server timestamp: 1788396656.669762 | Client timestamp: 1788396656.726742 | Deserialization time: 0.019250s
DEBUG 2026-09-03 09:50:56 y_server.py:278 Skipping observation #291 - Observation too similar to last obs predicted!
DEBUG 2026-09-03 09:50:56 y_server.py:210 Observation #291 has been filtered out
DEBUG 2026-09-03 09:50:56 y_server.py:176 Receiving observations from ipv4:192.168.100.50:43068
INFO 2026-09-03 09:50:56 ort/utils.py:78 <Logger policy_server (NOTSET)> Starting receiver
DEBUG 2026-09-03 09:50:56 ort/utils.py:80 <Logger policy_server (NOTSET)> Received item
DEBUG 2026-09-03 09:50:56 ort/utils.py:89 <Logger policy_server (NOTSET)> Received data at step 0
DEBUG 2026-09-03 09:50:56 ort/utils.py:80 <Logger policy_server (NOTSET)> Received item
DEBUG 2026-09-03 09:50:56 ort/utils.py:97 <Logger policy_server (NOTSET)> Received data at step end size 2766008
DEBUG 2026-09-03 09:50:56 y_server.py:186 Received observation #292
DEBUG 2026-09-03 09:50:56 y_server.py:194 Received observation #292 | Avg FPS: 18.59 | Target: 30.00 | One-way latency: -57.62ms
DEBUG 2026-09-03 09:50:56 y_server.py:201 Server timestamp: 1788396656.702029 | Client timestamp: 1788396656.759650 | Deserialization time: 0.008956s
DEBUG 2026-09-03 09:50:56 y_server.py:278 Skipping observation #292 - Observation too similar to last obs predicted!
DEBUG 2026-09-03 09:50:56 y_server.py:210 Observation #292 has been filtered out
DEBUG 2026-09-03 09:50:56 y_server.py:176 Receiving observations from ipv4:192.168.100.50:43068
INFO 2026-09-03 09:50:56 ort/utils.py:78 <Logger policy_server (NOTSET)> Starting receiver
DEBUG 2026-09-03 09:50:56 ort/utils.py:80 <Logger policy_server (NOTSET)> Received item
DEBUG 2026-09-03 09:50:56 ort/utils.py:89 <Logger policy_server (NOTSET)> Received data at step 0
DEBUG 2026-09-03 09:50:56 ort/utils.py:80 <Logger policy_server (NOTSET)> Received item
DEBUG 2026-09-03 09:50:56 ort/utils.py:97 <Logger policy_server (NOTSET)> Received data at step end size 2766008
DEBUG 2026-09-03 09:50:56 y_server.py:186 Received observation #293
DEBUG 2026-09-03 09:50:56 y_server.py:194 Received observation #293 | Avg FPS: 18.61 | Target: 30.00 | One-way latency: -57.56ms
DEBUG 2026-09-03 09:50:56 y_server.py:201 Server timestamp: 1788396656.740934 | Client timestamp: 1788396656.798490 | Deserialization time: 0.014499s
DEBUG 2026-09-03 09:50:56 y_server.py:278 Skipping observation #293 - Observation too similar to last obs predicted!
DEBUG 2026-09-03 09:50:56 y_server.py:210 Observation #293 has been filtered out
DEBUG 2026-09-03 09:50:56 y_server.py:176 Receiving observations from ipv4:192.168.100.50:43068
INFO 2026-09-03 09:50:56 ort/utils.py:78 <Logger policy_server (NOTSET)> Starting receiver
DEBUG 2026-09-03 09:50:56 ort/utils.py:80 <Logger policy_server (NOTSET)> Received item
DEBUG 2026-09-03 09:50:56 ort/utils.py:89 <Logger policy_server (NOTSET)> Received data at step 0
DEBUG 2026-09-03 09:50:56 ort/utils.py:80 <Logger policy_server (NOTSET)> Received item
DEBUG 2026-09-03 09:50:56 ort/utils.py:97 <Logger policy_server (NOTSET)> Received data at step end size 2766008
DEBUG 2026-09-03 09:50:56 y_server.py:186 Received observation #294
DEBUG 2026-09-03 09:50:56 y_server.py:194 Received observation #294 | Avg FPS: 18.63 | Target: 30.00 | One-way latency: -57.01ms
DEBUG 2026-09-03 09:50:56 y_server.py:201 Server timestamp: 1788396656.777548 | Client timestamp: 1788396656.834554 | Deserialization time: 0.006677s
DEBUG 2026-09-03 09:50:56 y_server.py:296 Enqueuing observation. Must go: True | Last processed obs: 245
INFO 2026-09-03 09:50:56 y_server.py:224 Running inference for observation #294 (must_go: True)
DEBUG 2026-09-03 09:50:56 y_server.py:176 Receiving observations from ipv4:192.168.100.50:43068
INFO 2026-09-03 09:50:56 ort/utils.py:78 <Logger policy_server (NOTSET)> Starting receiver
DEBUG 2026-09-03 09:50:56 ort/utils.py:80 <Logger policy_server (NOTSET)> Received item
DEBUG 2026-09-03 09:50:56 ort/utils.py:89 <Logger policy_server (NOTSET)> Received data at step 0
DEBUG 2026-09-03 09:50:56 ort/utils.py:80 <Logger policy_server (NOTSET)> Received item
DEBUG 2026-09-03 09:50:56 ort/utils.py:97 <Logger policy_server (NOTSET)> Received data at step end size 2766008
DEBUG 2026-09-03 09:50:56 y_server.py:186 Received observation #294
DEBUG 2026-09-03 09:50:56 y_server.py:194 Received observation #294 | Avg FPS: 18.65 | Target: 30.00 | One-way latency: -57.49ms
DEBUG 2026-09-03 09:50:56 y_server.py:201 Server timestamp: 1788396656.809340 | Client timestamp: 1788396656.866834 | Deserialization time: 0.006708s
DEBUG 2026-09-03 09:50:56 y_server.py:274 Skipping observation #294 - Timestep predicted already!
DEBUG 2026-09-03 09:50:56 y_server.py:210 Observation #294 has been filtered out
DEBUG 2026-09-03 09:50:56 y_server.py:176 Receiving observations from ipv4:192.168.100.50:43068
INFO 2026-09-03 09:50:56 ort/utils.py:78 <Logger policy_server (NOTSET)> Starting receiver
DEBUG 2026-09-03 09:50:56 ort/utils.py:80 <Logger policy_server (NOTSET)> Received item
DEBUG 2026-09-03 09:50:56 ort/utils.py:89 <Logger policy_server (NOTSET)> Received data at step 0
DEBUG 2026-09-03 09:50:56 ort/utils.py:80 <Logger policy_server (NOTSET)> Received item
DEBUG 2026-09-03 09:50:56 ort/utils.py:97 <Logger policy_server (NOTSET)> Received data at step end size 2766008
DEBUG 2026-09-03 09:50:56 y_server.py:186 Received observation #294
DEBUG 2026-09-03 09:50:56 y_server.py:194 Received observation #294 | Avg FPS: 18.68 | Target: 30.00 | One-way latency: -57.43ms
DEBUG 2026-09-03 09:50:56 y_server.py:201 Server timestamp: 1788396656.843420 | Client timestamp: 1788396656.900846 | Deserialization time: 0.006608s
DEBUG 2026-09-03 09:50:56 y_server.py:274 Skipping observation #294 - Timestep predicted already!
DEBUG 2026-09-03 09:50:56 y_server.py:210 Observation #294 has been filtered out
DEBUG 2026-09-03 09:50:56 y_server.py:176 Receiving observations from ipv4:192.168.100.50:43068
INFO 2026-09-03 09:50:56 ort/utils.py:78 <Logger policy_server (NOTSET)> Starting receiver
DEBUG 2026-09-03 09:50:56 ort/utils.py:80 <Logger policy_server (NOTSET)> Received item
DEBUG 2026-09-03 09:50:56 ort/utils.py:89 <Logger policy_server (NOTSET)> Received data at step 0
DEBUG 2026-09-03 09:50:56 ort/utils.py:80 <Logger policy_server (NOTSET)> Received item
DEBUG 2026-09-03 09:50:56 ort/utils.py:97 <Logger policy_server (NOTSET)> Received data at step end size 2766008
DEBUG 2026-09-03 09:50:56 y_server.py:186 Received observation #294
DEBUG 2026-09-03 09:50:56 y_server.py:194 Received observation #294 | Avg FPS: 18.69 | Target: 30.00 | One-way latency: -57.16ms
DEBUG 2026-09-03 09:50:56 y_server.py:201 Server timestamp: 1788396656.887467 | Client timestamp: 1788396656.944632 | Deserialization time: 0.026401s
DEBUG 2026-09-03 09:50:56 y_server.py:274 Skipping observation #294 - Timestep predicted already!
DEBUG 2026-09-03 09:50:56 y_server.py:210 Observation #294 has been filtered out
DEBUG 2026-09-03 09:50:56 y_server.py:176 Receiving observations from ipv4:192.168.100.50:43068
INFO 2026-09-03 09:50:56 ort/utils.py:78 <Logger policy_server (NOTSET)> Starting receiver
DEBUG 2026-09-03 09:50:56 ort/utils.py:80 <Logger policy_server (NOTSET)> Received item
DEBUG 2026-09-03 09:50:56 ort/utils.py:89 <Logger policy_server (NOTSET)> Received data at step 0
DEBUG 2026-09-03 09:50:56 ort/utils.py:80 <Logger policy_server (NOTSET)> Received item
DEBUG 2026-09-03 09:50:56 ort/utils.py:97 <Logger policy_server (NOTSET)> Received data at step end size 2766008
DEBUG 2026-09-03 09:50:56 y_server.py:186 Received observation #294
DEBUG 2026-09-03 09:50:56 y_server.py:194 Received observation #294 | Avg FPS: 18.70 | Target: 30.00 | One-way latency: -57.43ms
DEBUG 2026-09-03 09:50:56 y_server.py:201 Server timestamp: 1788396656.930940 | Client timestamp: 1788396656.988367 | Deserialization time: 0.013798s
DEBUG 2026-09-03 09:50:56 y_server.py:274 Skipping observation #294 - Timestep predicted already!
DEBUG 2026-09-03 09:50:56 y_server.py:210 Observation #294 has been filtered out
DEBUG 2026-09-03 09:50:56 y_server.py:176 Receiving observations from ipv4:192.168.100.50:43068
INFO 2026-09-03 09:50:56 ort/utils.py:78 <Logger policy_server (NOTSET)> Starting receiver
DEBUG 2026-09-03 09:50:56 ort/utils.py:80 <Logger policy_server (NOTSET)> Received item
DEBUG 2026-09-03 09:50:56 ort/utils.py:89 <Logger policy_server (NOTSET)> Received data at step 0
DEBUG 2026-09-03 09:50:56 ort/utils.py:80 <Logger policy_server (NOTSET)> Received item
DEBUG 2026-09-03 09:50:56 ort/utils.py:97 <Logger policy_server (NOTSET)> Received data at step end size 2766008
DEBUG 2026-09-03 09:50:56 y_server.py:186 Received observation #294
DEBUG 2026-09-03 09:50:56 y_server.py:194 Received observation #294 | Avg FPS: 18.71 | Target: 30.00 | One-way latency: -55.85ms
DEBUG 2026-09-03 09:50:56 y_server.py:201 Server timestamp: 1788396656.976213 | Client timestamp: 1788396657.032066 | Deserialization time: 0.006802s
DEBUG 2026-09-03 09:50:56 y_server.py:274 Skipping observation #294 - Timestep predicted already!
DEBUG 2026-09-03 09:50:56 y_server.py:210 Observation #294 has been filtered out
DEBUG 2026-09-03 09:50:57 y_server.py:176 Receiving observations from ipv4:192.168.100.50:43068
INFO 2026-09-03 09:50:57 ort/utils.py:78 <Logger policy_server (NOTSET)> Starting receiver
DEBUG 2026-09-03 09:50:57 ort/utils.py:80 <Logger policy_server (NOTSET)> Received item
DEBUG 2026-09-03 09:50:57 ort/utils.py:89 <Logger policy_server (NOTSET)> Received data at step 0
DEBUG 2026-09-03 09:50:57 ort/utils.py:80 <Logger policy_server (NOTSET)> Received item
DEBUG 2026-09-03 09:50:57 ort/utils.py:97 <Logger policy_server (NOTSET)> Received data at step end size 2766008
DEBUG 2026-09-03 09:50:57 y_server.py:186 Received observation #294
DEBUG 2026-09-03 09:50:57 y_server.py:194 Received observation #294 | Avg FPS: 18.74 | Target: 30.00 | One-way latency: -57.13ms
DEBUG 2026-09-03 09:50:57 y_server.py:201 Server timestamp: 1788396657.008319 | Client timestamp: 1788396657.065446 | Deserialization time: 0.006746s
DEBUG 2026-09-03 09:50:57 y_server.py:274 Skipping observation #294 - Timestep predicted already!
DEBUG 2026-09-03 09:50:57 y_server.py:210 Observation #294 has been filtered out
DEBUG 2026-09-03 09:50:57 y_server.py:176 Receiving observations from ipv4:192.168.100.50:43068
INFO 2026-09-03 09:50:57 ort/utils.py:78 <Logger policy_server (NOTSET)> Starting receiver
DEBUG 2026-09-03 09:50:57 ort/utils.py:80 <Logger policy_server (NOTSET)> Received item
DEBUG 2026-09-03 09:50:57 ort/utils.py:89 <Logger policy_server (NOTSET)> Received data at step 0
DEBUG 2026-09-03 09:50:57 ort/utils.py:80 <Logger policy_server (NOTSET)> Received item
DEBUG 2026-09-03 09:50:57 ort/utils.py:97 <Logger policy_server (NOTSET)> Received data at step end size 2766008
DEBUG 2026-09-03 09:50:57 y_server.py:186 Received observation #294
DEBUG 2026-09-03 09:50:57 y_server.py:194 Received observation #294 | Avg FPS: 18.76 | Target: 30.00 | One-way latency: -57.47ms
DEBUG 2026-09-03 09:50:57 y_server.py:201 Server timestamp: 1788396657.042300 | Client timestamp: 1788396657.099774 | Deserialization time: 0.006537s
DEBUG 2026-09-03 09:50:57 y_server.py:274 Skipping observation #294 - Timestep predicted already!
DEBUG 2026-09-03 09:50:57 y_server.py:210 Observation #294 has been filtered out
DEBUG 2026-09-03 09:50:57 y_server.py:176 Receiving observations from ipv4:192.168.100.50:43068
INFO 2026-09-03 09:50:57 ort/utils.py:78 <Logger policy_server (NOTSET)> Starting receiver
DEBUG 2026-09-03 09:50:57 ort/utils.py:80 <Logger policy_server (NOTSET)> Received item
DEBUG 2026-09-03 09:50:57 ort/utils.py:89 <Logger policy_server (NOTSET)> Received data at step 0
DEBUG 2026-09-03 09:50:57 ort/utils.py:80 <Logger policy_server (NOTSET)> Received item
DEBUG 2026-09-03 09:50:57 ort/utils.py:97 <Logger policy_server (NOTSET)> Received data at step end size 2766008
DEBUG 2026-09-03 09:50:57 y_server.py:186 Received observation #294
DEBUG 2026-09-03 09:50:57 y_server.py:194 Received observation #294 | Avg FPS: 18.79 | Target: 30.00 | One-way latency: -57.61ms
DEBUG 2026-09-03 09:50:57 y_server.py:201 Server timestamp: 1788396657.075612 | Client timestamp: 1788396657.133218 | Deserialization time: 0.006909s
DEBUG 2026-09-03 09:50:57 y_server.py:274 Skipping observation #294 - Timestep predicted already!
DEBUG 2026-09-03 09:50:57 y_server.py:210 Observation #294 has been filtered out
DEBUG 2026-09-03 09:50:57 y_server.py:176 Receiving observations from ipv4:192.168.100.50:43068
INFO 2026-09-03 09:50:57 ort/utils.py:78 <Logger policy_server (NOTSET)> Starting receiver
DEBUG 2026-09-03 09:50:57 ort/utils.py:80 <Logger policy_server (NOTSET)> Received item
DEBUG 2026-09-03 09:50:57 ort/utils.py:89 <Logger policy_server (NOTSET)> Received data at step 0
DEBUG 2026-09-03 09:50:57 ort/utils.py:80 <Logger policy_server (NOTSET)> Received item
DEBUG 2026-09-03 09:50:57 ort/utils.py:97 <Logger policy_server (NOTSET)> Received data at step end size 2766008
DEBUG 2026-09-03 09:50:57 y_server.py:186 Received observation #294
DEBUG 2026-09-03 09:50:57 y_server.py:194 Received observation #294 | Avg FPS: 18.81 | Target: 30.00 | One-way latency: -57.10ms
DEBUG 2026-09-03 09:50:57 y_server.py:201 Server timestamp: 1788396657.110511 | Client timestamp: 1788396657.167614 | Deserialization time: 0.008173s
DEBUG 2026-09-03 09:50:57 y_server.py:274 Skipping observation #294 - Timestep predicted already!
DEBUG 2026-09-03 09:50:57 y_server.py:210 Observation #294 has been filtered out
DEBUG 2026-09-03 09:50:57 y_server.py:176 Receiving observations from ipv4:192.168.100.50:43068
INFO 2026-09-03 09:50:57 ort/utils.py:78 <Logger policy_server (NOTSET)> Starting receiver
DEBUG 2026-09-03 09:50:57 ort/utils.py:80 <Logger policy_server (NOTSET)> Received item
DEBUG 2026-09-03 09:50:57 ort/utils.py:89 <Logger policy_server (NOTSET)> Received data at step 0
DEBUG 2026-09-03 09:50:57 ort/utils.py:80 <Logger policy_server (NOTSET)> Received item
DEBUG 2026-09-03 09:50:57 ort/utils.py:97 <Logger policy_server (NOTSET)> Received data at step end size 2766008
DEBUG 2026-09-03 09:50:57 y_server.py:186 Received observation #294
DEBUG 2026-09-03 09:50:57 y_server.py:194 Received observation #294 | Avg FPS: 18.83 | Target: 30.00 | One-way latency: -56.97ms
DEBUG 2026-09-03 09:50:57 y_server.py:201 Server timestamp: 1788396657.144014 | Client timestamp: 1788396657.200979 | Deserialization time: 0.005904s
DEBUG 2026-09-03 09:50:57 y_server.py:274 Skipping observation #294 - Timestep predicted already!
DEBUG 2026-09-03 09:50:57 y_server.py:210 Observation #294 has been filtered out
DEBUG 2026-09-03 09:50:57 y_server.py:176 Receiving observations from ipv4:192.168.100.50:43068
INFO 2026-09-03 09:50:57 ort/utils.py:78 <Logger policy_server (NOTSET)> Starting receiver
DEBUG 2026-09-03 09:50:57 ort/utils.py:80 <Logger policy_server (NOTSET)> Received item
DEBUG 2026-09-03 09:50:57 ort/utils.py:89 <Logger policy_server (NOTSET)> Received data at step 0
DEBUG 2026-09-03 09:50:57 ort/utils.py:80 <Logger policy_server (NOTSET)> Received item
DEBUG 2026-09-03 09:50:57 ort/utils.py:97 <Logger policy_server (NOTSET)> Received data at step end size 2766008
DEBUG 2026-09-03 09:50:57 y_server.py:186 Received observation #294
DEBUG 2026-09-03 09:50:57 y_server.py:194 Received observation #294 | Avg FPS: 18.85 | Target: 30.00 | One-way latency: -56.15ms
DEBUG 2026-09-03 09:50:57 y_server.py:201 Server timestamp: 1788396657.187971 | Client timestamp: 1788396657.244121 | Deserialization time: 0.008353s
DEBUG 2026-09-03 09:50:57 y_server.py:274 Skipping observation #294 - Timestep predicted already!
DEBUG 2026-09-03 09:50:57 y_server.py:210 Observation #294 has been filtered out
DEBUG 2026-09-03 09:50:57 y_server.py:176 Receiving observations from ipv4:192.168.100.50:43068
INFO 2026-09-03 09:50:57 ort/utils.py:78 <Logger policy_server (NOTSET)> Starting receiver
DEBUG 2026-09-03 09:50:57 ort/utils.py:80 <Logger policy_server (NOTSET)> Received item
DEBUG 2026-09-03 09:50:57 ort/utils.py:89 <Logger policy_server (NOTSET)> Received data at step 0
DEBUG 2026-09-03 09:50:57 ort/utils.py:80 <Logger policy_server (NOTSET)> Received item
DEBUG 2026-09-03 09:50:57 ort/utils.py:97 <Logger policy_server (NOTSET)> Received data at step end size 2766008
DEBUG 2026-09-03 09:50:57 y_server.py:186 Received observation #294
DEBUG 2026-09-03 09:50:57 y_server.py:194 Received observation #294 | Avg FPS: 18.86 | Target: 30.00 | One-way latency: -57.24ms
DEBUG 2026-09-03 09:50:57 y_server.py:201 Server timestamp: 1788396657.225675 | Client timestamp: 1788396657.282912 | Deserialization time: 0.006802s
DEBUG 2026-09-03 09:50:57 y_server.py:274 Skipping observation #294 - Timestep predicted already!
DEBUG 2026-09-03 09:50:57 y_server.py:210 Observation #294 has been filtered out
DEBUG 2026-09-03 09:50:57 y_server.py:176 Receiving observations from ipv4:192.168.100.50:43068
INFO 2026-09-03 09:50:57 ort/utils.py:78 <Logger policy_server (NOTSET)> Starting receiver
DEBUG 2026-09-03 09:50:57 ort/utils.py:80 <Logger policy_server (NOTSET)> Received item
DEBUG 2026-09-03 09:50:57 ort/utils.py:89 <Logger policy_server (NOTSET)> Received data at step 0
DEBUG 2026-09-03 09:50:57 ort/utils.py:80 <Logger policy_server (NOTSET)> Received item
DEBUG 2026-09-03 09:50:57 ort/utils.py:97 <Logger policy_server (NOTSET)> Received data at step end size 2766008
DEBUG 2026-09-03 09:50:57 y_server.py:186 Received observation #294
DEBUG 2026-09-03 09:50:57 y_server.py:194 Received observation #294 | Avg FPS: 18.89 | Target: 30.00 | One-way latency: -57.31ms
DEBUG 2026-09-03 09:50:57 y_server.py:201 Server timestamp: 1788396657.259019 | Client timestamp: 1788396657.316324 | Deserialization time: 0.005524s
DEBUG 2026-09-03 09:50:57 y_server.py:274 Skipping observation #294 - Timestep predicted already!
DEBUG 2026-09-03 09:50:57 y_server.py:210 Observation #294 has been filtered out
DEBUG 2026-09-03 09:50:57 y_server.py:176 Receiving observations from ipv4:192.168.100.50:43068
INFO 2026-09-03 09:50:57 ort/utils.py:78 <Logger policy_server (NOTSET)> Starting receiver
DEBUG 2026-09-03 09:50:57 ort/utils.py:80 <Logger policy_server (NOTSET)> Received item
DEBUG 2026-09-03 09:50:57 ort/utils.py:89 <Logger policy_server (NOTSET)> Received data at step 0
DEBUG 2026-09-03 09:50:57 ort/utils.py:80 <Logger policy_server (NOTSET)> Received item
DEBUG 2026-09-03 09:50:57 ort/utils.py:97 <Logger policy_server (NOTSET)> Received data at step end size 2766008
DEBUG 2026-09-03 09:50:57 y_server.py:186 Received observation #294
DEBUG 2026-09-03 09:50:57 y_server.py:194 Received observation #294 | Avg FPS: 18.91 | Target: 30.00 | One-way latency: -55.86ms
DEBUG 2026-09-03 09:50:57 y_server.py:201 Server timestamp: 1788396657.294203 | Client timestamp: 1788396657.350062 | Deserialization time: 0.006382s
DEBUG 2026-09-03 09:50:57 y_server.py:274 Skipping observation #294 - Timestep predicted already!
DEBUG 2026-09-03 09:50:57 y_server.py:210 Observation #294 has been filtered out
DEBUG 2026-09-03 09:50:57 y_server.py:176 Receiving observations from ipv4:192.168.100.50:43068
INFO 2026-09-03 09:50:57 ort/utils.py:78 <Logger policy_server (NOTSET)> Starting receiver
DEBUG 2026-09-03 09:50:57 ort/utils.py:80 <Logger policy_server (NOTSET)> Received item
DEBUG 2026-09-03 09:50:57 ort/utils.py:89 <Logger policy_server (NOTSET)> Received data at step 0
DEBUG 2026-09-03 09:50:57 ort/utils.py:80 <Logger policy_server (NOTSET)> Received item
DEBUG 2026-09-03 09:50:57 ort/utils.py:97 <Logger policy_server (NOTSET)> Received data at step end size 2766008
DEBUG 2026-09-03 09:50:57 y_server.py:186 Received observation #294
DEBUG 2026-09-03 09:50:57 y_server.py:194 Received observation #294 | Avg FPS: 18.93 | Target: 30.00 | One-way latency: -57.55ms
DEBUG 2026-09-03 09:50:57 y_server.py:201 Server timestamp: 1788396657.326846 | Client timestamp: 1788396657.384396 | Deserialization time: 0.024978s
DEBUG 2026-09-03 09:50:57 y_server.py:274 Skipping observation #294 - Timestep predicted already!
DEBUG 2026-09-03 09:50:57 y_server.py:210 Observation #294 has been filtered out
DEBUG 2026-09-03 09:50:57 y_server.py:176 Receiving observations from ipv4:192.168.100.50:43068
INFO 2026-09-03 09:50:57 ort/utils.py:78 <Logger policy_server (NOTSET)> Starting receiver
DEBUG 2026-09-03 09:50:57 ort/utils.py:80 <Logger policy_server (NOTSET)> Received item
DEBUG 2026-09-03 09:50:57 ort/utils.py:89 <Logger policy_server (NOTSET)> Received data at step 0
DEBUG 2026-09-03 09:50:57 ort/utils.py:80 <Logger policy_server (NOTSET)> Received item
DEBUG 2026-09-03 09:50:57 ort/utils.py:97 <Logger policy_server (NOTSET)> Received data at step end size 2766008
DEBUG 2026-09-03 09:50:57 y_server.py:186 Received observation #294
DEBUG 2026-09-03 09:50:57 y_server.py:194 Received observation #294 | Avg FPS: 18.96 | Target: 30.00 | One-way latency: -57.83ms
DEBUG 2026-09-03 09:50:57 y_server.py:201 Server timestamp: 1788396657.359988 | Client timestamp: 1788396657.417814 | Deserialization time: 0.006077s
DEBUG 2026-09-03 09:50:57 y_server.py:274 Skipping observation #294 - Timestep predicted already!
DEBUG 2026-09-03 09:50:57 y_server.py:210 Observation #294 has been filtered out
DEBUG 2026-09-03 09:50:57 y_server.py:176 Receiving observations from ipv4:192.168.100.50:43068
INFO 2026-09-03 09:50:57 ort/utils.py:78 <Logger policy_server (NOTSET)> Starting receiver
DEBUG 2026-09-03 09:50:57 ort/utils.py:80 <Logger policy_server (NOTSET)> Received item
DEBUG 2026-09-03 09:50:57 ort/utils.py:89 <Logger policy_server (NOTSET)> Received data at step 0
DEBUG 2026-09-03 09:50:57 ort/utils.py:80 <Logger policy_server (NOTSET)> Received item
DEBUG 2026-09-03 09:50:57 ort/utils.py:97 <Logger policy_server (NOTSET)> Received data at step end size 2766008
DEBUG 2026-09-03 09:50:57 y_server.py:186 Received observation #294
DEBUG 2026-09-03 09:50:57 y_server.py:194 Received observation #294 | Avg FPS: 18.98 | Target: 30.00 | One-way latency: -57.43ms
DEBUG 2026-09-03 09:50:57 y_server.py:201 Server timestamp: 1788396657.393966 | Client timestamp: 1788396657.451401 | Deserialization time: 0.007501s
DEBUG 2026-09-03 09:50:57 y_server.py:274 Skipping observation #294 - Timestep predicted already!
DEBUG 2026-09-03 09:50:57 y_server.py:210 Observation #294 has been filtered out
INFO 2026-09-03 09:50:57 y_server.py:359 Preprocessing and inference took 0.6138s, action shape: torch.Size([1, 50, 24])
DEBUG 2026-09-03 09:50:57 y_server.py:380 Postprocessed action shape: torch.Size([50, 24])
INFO 2026-09-03 09:50:57 y_server.py:391 Observation 294 | Total time: 626.32ms
DEBUG 2026-09-03 09:50:57 y_server.py:396 Observation 294 | Prepare time: 7.27ms | Preprocessing time: 1.82ms | Inference time: 613.80ms | Postprocessing time: 3.21ms | Total time: 626.32ms
INFO 2026-09-03 09:50:57 y_server.py:242 Action chunk #294 generated | Total time: 629.20ms
DEBUG 2026-09-03 09:50:57 y_server.py:247 Action chunk #294 generated | Inference time: 0.63s |Serialize time: 0.00s |Total time: 0.63s
DEBUG 2026-09-03 09:50:57 y_server.py:176 Receiving observations from ipv4:192.168.100.50:43068
INFO 2026-09-03 09:50:57 ort/utils.py:78 <Logger policy_server (NOTSET)> Starting receiver
DEBUG 2026-09-03 09:50:57 ort/utils.py:80 <Logger policy_server (NOTSET)> Received item
DEBUG 2026-09-03 09:50:57 ort/utils.py:89 <Logger policy_server (NOTSET)> Received data at step 0
DEBUG 2026-09-03 09:50:57 ort/utils.py:80 <Logger policy_server (NOTSET)> Received item
DEBUG 2026-09-03 09:50:57 ort/utils.py:97 <Logger policy_server (NOTSET)> Received data at step end size 2766008
DEBUG 2026-09-03 09:50:57 y_server.py:186 Received observation #294
DEBUG 2026-09-03 09:50:57 y_server.py:194 Received observation #294 | Avg FPS: 18.99 | Target: 30.00 | One-way latency: -55.94ms
DEBUG 2026-09-03 09:50:57 y_server.py:201 Server timestamp: 1788396657.440092 | Client timestamp: 1788396657.496027 | Deserialization time: 0.008700s
DEBUG 2026-09-03 09:50:57 y_server.py:274 Skipping observation #294 - Timestep predicted already!
DEBUG 2026-09-03 09:50:57 y_server.py:210 Observation #294 has been filtered out
DEBUG 2026-09-03 09:50:57 y_server.py:218 Client ipv4:192.168.100.50:43068 connected for action streaming
DEBUG 2026-09-03 09:52:21 re/_trace.py:47 close.started
DEBUG 2026-09-03 09:52:21 re/_trace.py:47 close.complete
